OBJEKTART,UUID,NAME,MIN_E,MIN_N,MIN_Z,MAX_E,MAX_N,MAX_Z,SKIGEBIET,2005 mid,2005 bottom,2005 top,2035 mid,2035 bottom,2035 top,2060 mid,2060 bottom,2060 top,2085 mid,2085 bottom,2085 top
Skilift,{B5C9B0EA-175A-4B47-A3BB-2BAE135CCC7E},Aebi,606341,148128,1546,606414,147856,1629,Adelboden-Lenk,green,green,green,yellow,yellow,yellow,yellow,yellow,yellow,red,red,red
Sesselbahn,{E3F97945-EFD5-4EFB-B67A-A3BC159978CA},Aebi–Sillerenbühl,606211,148110,1543,606127,146772,1979,Adelboden-Lenk,green,green,green,yellow,yellow,green,yellow,yellow,yellow,red,red,yellow
Skilift,{5357C8FC-547E-44DB-B33E-A5C47C45686A},Balmen,599426,143586,1565,599314,142990,1667,Adelboden-Lenk,green,green,green,yellow,yellow,yellow,yellow,yellow,yellow,red,red,red
Sesselbahn,{54C4E901-538B-4145-89CD-301F80E69D7B},Bergläger–Höchsthorn,607300,146331,1491,608317,146339,1888,Adelboden-Lenk,green,yellow,green,yellow,yellow,yellow,yellow,yellow,yellow,red,red,red
Gondelbahn,{2B27D044-7540-467D-BF2D-72CCFD302BFB},Bergläger–Sillerenbühl,607229,146367,1496,606101,146721,1977,Adelboden-Lenk,green,yellow,green,yellow,yellow,yellow,yellow,yellow,yellow,red,red,red
Sesselbahn,{F1B39763-9457-410D-95D3-1F07D200F7C1},Boden–Chuenisbärgli,609086,147850,1306,608296,146862,1742,Adelboden-Lenk,green,yellow,green,yellow,yellow,yellow,yellow,red,yellow,red,red,red
Skilift,{D4810377-D69B-4846-9E5B-93139C54F739},Brenggen,604058,144347,1870,604609,144404,1972,Adelboden-Lenk,green,green,green,yellow,yellow,yellow,yellow,yellow,yellow,red,red,red
Sesselbahn,{42E08F29-701C-4D36-9CDE-CBAADB044770},Bühlberg–Hahnenmoos,602521,144449,1657,604090,144847,1983,Adelboden-Lenk,green,green,green,yellow,yellow,yellow,yellow,yellow,yellow,red,red,red
Gondelbahn,{79F2E55C-DF92-4B45-98FB-CCD5D503822F},Geils-Hahnenmoos,605708,145062,1715,604363,144668,1957,Adelboden-Lenk,green,green,green,green,yellow,green,yellow,yellow,yellow,yellow,red,yellow
Sesselbahn,{9C43748B-D5E6-44F0-B75F-96CC967BE63B},Geils-Lavey,605754,145137,1716,604310,145685,2200,Adelboden-Lenk,green,green,green,yellow,yellow,green,yellow,yellow,green,red,red,yellow
Sesselbahn,{CCB30EA8-76F3-42F8-AE44-85FD9F58948D},Geils-Luegli,605753,145003,1713,605304,143295,2143,Adelboden-Lenk,green,green,green,green,yellow,green,yellow,yellow,green,yellow,red,yellow
Skilift,{3428A5D6-DBB6-442A-B800-831AD5E00F38},Guetfläck,603676,142906,1814,604605,143369,2107,Adelboden-Lenk,green,green,green,yellow,yellow,green,yellow,yellow,yellow,red,red,yellow
Skilift,{8DE920A9-0BAD-433F-8874-8DA04CB416F8},Hasler,597702,143307,1761,597998,142571,1930,Adelboden-Lenk,green,green,green,green,yellow,green,yellow,yellow,yellow,yellow,red,yellow
Skilift,{E7963CB9-797C-4B7D-8885-DFD537A4B53C},Leiterli,597833,142306,1909,597560,141639,2007,Adelboden-Lenk,green,green,green,green,green,green,yellow,yellow,green,yellow,yellow,yellow
Sesselbahn,{446A044B-02E9-4606-8017-56CCA7DFD4AA},Metschstand,602826,144000,1665,604334,143680,2105,Adelboden-Lenk,green,green,green,green,yellow,green,yellow,yellow,green,yellow,red,yellow
Sesselbahn,{AE45D4BF-D250-4429-93F0-EF92ED4B5A3F},Möser-Tschentenegg,608472,150634,1630,608319,149814,1936,Adelboden-Lenk,green,green,green,yellow,yellow,green,yellow,yellow,yellow,red,red,yellow
Skilift,{4FAD9852-619F-44EF-9892-79199CE0D7AC},Stand,605276,146605,1826,604944,146002,2094,Adelboden-Lenk,green,green,green,green,green,green,yellow,yellow,green,yellow,yellow,yellow
Gondelbahn,{D8142D6A-4804-4CA4-81DC-D31365771EA1},Stoss-Leiterli,599253,143239,1642,597738,141962,1949,Adelboden-Lenk,green,green,green,yellow,yellow,green,yellow,yellow,yellow,red,red,yellow
Skilift,{245CA58E-2CB2-4085-87E0-48EDE8480D1B},Tanzboden,605843,146571,1934,606062,146698,1978,Adelboden-Lenk,green,green,green,yellow,yellow,yellow,yellow,yellow,yellow,red,red,red
Skilift,{9D05F754-B069-404B-B89F-B29B3C875774},TschentenAlp,608198,150578,1659,608138,149676,1964,Adelboden-Lenk,green,green,green,green,yellow,green,yellow,yellow,yellow,yellow,red,yellow
Sesselbahn,{0AADBD78-CE53-4F3E-AA40-59D635A18BB7},Wallegg-Mülkerblatten,598117,143993,1591,598061,142566,1938,Adelboden-Lenk,green,green,green,yellow,yellow,green,yellow,yellow,yellow,red,red,yellow
Luftseilbahn,{96B2AB08-8BB2-46E7-9354-FB1ADE2AC085},Dorf-Oey,609351,148531,1268,609060,148790,1352,Adelboden-Lenk,yellow,yellow,yellow,yellow,yellow,yellow,red,red,red,red,red,red
Skilift,{6893C394-5A94-423D-9A2F-667499952CD2},Hampy,609747,147837,1292,609975,147795,1350,Adelboden-Lenk,yellow,yellow,yellow,yellow,yellow,yellow,red,red,red,red,red,red
Luftseilbahn,{DA168364-4B7C-41DF-9BA3-E3A34991CD5B},Lenk-Metsch,601378,143329,1083,602260,143451,1483,Adelboden-Lenk,yellow,yellow,yellow,yellow,red,yellow,red,red,yellow,red,red,red
Gondelbahn,{DA0F783F-02AF-47FF-8807-90D0DB377027},Lenk-Stoss,599862,144602,1104,599253,143239,1642,Adelboden-Lenk,yellow,yellow,green,yellow,red,yellow,red,red,yellow,red,red,red
Sesselbahn,{6EA19163-6675-4ABB-98BD-AFEBBA35DB42},Lenk-Wallegg,599389,145228,1150,598117,143993,1591,Adelboden-Lenk,yellow,yellow,green,yellow,red,yellow,red,red,yellow,red,red,red
Skilift,{4F538A30-57EB-4871-B819-23FFF9D52405},Mauren,599873,145159,1099,599400,144885,1213,Adelboden-Lenk,yellow,yellow,yellow,red,red,yellow,red,red,red,red,red,red
Gondelbahn,{74ABAAB7-BDDA-4362-B853-1419BFB1C842},Oey-Bergläger,609337,148511,1268,607242,146384,1496,Adelboden-Lenk,yellow,yellow,green,yellow,yellow,yellow,red,red,yellow,red,red,red
Gondelbahn,{8573162F-AE8C-4AE9-8ED8-BD011B592974},Stand-Xpress,601451,143423,1079,604285,143641,2101,Adelboden-Lenk,yellow,yellow,green,yellow,red,green,yellow,red,yellow,red,red,yellow
Skilift,{35DA0FC3-37EA-4759-90B0-11606DCA2D04},Aeschiallmend,622418,166598,929,622649,165958,1153,Aeschi–Aeschiried,yellow,red,yellow,red,red,red,red,red,red,red,red,red
Skilift,{22D900D9-288D-4F3D-9561-3AF5F5939BAD},Spitz,622767,165934,1146,623371,165339,1390,Aeschi–Aeschiried,yellow,yellow,yellow,yellow,red,yellow,red,red,red,red,red,red
Luftseilbahn,{63B678AB-4EDF-4323-A6A8-42F0EC0530D4},Airolo–Pesciüm,689281,153191,1181,689737,152123,1747,Airolo,green,yellow,green,yellow,red,yellow,yellow,red,yellow,red,red,red
Skilift,{C97C6DED-7BFD-458A-9DE0-E1D63AF8B906},Pesciüm,689611,152096,1748,689379,151815,1805,Airolo,green,green,green,yellow,yellow,green,yellow,yellow,yellow,red,red,yellow
Skilift,{22AF014C-3839-4B29-AB01-9321582592CE},Pesciüm–Comascnè,689725,152029,1726,688530,151228,2094,Airolo,green,green,green,green,yellow,green,yellow,yellow,green,yellow,red,yellow
Luftseilbahn,{286BB6A8-E6AB-4B61-8D48-708E9F06D1E8},Pesciüm–Sasso della Boggia,689738,152120,1747,690029,151454,2072,Airolo,green,green,green,green,yellow,green,yellow,yellow,green,yellow,red,yellow
Skilift,{9CD35F08-2786-4F1E-9D16-6078548596A6},Ravina–Cassinello,690978,151501,1761,690249,151606,1981,Airolo,green,green,green,yellow,yellow,yellow,yellow,yellow,yellow,red,red,red
Sesselbahn,{A5602F52-D90A-4F03-A661-F50FE2542E2E},Ravina–Varozzei,690977,151473,1761,689916,150770,2257,Airolo,green,green,green,green,yellow,green,green,yellow,green,yellow,red,yellow
Skilift,{29F39D52-3BA0-4837-8341-C5B994F3F23D},Alpenrose I,645927,136721,1904,645770,136809,1935,Aletsch Arena,green,green,green,yellow,yellow,yellow,yellow,yellow,yellow,red,red,red
Skilift,{BEE602F9-71D1-4B80-9C37-465F7AC3335B},Alpenrose II,645929,136725,1903,645773,136813,1935,Aletsch Arena,green,green,green,yellow,yellow,yellow,yellow,yellow,yellow,red,red,red
Skilift,{F965F055-F333-495D-B710-D6809E1202ED},Alpmatten I,648146,137731,1868,648264,137994,1957,Aletsch Arena,green,green,green,yellow,yellow,yellow,yellow,yellow,yellow,red,red,red
Skilift,{57B68746-5CD3-4D03-AD77-8F0671BDC6C4},Alpmatten II,648152,137732,1868,648268,137992,1957,Aletsch Arena,green,green,green,yellow,yellow,yellow,yellow,yellow,yellow,red,red,red
Gondelbahn,{4E153817-0E5E-4A5D-B80E-C233AA57AA3E},Bettmeralp–Bettmerhorn,648130,138069,1990,649096,140081,2651,Aletsch Arena,green,green,green,green,yellow,green,green,yellow,green,yellow,red,green
Sesselbahn,{9DA83D56-334A-40B3-9FBA-AD14487B10EA},Bettmeralp–Schönbiel,648349,137992,1958,649259,139345,2298,Aletsch Arena,green,green,green,green,yellow,green,yellow,yellow,green,yellow,red,yellow
Sesselbahn,{6EDCB322-9EC0-4E7C-A567-13C9E1A3F644},Blausee,647619,137510,1941,646674,137900,2214,Aletsch Arena,green,green,green,green,yellow,green,yellow,yellow,green,yellow,red,yellow
Luftseilbahn,{B22CDBD9-39F7-42A5-BA91-251561F9CE19},Fiesch–Fiescheralp,653670,139536,1068,651106,140395,2220,Aletsch Arena,green,yellow,green,yellow,red,green,yellow,red,green,red,red,yellow
Luftseilbahn,{8DEBE6F5-EE5D-4976-A6D5-1263084F6EB6},Fiesch–Fiescheralp,653679,139556,1072,651112,140417,2214,Aletsch Arena,green,yellow,green,yellow,red,green,yellow,red,green,red,red,yellow
Luftseilbahn,{2F53AD64-FC49-4773-8D2C-95CE3C746E70},Fiescheralp–Eggishorn,651093,140406,2223,650333,141959,2873,Aletsch Arena,green,green,green,green,green,green,green,green,green,yellow,yellow,green
Sesselbahn,{8DB04E22-6E5F-414D-8AEC-83DFCDCFC0E9},Flesch,651077,140470,2209,650113,141310,2631,Aletsch Arena,green,green,green,green,green,green,green,green,green,yellow,yellow,green
Skilift,{D2910FF0-1AA1-4AE9-A2D5-2657D16F254B},Golmenegg,646406,136919,1924,647030,137465,2071,Aletsch Arena,green,green,green,yellow,yellow,green,yellow,yellow,yellow,red,red,yellow
Sesselbahn,{4F4BFCBB-7C7B-4D7F-8519-2ED8CE70F313},Heimatt,652329,140681,1848,651289,140830,2302,Aletsch Arena,green,green,green,green,yellow,green,yellow,yellow,green,yellow,red,yellow
Sesselbahn,{F6D6A5F5-F615-408A-B1C0-489E2E312843},Hohfluh,645262,136426,1929,645325,137367,2222,Aletsch Arena,green,green,green,green,yellow,green,yellow,yellow,green,yellow,red,yellow
Skilift,{8657AE6B-7621-453A-A518-C74CDA14320C},Läger I,647645,137764,1980,647631,138000,2042,Aletsch Arena,green,green,green,green,yellow,green,yellow,yellow,yellow,yellow,red,yellow
Skilift,{1D20D9FE-4CF0-4049-839B-3804C068F9B4},Läger II,647645,137758,1980,647485,137887,2031,Aletsch Arena,green,green,green,green,yellow,green,yellow,yellow,yellow,yellow,red,yellow
Skilift,{D1835A78-BC87-428C-9665-1BBA594E69B9},Laxeralp I,650964,139667,2139,650524,139499,2182,Aletsch Arena,green,green,green,green,green,green,green,green,green,yellow,yellow,yellow
Skilift,{2AEC98DB-BBBB-446B-B765-287ABC5A20DF},Laxeralp II,650566,139531,2179,650283,139925,2288,Aletsch Arena,green,green,green,green,green,green,green,yellow,green,yellow,yellow,yellow
Gondelbahn,{415D8B18-05E9-4AF4-A3FF-669446C8D5F8},Moosfluh,646254,136855,1890,646888,138452,2340,Aletsch Arena,green,green,green,green,yellow,green,yellow,yellow,green,yellow,red,yellow
Sesselbahn,{16BCEB91-6EDB-473F-B2BC-8D263D555973},Riederfurka,645037,136150,1880,644387,136097,2122,Aletsch Arena,green,green,green,green,green,green,green,yellow,green,yellow,yellow,yellow
Skilift,{D3BC2E21-9122-47CA-AEE6-1E541AE3D80C},Schweibe,647255,137131,1925,647037,137559,2076,Aletsch Arena,green,green,green,green,yellow,green,yellow,yellow,yellow,yellow,red,yellow
Sesselbahn,{BA8092E0-1CC7-4903-A353-CD6168100978},Talegga,651103,140484,2210,650624,142130,2729,Aletsch Arena,green,green,green,green,green,green,green,green,green,yellow,yellow,green
Skilift,{9609E069-77C2-48A2-81BF-3883A56488F6},Tanzbode,648002,138020,1984,647776,137974,2019,Aletsch Arena,green,green,green,green,green,green,green,yellow,green,yellow,yellow,yellow
Skilift,{42F22B2D-C741-4B1F-A32A-4C1428AA628A},Trainer,647657,137764,1980,647693,137994,2034,Aletsch Arena,green,green,green,green,yellow,green,yellow,yellow,yellow,yellow,red,yellow
Skilift,{2315A1CB-75AB-40F7-B05F-D61C912D6E4D},Trainerlift I,650891,140214,2212,650890,140487,2268,Aletsch Arena,green,green,green,green,green,green,green,green,green,yellow,yellow,yellow
Skilift,{7943C816-BEE5-4151-A772-767067A548D4},Trainerlift II,650896,140213,2212,650895,140487,2268,Aletsch Arena,green,green,green,green,green,green,green,green,green,yellow,yellow,yellow
Sesselbahn,{DDD4666D-BBBB-48B8-8CC4-65D4E059A233},Wurzenbord,648398,138024,1967,649248,138598,2225,Aletsch Arena,green,green,green,green,yellow,green,yellow,yellow,green,yellow,red,yellow
Sesselbahn,{84EED2BC-2190-4F5C-9F6B-8A88D9BC0C43},Arven,732035,223207,1245,731924,223796,1357,Amden,yellow,yellow,yellow,yellow,yellow,yellow,red,red,red,red,red,red
Skilift,{C8F4A615-D5C0-4CA3-9938-D6FDD9DBD26B},Bärenfall,729952,224836,1261,729615,225906,1654,Amden,yellow,yellow,green,yellow,yellow,yellow,yellow,red,yellow,red,red,red
Skilift,{D282EC2F-DA59-4AD1-96F9-9CF57587210C},Leistkamm,732022,222924,1233,732816,222986,1370,Amden,yellow,yellow,yellow,yellow,yellow,yellow,red,red,red,red,red,red
Sesselbahn,{DBA84CB8-B148-4DCF-990F-ACDBA9F5CF96},Mattstock,729277,223509,938,729481,224824,1296,Amden,yellow,red,yellow,red,red,yellow,red,red,red,red,red,red
Skilift,{31CA237A-C768-4622-A8C0-04CB82541637},Sell,731028,223787,1163,731538,223706,1350,Amden,yellow,yellow,yellow,yellow,red,yellow,red,red,red,red,red,red
Luftseilbahn,{CC1B9054-5CCC-4BD1-9D76-5C360CF9CDDB},Andermatt-Gurschen,688302,165236,1444,688829,163673,2221,Andermatt-Sedrun,green,green,green,green,yellow,green,yellow,yellow,green,yellow,red,yellow
Gondelbahn,{C73AF555-282E-4022-B699-7E4709268935},Andermatt-Nätschen-Gütsch,688567,165824,1441,690520,167902,2366,Andermatt-Sedrun,green,yellow,green,yellow,yellow,green,yellow,yellow,green,red,red,yellow
Sesselbahn,{42AEB0BF-1075-4F8C-ADFD-F72617CE63E5},Dieni-Milez,699866,169489,1452,697941,169200,1881,Andermatt-Sedrun,green,green,green,yellow,yellow,green,yellow,yellow,yellow,red,red,yellow
Luftseilbahn,{4C85AA77-188F-4492-B0BB-E2A7EFB9216D},Gurschen-Gemsstock,688846,163676,2220,689873,161892,2958,Andermatt-Sedrun,green,green,green,green,green,green,green,green,green,green,yellow,green
Sesselbahn,{9ECA33A3-9BCD-43A0-BCD9-7D6478B0BE86},Gurschengrat,688900,164365,2024,688736,163499,2290,Andermatt-Sedrun,green,green,green,green,green,green,green,green,green,yellow,yellow,yellow
Sesselbahn,{9AAFB035-8669-4C64-A4E9-63460995EB72},Hinterbördli-Strahlgand,691506,167906,2141,691733,168709,2408,Andermatt-Sedrun,green,green,green,green,green,green,green,yellow,green,yellow,yellow,yellow
Skilift,{1D383AD9-EC03-4D1A-A7C5-247276930C69},Lutersee,689226,164150,2031,690157,163459,2406,Andermatt-Sedrun,green,green,green,green,green,green,green,green,green,yellow,yellow,green
Sesselbahn,{15757523-E0AF-428B-B709-BD1413F25D7E},Mulinatsch-Cuolm Val,698791,169528,1660,696756,169314,2214,Andermatt-Sedrun,green,green,green,green,yellow,green,yellow,yellow,green,yellow,red,yellow
Sesselbahn,{B32CD0B8-4A61-4057-84F0-5C01CD9559E7},Oberalp-Calmut,694418,168276,2050,695310,168263,2308,Andermatt-Sedrun,green,green,green,green,green,green,green,green,green,yellow,yellow,yellow
Luftseilbahn,{E1C94CF7-53C1-47C4-8B5F-FD0A62394150},Oberalppass-Schneehühnerstock,694384,168377,2049,693138,169516,2648,Andermatt-Sedrun,green,green,green,green,green,green,green,yellow,green,yellow,yellow,green
Skilift,{51DBF3DE-F9BE-4F5D-BECC-7F20A540D558},Planatsch-Milez,698878,169155,1712,697909,169074,1880,Andermatt-Sedrun,green,green,green,yellow,yellow,green,yellow,yellow,yellow,red,red,yellow
Skilift,{47FC48B6-B3C3-4BCB-90BD-7D446097C754},Tegia Gronda,697470,168946,2018,696736,169221,2202,Andermatt-Sedrun,green,green,green,green,green,green,yellow,yellow,green,yellow,yellow,yellow
Sesselbahn,{0D96B29A-94C2-45C3-8083-A3A34AAD1559},Unterstafel-Gütsch,690995,167549,2164,690600,167902,2367,Andermatt-Sedrun,green,green,green,green,green,green,green,yellow,green,yellow,yellow,yellow
Sesselbahn,{708B4FCC-EB1A-4E4A-8F7D-5E02E34799D8},Val Val-Calmut,696011,168717,1950,695283,168330,2298,Andermatt-Sedrun,green,green,green,green,green,green,green,yellow,green,yellow,yellow,yellow
Sesselbahn,{360BB642-0C7C-428B-BEE0-F11F3D031A5A},Val Val-Cuolm Val,696037,168729,1950,696632,169045,2189,Andermatt-Sedrun,green,green,green,green,yellow,green,yellow,yellow,yellow,yellow,red,yellow
Skilift,{8AFC630A-E4C5-45CA-881C-F8EEFC1E8AA1},Valtgeva I,701707,170886,1452,701687,171464,1542,Andermatt-Sedrun,yellow,yellow,yellow,yellow,yellow,yellow,yellow,yellow,yellow,red,red,red
Skilift,{8C76E2DF-EB97-4EE9-9F0F-024A9A58B528},Valtgeva III (Strem),701462,170964,1454,701614,171362,1518,Andermatt-Sedrun,yellow,yellow,yellow,yellow,yellow,yellow,yellow,yellow,yellow,red,red,red
Gondelbahn,{8BB5C018-93E5-4FC2-AAB6-40B321FB8883},Anzère-Pas de Maimbré,596621,127114,1554,595931,128979,2366,Anzère,green,yellow,green,yellow,yellow,green,yellow,yellow,green,red,red,yellow
Skilift,{E64E666A-836B-473E-A2D0-6033B202FBE3},Cuvette,596024,129188,2338,595920,129140,2367,Anzère,green,green,green,green,green,green,green,green,green,yellow,yellow,yellow
Sesselbahn,{33416AD5-6C69-4471-8887-7AA6DA47C2DB},Duez-Le Bâté,597072,129579,2114,597227,130580,2415,Anzère,green,green,green,green,green,green,green,yellow,green,yellow,yellow,yellow
Sesselbahn,{9FB536F0-5AED-4328-8233-D3DEE03CE2A0},Grillesse,597972,128669,1693,596969,129846,2194,Anzère,green,green,green,yellow,yellow,green,yellow,yellow,yellow,red,red,yellow
Skilift,{42B1CA9C-BF5D-4D9A-97C4-18537FA3E876},La Combe,596893,129517,2099,595919,129287,2378,Anzère,green,green,green,green,green,green,green,green,green,yellow,yellow,yellow
Skilift,{86017997-8BE9-40F8-B335-B7DB2F0D9180},Les Luis,597035,128479,1895,595917,128818,2311,Anzère,green,green,green,green,yellow,green,yellow,yellow,green,yellow,red,yellow
Sesselbahn,{C0DD74DA-3F1D-4C0E-AA88-7E667F6CCBA3},Les Rousses-Le Baté,599850,131249,1777,597230,130591,2418,Anzère,green,green,green,green,yellow,green,green,yellow,green,yellow,red,green
Skilift,{23C2DC78-33B1-4A87-AF8D-D88873B4F1D5},Tsalan,597310,128662,1892,596488,129356,2222,Anzère,green,green,green,green,yellow,green,yellow,yellow,green,yellow,red,yellow
Skilift,{7983C6A0-74F9-4A40-8C8F-4DFDC7025238},Tsalan Ecole,597050,128652,1946,596896,128800,1986,Anzère,green,green,green,yellow,yellow,yellow,yellow,yellow,yellow,red,red,red
Skilift,{ADCADC60-E184-4444-A7FE-0EE1CF06E12C},Turin,595682,128938,2258,595903,129250,2377,Anzère,green,green,green,green,green,green,green,green,green,yellow,yellow,yellow
Skilift,{12969749-FAB7-4CBD-86BA-DB8C8CE85E7A},Fontanesses 1,603256,96673,1987,601360,96210,2470,Arolla,green,green,green,green,green,green,green,yellow,green,yellow,yellow,green
Skilift,{4E9C7AC3-F090-43F1-B97D-B5582D006452},Fontanesses 2,603286,96520,1995,602649,96501,2183,Arolla,green,green,green,green,green,green,green,yellow,green,yellow,yellow,yellow
Skilift,{EF7152E6-2BA9-4A2D-8978-0F204881ECEA},Fontanesses 3,601305,96094,2463,600901,97546,2880,Arolla,green,green,green,green,green,green,green,green,green,green,yellow,green
Skilift,{4990130D-658A-429D-B863-D009745166D2},Gitza,603148,97317,2079,602565,97322,2323,Arolla,green,green,green,green,green,green,green,yellow,green,yellow,yellow,yellow
Luftseilbahn,{F7AFFB5A-5173-4957-B054-BEC0DF905C30},Les Follisses,603459,96196,1992,602729,95753,2395,Arolla,green,green,green,green,green,green,green,yellow,green,yellow,yellow,yellow
Skilift,{B18E44BA-956B-4F22-BF78-2FE06C53E6B0},Remointze,602063,96397,2370,601708,96897,2581,Arolla,green,green,green,green,green,green,green,green,green,yellow,yellow,yellow
Skilift,{41385F2F-571E-4A40-9EEF-D3CC39AC1FB3},Torrent,603260,96681,1988,603081,96641,2030,Arolla,green,green,green,green,green,green,green,yellow,green,yellow,yellow,yellow
Sesselbahn,{F6A4EACF-F82C-4991-9D8E-88FC9024326B},Brüggerhorn,769828,184149,2018,768846,184926,2447,Arosa-Lenzerheide,green,green,green,green,green,green,green,yellow,green,yellow,yellow,yellow
Sesselbahn,{C2998972-0422-44D5-9E0B-D3B8406C0B56},Carmenna,769579,183210,1907,767749,184052,2518,Arosa-Lenzerheide,green,green,green,green,yellow,green,green,yellow,green,yellow,red,yellow
Sesselbahn,{C63013D8-F15B-4346-B0E4-F186C911E1D1},Hörnli,767756,182325,2152,766694,181812,2499,Arosa-Lenzerheide,green,green,green,green,green,green,green,green,green,yellow,yellow,green
Gondelbahn,{C7EA9B1B-E433-437E-8C48-44A25698D08A},Hörnli Express,769594,182568,1834,766693,181865,2501,Arosa-Lenzerheide,green,green,green,green,green,green,green,yellow,green,yellow,yellow,green
Gondelbahn,{CC6B92E7-6A8A-4B68-B82D-8A521E3ED641},Kulm,769902,183109,1851,769924,183647,2054,Arosa-Lenzerheide,green,green,green,yellow,yellow,green,yellow,yellow,yellow,red,red,yellow
Sesselbahn,{CC05F150-D12E-4EF6-8155-3B041EF1B8C7},Plattenhorn,768820,182833,2008,767410,182904,2312,Arosa-Lenzerheide,green,green,green,green,green,green,yellow,yellow,green,yellow,yellow,yellow
Skilift,{A32ADD79-A7C8-4E37-AD6F-7DB910DFD19A},Prätschli,770666,184527,1903,770352,184542,1945,Arosa-Lenzerheide,green,green,green,yellow,yellow,yellow,yellow,yellow,yellow,red,red,red
Skilift,{374AD050-8CC5-4903-9B83-5F0D9D8F7B43},Ried,769598,183578,1963,769762,183917,2023,Arosa-Lenzerheide,green,green,green,yellow,yellow,green,yellow,yellow,yellow,red,red,yellow
Skilift,{1912FB0E-315F-44F4-80E6-A5407BD21ED2},Tomeli,770289,184361,1922,769953,183750,2054,Arosa-Lenzerheide,green,green,green,green,green,green,yellow,yellow,green,yellow,yellow,yellow
Sesselbahn,{3F367343-16FD-4614-851C-976C7F70B172},Tschuggen-Ost,771002,183750,1752,770130,183719,2051,Arosa-Lenzerheide,green,green,green,green,yellow,green,yellow,yellow,green,yellow,red,yellow
Skilift,{29F5EFE8-BD3B-4E1E-A51C-40BB28869B3B},Tschuggen-West,769599,183565,1963,769978,183690,2050,Arosa-Lenzerheide,green,green,green,green,yellow,green,yellow,yellow,yellow,yellow,red,yellow
Luftseilbahn,{7E677CE5-08A1-4634-AB4D-27C014CA5CD3},Weisshorn 1.Sektion,771021,183820,1758,769859,184086,2020,Arosa-Lenzerheide,green,green,green,yellow,yellow,green,yellow,yellow,yellow,red,red,yellow
Luftseilbahn,{5B13EDBE-14B1-4847-B4E2-728657A3CDC1},Weisshorn 2.Sektion,769836,184113,2022,768001,184368,2645,Arosa-Lenzerheide,green,green,green,green,green,green,green,yellow,green,yellow,yellow,green
Skilift,{97C4421F-9A00-4786-88B7-F5346EF55DF6},Crappa Grossa,763144,179019,1910,763565,179221,2066,Arosa-Lenzerheide,green,green,green,yellow,yellow,green,yellow,yellow,yellow,red,red,yellow
Skilift,{C9E7974F-E971-4EC4-95C4-617AB2F82A3D},Crestas,761736,176726,1450,761118,176475,1593,Arosa-Lenzerheide,green,green,green,yellow,yellow,yellow,yellow,yellow,yellow,red,red,red
Sesselbahn,{555809EE-A705-49E1-9539-AC0D95A4A05A},Cumascheals,760415,179684,1748,758866,179658,2287,Arosa-Lenzerheide,green,green,green,green,yellow,green,green,yellow,green,yellow,red,yellow
Skilift,{601756A9-C6D7-4493-B606-75AC386724ED},"Fadail, linke Spur",761101,177935,1490,760916,177610,1549,Arosa-Lenzerheide,green,green,green,yellow,yellow,yellow,yellow,yellow,yellow,red,red,red
Skilift,{0271052A-7BA1-40D6-95FC-1A5EA2FF5D39},"Fadail, rechte Spur",761098,177945,1490,760911,177613,1549,Arosa-Lenzerheide,green,green,green,yellow,yellow,yellow,yellow,yellow,yellow,red,red,red
Skilift,{11AAC864-0C4C-4AF3-8164-96C4489A9728},Gertrud,759178,177800,1983,758274,177848,2277,Arosa-Lenzerheide,green,green,green,green,yellow,green,yellow,yellow,green,yellow,red,yellow
Gondelbahn,{AF984D89-A772-4465-A4DC-82061916EA5D},Heidbüel,760586,182816,1248,759880,181434,1935,Arosa-Lenzerheide,green,yellow,green,yellow,yellow,green,yellow,red,yellow,red,red,yellow
Sesselbahn,{8281AAA4-9B7B-4407-9B70-0565E174D3E9},Heimberg,762327,180838,1504,763619,180363,2006,Arosa-Lenzerheide,green,green,green,yellow,yellow,green,yellow,yellow,green,red,red,yellow
Sesselbahn,{CF00C48C-9E56-49EC-BF49-EFCADF8FE96F},Motta,763620,180391,2003,764307,180952,2288,Arosa-Lenzerheide,green,green,green,green,green,green,yellow,yellow,green,yellow,yellow,yellow
Sesselbahn,{28E1F078-209B-42AB-8EA0-9F742227E381},Parpan-Obertor,761834,180589,1548,761901,180578,1558,Arosa-Lenzerheide,green,green,green,yellow,yellow,yellow,yellow,yellow,yellow,red,red,red
Sesselbahn,{6B4E0C17-7E48-4A47-B78F-FEEF20933AA2},Pedra Grossa,760638,177810,1534,759214,177865,1988,Arosa-Lenzerheide,green,yellow,green,yellow,yellow,yellow,yellow,yellow,yellow,red,red,red
Skilift,{384C4B8F-95B5-43F9-8273-BDFE2B1F3108},Proschieri,761476,180862,1495,760961,180674,1693,Arosa-Lenzerheide,green,green,green,yellow,yellow,yellow,yellow,yellow,yellow,red,red,red
Gondelbahn,{5E6E38A3-454A-4BAE-9058-F43BC7AA774F},Rothorn 1,761844,178742,1500,763038,179052,1906,Arosa-Lenzerheide,green,yellow,green,yellow,yellow,yellow,yellow,yellow,yellow,red,red,red
Luftseilbahn,{E3F30F2E-D835-4EEA-A0A9-383EB068D213},Rothorn 2,763102,179053,1910,764944,179097,2863,Arosa-Lenzerheide,green,green,green,green,yellow,green,green,yellow,green,yellow,red,green
Sesselbahn,{6306E60C-0467-471D-B904-4B1D121226D4},Scalottas,759883,176666,1754,758413,176613,2326,Arosa-Lenzerheide,green,green,green,green,yellow,green,green,yellow,green,yellow,red,yellow
Skilift,{1EF34082-A97A-45AD-AA94-7AFBC2202563},Scharmoin,762953,179650,1837,763668,179310,2100,Arosa-Lenzerheide,green,green,green,green,green,green,yellow,yellow,green,yellow,yellow,yellow
Sesselbahn,{A8EC2179-282F-47BA-AA15-F96FC01660A0},Stätzerhorn,760808,180768,1670,758742,180210,2423,Arosa-Lenzerheide,green,green,green,green,yellow,green,green,yellow,green,yellow,red,green
Sesselbahn,{BABB1C23-D974-4667-8CBB-AFA0FCCAF439},Stätzertäli,760815,180945,1663,759157,181038,2105,Arosa-Lenzerheide,green,green,green,yellow,yellow,green,yellow,yellow,yellow,red,red,yellow
Sesselbahn,{5429648A-4B22-46C3-BB53-CCB79AC7FF11},Tgantieni,761097,177048,1524,759966,176585,1754,Arosa-Lenzerheide,green,green,green,yellow,yellow,yellow,yellow,yellow,yellow,red,red,red
Sesselbahn,{F6454B4D-A8DC-4BD7-B980-DFA9D94DD55F},Urdenfürggli,764245,181189,2266,764883,181752,2575,Arosa-Lenzerheide,green,green,green,green,green,green,green,green,green,yellow,yellow,yellow
Skilift,{6585B556-83CB-4DBD-B2FF-E70120B01127},Valbella,761447,179455,1515,760339,179959,1791,Arosa-Lenzerheide,green,yellow,green,yellow,yellow,yellow,yellow,yellow,yellow,red,red,red
Sesselbahn,{A2D37238-255A-4108-ADBF-618501D9E165},Weisshorn Speed,763037,179735,1843,764890,180720,2584,Arosa-Lenzerheide,green,green,green,green,yellow,green,green,yellow,green,yellow,red,yellow
Skilift,{2DC68BDE-2B63-4919-91F3-FFC77BFC03D9},Windegga,758908,183350,1721,757631,183523,2241,Arosa-Lenzerheide,green,green,green,yellow,yellow,green,yellow,yellow,green,red,red,yellow
Skilift,{F084763C-2918-4703-917E-342E5A3BFCFC},Dieschen,761850,177764,1500,762198,178078,1582,Arosa-Lenzerheide,yellow,yellow,yellow,yellow,yellow,yellow,yellow,yellow,yellow,red,red,red
Skilift,{F50F3769-A512-49B4-B5E2-01F36322EE87},Fastatsch,762091,179464,1516,762407,179571,1593,Arosa-Lenzerheide,yellow,yellow,yellow,yellow,yellow,yellow,yellow,yellow,yellow,red,red,red
Skilift,{C99D7B21-D03F-4DD6-B74D-D7EEE531347A},Pradafenz,760556,182874,1250,759883,183057,1342,Arosa-Lenzerheide,yellow,yellow,yellow,yellow,yellow,yellow,red,red,red,red,red,red
Sesselbahn,{65503593-77BE-432F-BBFE-56102353A330},Pradaschier,760562,182979,1250,758975,183431,1727,Arosa-Lenzerheide,yellow,yellow,green,yellow,yellow,yellow,yellow,red,yellow,red,red,red
Skilift,{5A1B6647-166D-4D41-9F51-411C2B92DD6E},Brustenegg 1,717647,238042,832,717897,237570,999,Atzmännig,red,red,red,red,red,red,red,red,red,red,red,red
Skilift,{2355F321-2AE5-4A10-A405-513B9554FC23},Brustenegg 2,717650,238025,834,717880,237590,993,Atzmännig,red,red,red,red,red,red,red,red,red,red,red,red
Skilift,{8C23DF61-8E51-49CD-AEDB-8EDB986400C4},Übungslift Au,717458,238047,827,717551,237866,863,Atzmännig,red,red,red,red,red,red,red,red,red,red,red,red
Skilift,{B9046C47-D233-4935-9114-BEC623E27ED2},Atzmännig,717831,238246,833,718879,237644,1186,Atzmännig,yellow,red,yellow,red,red,red,red,red,red,red,red,red
Sesselbahn,{78BAD424-6E42-46E2-9D87-F0CD125829E4},Schutt-Atzmännig,717894,238337,838,718940,237687,1197,Atzmännig,yellow,red,yellow,red,red,red,red,red,red,red,red,red
Skilift,{3F70CD1A-380D-4F2E-A7D4-A896EDCC61E7},Cavetta,762512,146006,1988,763028,145842,2144,Avers,green,green,green,green,green,green,green,yellow,green,yellow,yellow,yellow
Skilift,{72066673-E053-4F88-A8CB-E6400E335531},Pony,762334,146390,1983,762422,146486,2019,Avers,green,green,green,green,yellow,green,yellow,yellow,yellow,yellow,red,yellow
Skilift,{875A0088-5D5B-4B94-9900-AE0952ABA8CF},Tscheischa,761920,146608,1986,761149,145482,2543,Avers,green,green,green,green,green,green,green,yellow,green,yellow,yellow,green
Skilift,{66CE7515-EB2D-4515-9CE8-6031C9E8BE91},Bödeli,607194,234915,1084,607017,234439,1224,Balmberg,yellow,yellow,yellow,red,red,yellow,red,red,red,red,red,red
Skilift,{ECB3E60C-DF0D-43F6-B3C8-60C0B49849CC},Kähle,607501,234682,1072,606973,234181,1272,Balmberg,yellow,yellow,yellow,red,red,yellow,red,red,red,red,red,red
Skilift,{84600835-EBC1-4063-9CD3-005416CB522F},Röti,607978,234409,946,607053,234133,1263,Balmberg,yellow,red,yellow,red,red,yellow,red,red,red,red,red,red
Skilift,{AD6C3855-CF44-43A0-A984-A10234400CE0},Vorsass-Niederhorn,625698,172272,1589,625795,173359,1949,Beatenberg,green,yellow,green,yellow,yellow,yellow,yellow,yellow,yellow,red,red,red
Luftseilbahn,{3BEFB869-C13F-4AEC-ABB6-B723EBD6E884},Beatenberg-Niederhorn,625001,171094,1131,625729,173306,1940,Beatenberg,yellow,yellow,green,yellow,red,yellow,yellow,red,yellow,red,red,red
Skilift,{2C7DA0E7-204B-4A49-BE7F-A2403644A3BB},Boden,627433,172179,1175,627419,172394,1224,Beatenberg,yellow,yellow,yellow,red,red,yellow,red,red,red,red,red,red
Skilift,{570938C9-60FF-4B22-B0A5-288A7F530F68},Hohwald,628861,172707,1298,629485,173851,1609,Beatenberg,yellow,yellow,green,yellow,yellow,yellow,yellow,red,yellow,red,red,red
Skilift,{F3F24942-AB7D-4B08-AE38-20E3A9F38D88},Waldegg,628775,172272,1248,629009,172249,1314,Beatenberg,yellow,yellow,yellow,yellow,yellow,yellow,red,red,red,red,red,red
Luftseilbahn,{E22A382F-89C5-423E-839C-E5BBB2FBE02A},Blatten-Belalp,641992,134319,1340,641237,135729,2106,Belalp,green,yellow,green,yellow,yellow,green,yellow,red,yellow,red,red,yellow
Gondelbahn,{00B4D2EC-F382-41B5-9A0F-BEFBA7ABF766},Blatten-Chiematte,641969,134317,1343,640699,135518,2064,Belalp,green,yellow,green,yellow,yellow,green,yellow,red,yellow,red,red,yellow
Luftseilbahn,{46828307-7D77-47E2-92C1-082E604C2C67},Blatten-Massastaumauer,642413,135084,1457,643007,136115,1851,Belalp,green,yellow,green,yellow,yellow,yellow,yellow,yellow,yellow,red,red,red
Sesselbahn,{C10FA4A6-311A-4C9D-8C5F-C82EFD967922},Bruchegg,641466,136256,2142,641036,136591,2304,Belalp,green,green,green,green,green,green,green,yellow,green,yellow,yellow,yellow
Skilift,{4C523354-2987-4DB5-8BDA-C61367D5BC92},Färrich,642134,136670,2131,641955,136797,2208,Belalp,green,green,green,green,green,green,yellow,yellow,green,yellow,yellow,yellow
Skilift,{E39E8FF2-6582-4DB0-853A-E52508F20CC0},Hohstock,641390,138598,2671,640374,139485,3120,Belalp,green,green,green,green,green,green,green,green,green,green,green,green
Sesselbahn,{A68BD0DA-472A-4A79-B758-1E90ED13B37B},Kelchbach,640595,135479,2052,641006,136577,2305,Belalp,green,green,green,green,green,green,yellow,yellow,green,yellow,yellow,yellow
Sesselbahn,{BBE36229-7091-437B-988C-1CD3E246EDE1},Sparrhorn,641487,136320,2152,641462,138587,2680,Belalp,green,green,green,green,green,green,green,yellow,green,yellow,yellow,green
Skilift,{44DE405F-D047-4C75-84C8-FDFD86C594B1},Sparrhorngrat,641411,138558,2671,641466,139382,2883,Belalp,green,green,green,green,green,green,green,green,green,green,green,green
Skilift,{C8470FEB-36CC-4D94-AF91-A79BF006879F},Stafel,640523,135340,2041,640649,135514,2057,Belalp,green,green,green,green,green,green,yellow,yellow,yellow,yellow,yellow,yellow
Skilift,{0B5055AA-BEAE-4DE1-B98E-6FB4A6D6D9A1},Fleschen,656464,143223,1894,656027,143684,2104,Bellwald,green,green,green,yellow,yellow,green,yellow,yellow,yellow,red,red,yellow
Sesselbahn,{9B6574F7-8682-41FD-A3B0-A4ABEF37D15C},Furggulti,655915,143549,2068,655663,144843,2563,Bellwald,green,green,green,green,green,green,green,yellow,green,yellow,yellow,yellow
Skilift,{B406E224-2771-4C5D-AE78-FD71C043F4C1},Matten,655810,142960,1909,655948,143472,2041,Bellwald,green,green,green,yellow,yellow,green,yellow,yellow,yellow,red,red,yellow
Sesselbahn,{6B202A8F-0905-41D1-8492-06E64C01F763},Richenen,655547,142077,1615,655957,143598,2079,Bellwald,green,green,green,yellow,yellow,green,yellow,yellow,yellow,red,red,yellow
Sesselbahn,{A1D5E214-4936-4346-A5AE-EDC2D76B6C65},Alp Darlux,778626,166131,1982,779285,166367,2287,Bergün,green,green,green,green,yellow,green,yellow,yellow,green,yellow,red,yellow
Sesselbahn,{1F1B1044-C3E3-48A1-96B0-57CE271FA8F1},Clix-Pros da Darlux,777091,166071,1390,778581,166204,1979,Bergün,green,yellow,green,yellow,yellow,yellow,yellow,red,yellow,red,red,red
Skilift,{B1BCCEC4-DCF6-4B3A-A97E-A5A4CB2267EC},Piz Darlux,779532,166381,2268,780465,166423,2572,Bergün,green,green,green,green,green,green,green,green,green,yellow,yellow,yellow
Skilift,{1C6BA9DC-B792-41CF-9920-49F2409F883B},Tect,776639,166587,1371,776416,166357,1436,Bergün,green,yellow,green,yellow,yellow,yellow,yellow,red,yellow,red,red,red
Skilift,{5B476F25-EEC9-4B5C-93EB-F36613E02304},Zinols,776398,166658,1386,775572,166709,1559,Bergün,yellow,yellow,yellow,yellow,yellow,yellow,yellow,red,yellow,red,red,red
Skilift,{704DA5AF-B124-40E3-B057-3BADF3C1AADE},Al Cant,769079,146954,2197,768777,144957,2551,Bivio,green,green,green,green,green,green,green,green,green,yellow,yellow,green
Skilift,{E981929F-194A-4278-88E3-FFD3859D0170},Camon,769787,148685,1774,769126,147035,2203,Bivio,green,green,green,green,yellow,green,yellow,yellow,green,yellow,red,yellow
Skilift,{342208A5-CA80-4049-A66A-D1E24EAC9D02},Tua,770307,148124,1806,769213,146828,2215,Bivio,green,green,green,green,green,green,green,yellow,green,yellow,yellow,yellow
Skilift,{5A9859EB-687C-4BEC-BDFC-52836403EC91},Grossalp,680247,130226,1724,679324,130135,1978,Bosco Gurin,green,green,green,green,yellow,green,yellow,yellow,yellow,yellow,red,yellow
Skilift,{081FF490-2841-4155-917C-950FF2BC4515},Guriner Furka,679446,129965,1929,678587,130535,2233,Bosco Gurin,green,green,green,green,yellow,green,yellow,yellow,green,yellow,red,yellow
Sesselbahn,{B2448011-F6CD-4205-8E3B-5488EB5F83C1},Ritzberg,680808,129845,1487,679070,129897,1994,Bosco Gurin,green,yellow,green,yellow,yellow,yellow,yellow,yellow,yellow,red,red,red
Sesselbahn,{4D5F7F29-8AD2-4053-9047-4C236026C402},Sonnenberg,679049,129876,1988,677759,129589,2335,Bosco Gurin,green,green,green,green,green,green,green,yellow,green,yellow,yellow,yellow
Skilift,{E3291DB6-5C17-49E7-BC10-DADA008858E9},Stafla,679479,129911,1906,679029,130036,2016,Bosco Gurin,green,green,green,yellow,yellow,green,yellow,yellow,yellow,red,red,yellow
Sesselbahn,{252AAA41-72D9-4BF3-B17A-A4861C9B1F17},Bächital-Seblengrat,718796,203085,1460,718230,202133,1899,Braunwald,green,green,green,yellow,yellow,green,yellow,yellow,yellow,red,red,yellow
Gondelbahn,{7D674BC7-505A-4B16-8DFF-E6D0D8159C2D},Braunwald-Kleiner Gumen,717882,199772,1314,717670,201697,1905,Braunwald,green,yellow,green,yellow,yellow,yellow,yellow,red,yellow,red,red,red
Sesselbahn,{81F8FA6E-03D5-4B89-98C8-E029DED64D9F},Grotzenbüel-Seblengrat,718315,201002,1559,718225,202084,1899,Braunwald,green,yellow,green,yellow,yellow,yellow,yellow,yellow,yellow,red,red,red
Skilift,{D1BEE92E-819B-40F9-91BA-72823548CE7B},Gumen,717512,201273,1746,717660,201695,1901,Braunwald,green,green,green,yellow,yellow,yellow,yellow,yellow,yellow,red,red,red
Gondelbahn,{4B9DCB3B-3BE0-4224-82F1-606D9F26EDEA},Hüttenberg-Grotzenbüel,718181,199830,1312,718414,200931,1565,Braunwald,yellow,yellow,yellow,yellow,yellow,yellow,yellow,red,yellow,red,red,red
Skilift,{8DBE9B6A-833C-4029-B73C-9C2AD7C41C33},Mattwald,719208,200886,1421,718504,201075,1576,Braunwald,yellow,yellow,yellow,yellow,yellow,yellow,yellow,yellow,yellow,red,red,red
Luftseilbahn,{3347AE15-083F-466F-8818-2CB488900203},Niederschlacht-Hüttenberg,718467,199656,1240,718194,199824,1312,Braunwald,yellow,yellow,yellow,yellow,yellow,yellow,red,red,red,red,red,red
Skilift,{DF3FDAC0-99CB-47C6-99AB-E428E862314F},Dotzweg,646205,174879,1427,645917,174170,1597,Brienz–Axalp,green,green,green,yellow,yellow,yellow,yellow,yellow,yellow,red,red,red
Skilift,{BBFBE3E0-3D35-4650-A126-9C02B4D63076},Hüttboden,645784,174618,1502,645641,174048,1607,Brienz–Axalp,green,green,green,yellow,yellow,yellow,yellow,yellow,yellow,red,red,red
Skilift,{A0F77978-E8D3-4B00-AE47-C5886CB0E20D},Tschingel,645938,173933,1700,646212,173253,1963,Brienz–Axalp,green,green,green,green,yellow,green,yellow,yellow,yellow,yellow,red,yellow
Sesselbahn,{C2D9D45F-C0A6-4A4F-AF08-950EE2E51176},Windegg,645783,174313,1545,646106,173342,1925,Brienz–Axalp,green,green,green,yellow,yellow,green,yellow,yellow,yellow,red,red,yellow
Sesselbahn,{9D3E2073-3431-482F-9C6A-8AC965CA485C},Alp Dado-Fil,725321,183776,1857,723803,185266,2396,Brigels-W'burg-Andiast,green,green,green,green,yellow,green,yellow,yellow,green,yellow,red,yellow
Sesselbahn,{B14EC8FC-8ACF-4453-9A02-58C4729F2232},Crest Falla–La Cauma,724666,182721,1670,723955,184487,2251,Brigels-W'burg-Andiast,green,green,green,yellow,yellow,green,yellow,yellow,green,red,red,yellow
Skilift,{F37E9469-D386-4281-BB20-DAECE2C21ED3},Miret,724875,184720,2062,723701,185407,2422,Brigels-W'burg-Andiast,green,green,green,green,green,green,green,yellow,green,yellow,yellow,yellow
Skilift,{2EFBB401-4689-4C85-B90E-54BAFF7EAE85},Parli-Alp Dado,725818,183207,1658,725189,183763,1870,Brigels-W'burg-Andiast,green,green,green,yellow,yellow,yellow,yellow,yellow,yellow,red,red,red
Sesselbahn,{B5E3004B-2BE2-4AF3-A16A-E7EDF1336C1B},Brigels–Crest Falla,724395,181364,1260,724784,182708,1669,Brigels-W'burg-Andiast,yellow,yellow,green,yellow,yellow,yellow,yellow,red,yellow,red,red,red
Sesselbahn,{B1FACCE9-F1C0-415F-A394-A50BC8B20A18},Waltensburg-Alp Dado,727016,181974,1107,725321,183825,1861,Brigels-W'burg-Andiast,yellow,yellow,green,yellow,red,yellow,yellow,red,yellow,red,red,red
Skilift,{C202ABD2-A978-43A2-923B-BACF98884E54},Chasseral,567198,218928,1097,568469,219033,1427,Bugnenets-Savagnières,yellow,yellow,yellow,yellow,red,yellow,red,red,yellow,red,red,red
Skilift,{831320ED-B2BD-4D4B-A09D-5CEB506DB982},Le Fornel,567092,218813,1085,567407,218847,1138,Bugnenets-Savagnières,yellow,yellow,yellow,red,red,red,red,red,red,red,red,red
Skilift,{EBCCF3EC-D268-4E2D-9747-D7FF7D824EDF},Le Rumont,567096,218757,1083,568280,218649,1386,Bugnenets-Savagnières,yellow,yellow,yellow,yellow,red,yellow,red,red,red,red,red,red
Skilift,{971326D8-22FA-493E-AC17-41F5697E2621},Les Pointes,567826,219307,1203,568511,219070,1425,Bugnenets-Savagnières,yellow,yellow,green,yellow,yellow,yellow,red,red,yellow,red,red,red
Skilift,{3260B42E-5A13-417B-A65C-29ADDBBD71E7},Sava I,567469,219605,1136,568783,219477,1456,Bugnenets-Savagnières,yellow,yellow,green,yellow,red,yellow,red,red,yellow,red,red,red
Skilift,{D0E33AB5-BC91-43A8-8B56-A14422E6486F},Sava II,567456,219599,1136,568782,219470,1456,Bugnenets-Savagnières,yellow,yellow,green,yellow,red,yellow,red,red,yellow,red,red,red
Skilift,{6B87283E-80D3-4A37-B1D7-B57939395497},La Chia,568424,160454,1005,568441,159408,1316,Bulle–La Chia,yellow,yellow,yellow,red,red,yellow,red,red,red,red,red,red
Skilift,{F018BE76-0A2D-4BB5-9ED8-5767810F1A9A},Bumbach-Roseggli,634532,184774,920,634083,183464,1241,Bumbach–Schangnau,yellow,red,yellow,red,red,yellow,red,red,red,red,red,red
Skilift,{784FA09E-9E8E-4471-ACF5-39E7D4FA7947},Gemeinenwängen,633966,183548,1219,633941,182977,1359,Bumbach–Schangnau,yellow,yellow,yellow,yellow,yellow,yellow,red,red,red,red,red,red
Sesselbahn,{E8F5D252-B3DE-433B-A872-FDB6E6635DF3},Brusada-Lago di Cari,705857,151163,1952,705923,152150,2285,Carì,green,green,green,green,yellow,green,yellow,yellow,green,yellow,red,yellow
Sesselbahn,{E24D3C0B-B41C-4ACE-80D7-7A9D96962134},Carì-Brusanda,705798,150137,1655,705883,151118,1955,Carì,green,green,green,yellow,yellow,yellow,yellow,yellow,yellow,red,red,red
Skilift,{6A0EBF94-3A8A-4779-9156-0EC2DDB9CE81},Pro da Lei,705843,151157,1954,705810,151869,2174,Carì,green,green,green,green,yellow,green,yellow,yellow,yellow,yellow,red,yellow
Sesselbahn,{24AF446F-FB68-4C46-BBDD-D5F002C5F7FB},La Breya 1,574290,97823,1500,574020,96732,2199,Champex-Lac,green,green,green,green,yellow,green,yellow,yellow,green,yellow,red,yellow
Sesselbahn,{ABB8AB33-3B39-4AEF-B782-41199B2BCDEA},La Breya 2,573774,97188,1972,574012,96731,2200,Champex-Lac,green,green,green,green,green,green,green,yellow,green,yellow,yellow,yellow
Skilift,{AF008E76-8796-41F2-8951-CD27518CDAA8},Lac,574748,97598,1471,574636,97434,1522,Champex-Lac,green,green,green,yellow,yellow,yellow,yellow,yellow,yellow,red,red,red
Skilift,{C514BAF8-097C-46DB-B2B8-1DFFBA3E0782},Petite Breya,574264,97776,1502,573662,97653,1686,Champex-Lac,green,green,green,yellow,yellow,yellow,yellow,yellow,yellow,red,red,red
Skilift,{17A6F53E-0AA2-4304-AA61-0235F5C5AC2A},Les Banderettes 1,582441,164344,1505,582247,163987,1597,Charmey,green,green,green,yellow,yellow,yellow,yellow,yellow,yellow,red,red,red
Skilift,{69C547C1-FB2F-448F-B8CB-4C7C80CCCDF5},Les Banderettes 2,582570,164415,1488,582315,163891,1625,Charmey,green,green,green,yellow,yellow,yellow,yellow,yellow,yellow,red,red,red
Sesselbahn,{ADB8B800-D838-40CE-A25F-E59FB1169D5F},Vounetse,583245,165353,1181,582361,163950,1622,Charmey,green,yellow,green,yellow,red,yellow,yellow,red,yellow,red,red,red
Gondelbahn,{67DE84C3-8AFB-480C-A57D-022D6EB07662},Charmey-Ganet d'Avau-Vounetse,579346,163079,875,582270,163890,1619,Charmey,yellow,red,green,yellow,red,yellow,red,red,yellow,red,red,red
Skilift,{52AB3072-BCC9-4F4A-9FF0-E72430EF33F0},Brambrüesch-Hühnerköpfe,758373,187781,1612,757526,186635,1952,Chur–Brambrüesch,green,green,green,yellow,yellow,green,yellow,yellow,yellow,red,red,yellow
Sesselbahn,{3A998996-4A53-406F-93E6-D82D944E8ED5},Hühnerköpfe-Furggabüel,757515,186637,1951,756996,185777,2175,Chur–Brambrüesch,green,green,green,green,green,green,green,yellow,green,yellow,yellow,yellow
Luftseilbahn,{A305D6B7-3540-498F-8D93-EA99940BF536},Chur–Känzeli,759172,190575,602,759178,189656,1190,Chur–Brambrüesch,red,red,yellow,red,red,red,red,red,red,red,red,red
Gondelbahn,{B5E62A87-8E90-4840-B50E-0DC97E91A8DF},Känzeli–Brambrüesch,759184,189633,1191,758530,188572,1597,Chur–Brambrüesch,yellow,yellow,green,yellow,red,yellow,red,red,yellow,red,red,red
Skilift,{80352358-6DA6-44BA-89A9-4E38F159EAD4},Trainerlift Pfäfi,758832,188290,1498,758498,188387,1594,Chur–Brambrüesch,yellow,yellow,yellow,yellow,yellow,yellow,yellow,yellow,yellow,red,red,red
Sesselbahn,{33B5776F-01FC-4294-8464-624E933191EC},Arnouva-Cry d'Er,603089,129674,1727,603147,131441,2257,Crans-Montana,green,green,green,yellow,yellow,green,yellow,yellow,green,red,red,yellow
Sesselbahn,{38C97ADA-9A4D-4ACD-B641-70F6FA992816},Cabane de Bois,605029,131351,1871,604620,132463,2237,Crans-Montana,green,green,green,green,yellow,green,yellow,yellow,green,yellow,red,yellow
Skilift,{EAD8D0D3-500D-4DAB-A2D1-5F199B442055},Chetseron,602146,130647,2106,603022,131576,2265,Crans-Montana,green,green,green,green,green,green,yellow,yellow,green,yellow,yellow,yellow
Gondelbahn,{E7BFA5E7-EEF6-43E4-B9A5-DE9BB3E6C3B9},Crans-Merbé-Cry d'Er,602208,128575,1510,603014,131488,2265,Crans-Montana,green,yellow,green,yellow,yellow,green,yellow,yellow,green,red,red,yellow
Skilift,{595536CE-37DD-4F73-832E-FD36AFA0873A},Cry d'Er,602730,131548,2171,603032,131592,2264,Crans-Montana,green,green,green,green,green,green,green,yellow,green,yellow,yellow,yellow
Sesselbahn,{5B4F4F9F-768D-40A6-BB46-18239B61A02E},La Chaux-Bella Lui,602697,131551,2170,603603,132687,2529,Crans-Montana,green,green,green,green,green,green,green,yellow,green,yellow,yellow,yellow
Skilift,{808A6A4E-37A8-4673-B14B-B4BFD5FFEAEF},Lac,604184,135241,2786,603884,135437,2890,Crans-Montana,green,green,green,green,green,green,green,green,green,green,green,green
Skilift,{AC80B961-9923-47E9-A93B-F6EAAA814207},Lätzgüetli,603861,135902,2759,603869,135458,2889,Crans-Montana,green,green,green,green,green,green,green,green,green,green,green,green
Skilift,{90518510-E304-4706-AED9-A972A2CDD6C1},Le Merignou,602721,130742,2117,602905,131444,2234,Crans-Montana,green,green,green,green,green,green,yellow,yellow,green,yellow,yellow,yellow
Gondelbahn,{DE3B3537-0BFD-4FC6-82B0-9201B6B9DFA8},Montana–Arnouva,603115,129088,1537,603012,129500,1725,Crans-Montana,green,yellow,green,yellow,yellow,yellow,yellow,yellow,yellow,red,red,red
Sesselbahn,{946E054C-5F3D-4974-9D2C-13873E41A4E7},National,604408,130468,1650,603085,131704,2271,Crans-Montana,green,green,green,yellow,yellow,green,yellow,yellow,green,red,red,yellow
Skilift,{8A457F59-0E05-4F2A-898E-D0E53FDFBE02},Petit Mont Bonvin 1,606168,133194,2297,606496,133402,2375,Crans-Montana,green,green,green,green,green,green,green,green,green,yellow,yellow,yellow
Skilift,{C9C6BDAD-ADBB-42F3-ACC0-EC22FE777029},Petit Mont Bonvin 2,606564,133359,2367,606495,133471,2388,Crans-Montana,green,green,green,green,green,green,green,green,green,yellow,yellow,yellow
Sesselbahn,{18422079-D7B1-4999-8F1F-C7D944E4D2DA},Toula,605279,132463,1985,605482,133797,2549,Crans-Montana,green,green,green,green,yellow,green,green,yellow,green,yellow,red,yellow
Sesselbahn,{114FB174-0A6C-4D9F-9114-31B52EC34A48},Tsa,606135,132431,2096,606256,133573,2431,Crans-Montana,green,green,green,green,green,green,green,yellow,green,yellow,yellow,yellow
Skilift,{70814ACE-BF46-4FB9-8723-CE1CA16BF3C5},Verdets 1,603010,129661,1721,603385,130199,1876,Crans-Montana,green,green,green,yellow,yellow,yellow,yellow,yellow,yellow,red,red,red
Gondelbahn,{26A297D3-006B-43FA-A888-0C3C6875F572},Violettes Express,604615,129894,1509,604580,132323,2226,Crans-Montana,green,yellow,green,yellow,yellow,green,yellow,yellow,green,red,red,yellow
Gondelbahn,{FCE89989-C2B6-45F6-8308-243F67EA4A5E},Violettes-Plaine Morte,604620,132383,2228,603864,135424,2884,Crans-Montana,green,green,green,green,green,green,green,green,green,yellow,yellow,green
Skilift,{5DCE2208-DAF9-4925-A447-595BDDE78F26},Zabona,604003,132596,2410,603837,133045,2544,Crans-Montana,green,green,green,green,green,green,green,green,green,yellow,yellow,yellow
Luftseilbahn,{5942C923-80DD-4EAD-B630-1EEE2339A10A},Eggwald-Gummenalp,670082,195938,1218,670297,194905,1582,Dallenwil Wirzweli,green,yellow,green,yellow,yellow,yellow,yellow,red,yellow,red,red,red
Skilift,{A0E923DB-364D-4E78-AB9A-7C9625EC1A71},Eggwaldried-Gummen,670137,195950,1223,670395,194931,1587,Dallenwil Wirzweli,green,yellow,green,yellow,yellow,yellow,yellow,red,yellow,red,red,red
Skilift,{058FF412-A35D-48EE-A1BF-E6022C0F408F},Eggwald,670307,196004,1219,670292,195549,1349,Dallenwil Wirzweli,yellow,yellow,yellow,yellow,yellow,yellow,red,red,red,red,red,red
Skilift,{4C84F4A9-8740-458A-85F6-91D028A0ABF1},Wirzweli,670748,196251,1228,671087,195972,1307,Dallenwil Wirzweli,yellow,yellow,yellow,yellow,yellow,yellow,red,red,red,red,red,red
Skilift,{C2136E4E-29AB-4A6F-9B9A-A7CF06429667},Bolgen,781982,184812,1535,782134,184518,1615,Davos Klosters,green,green,green,yellow,yellow,yellow,yellow,yellow,yellow,red,red,red
Sesselbahn,{E667471E-7367-4261-A40E-A53EBE201F72},Bräma Jet,782804,184538,1940,784017,183891,2485,Davos Klosters,green,green,green,green,green,green,green,yellow,green,yellow,yellow,green
Sesselbahn,{BAED8420-3119-4829-B267-5EE3F425D527},Clavadeler Bubble,782316,182819,2006,784151,182609,2489,Davos Klosters,green,green,green,green,green,green,green,green,green,yellow,yellow,green
Sesselbahn,{F8C6C845-E7D8-499A-9E1C-E82E619FA985},Davos-Carjöl-Fuxägufer,781765,184642,1536,782988,183281,2145,Davos Klosters,green,green,green,green,yellow,green,yellow,yellow,green,yellow,red,yellow
Sesselbahn,{7FC01195-09CB-46C3-8879-8AE8A1D72316},Furka-Zipper,782526,191390,2059,781014,191384,2440,Davos Klosters,green,green,green,green,green,green,green,green,green,yellow,yellow,green
Luftseilbahn,{86294B72-A709-4B93-A180-CDD42C78B520},Gotschnabahn 1 Klosters-Gotschnaboden,786125,193762,1201,784470,192949,1794,Davos Klosters,green,yellow,green,yellow,yellow,yellow,yellow,red,yellow,red,red,red
Luftseilbahn,{72E0BD88-5D4E-4E26-9A6B-D6A452A5EE6A},Gotschnabahn 2 Gotschnaboden-Gotschnagrat,784453,192920,1794,783700,192593,2294,Davos Klosters,green,green,green,green,yellow,green,green,yellow,green,yellow,red,yellow
Sesselbahn,{807852F7-440B-4387-9E1F-AB56F9FCB67A},Gruobenalp,782808,191410,2081,783101,192407,2315,Davos Klosters,green,green,green,green,green,green,yellow,yellow,green,yellow,yellow,yellow
Luftseilbahn,{4C0E8628-314F-4461-BB8F-A7DADE48FD83},Güggel,784098,182671,2477,784090,182928,2573,Davos Klosters,green,green,green,green,green,green,green,green,green,yellow,yellow,yellow
Skilift,{B17A0CED-8714-48D7-9565-827337A4532A},Hauptertäli,780242,188721,2446,780306,189749,2631,Davos Klosters,green,green,green,green,green,green,green,green,green,yellow,yellow,green
Luftseilbahn,{896BD321-AD00-4687-B874-8EAC93AF5C6F},Jakobshornbahn 1. Sektion Davos-Jschalp,781959,185042,1548,782769,184533,1938,Davos Klosters,green,green,green,yellow,yellow,green,yellow,yellow,yellow,red,red,yellow
Skilift,{262EDD32-4514-439E-AFEB-AA203F3BB17B},Hubel,780931,180792,1971,781542,180072,2287,Davos Klosters,green,green,green,green,green,green,green,yellow,green,yellow,yellow,yellow
Luftseilbahn,{30BE52EE-370D-4B22-A5AB-4DD0F0E7EE3E},Jakobshornbahn 2.Sektion Jschalp-Jakobshorn,782753,184477,1936,784018,182968,2571,Davos Klosters,green,green,green,green,green,green,green,yellow,green,yellow,yellow,green
Skilift,{6F38C065-EF10-4324-B5FF-4B35FFE6773C},Jatz Junior,783873,182423,2418,784199,182342,2498,Davos Klosters,green,green,green,green,green,green,green,green,green,green,green,green
Sesselbahn,{B39D7723-47C7-427B-B294-3914316F566F},Jatz Quattro,783027,182266,2095,784253,182319,2504,Davos Klosters,green,green,green,green,green,green,green,yellow,green,yellow,yellow,yellow
Skilift,{F76DA76E-30D0-4704-A63B-EB25B0877C97},Kreuzweg,780694,191550,2339,781012,191398,2439,Davos Klosters,green,green,green,green,green,green,green,green,green,yellow,yellow,green
Skilift,{CF55219B-55B3-4C25-911F-845019454BB0},Juonlimader I (linke Spur),780361,180114,1940,781437,179461,2392,Davos Klosters,green,green,green,green,green,green,green,yellow,green,yellow,yellow,yellow
Skilift,{3A90412F-BE84-471B-864E-9BE5BC947396},Juonlimader II (rechte Spur),780357,180108,1940,781431,179458,2392,Davos Klosters,green,green,green,green,green,green,green,yellow,green,yellow,yellow,yellow
Sesselbahn,{E2FDC6A3-6ED8-4C1D-908A-236C9FE0B1EE},Meierhoftäli,782162,189573,2237,780640,189880,2589,Davos Klosters,green,green,green,green,green,green,green,green,green,yellow,yellow,yellow
Gondelbahn,{31CDAE80-FB07-4745-9C9E-67E11DA3BA78},Obersäss-Weissfluhjoch 2.Sektion,780720,193156,2018,780544,189717,2667,Davos Klosters,green,green,green,green,green,green,green,green,green,yellow,yellow,green
Skilift,{EF185B18-B2BC-4905-A615-FB6A6800E5AB},Nüllisch I (linke Spur),780317,179355,1945,781724,178017,2505,Davos Klosters,green,green,green,green,green,green,green,yellow,green,yellow,yellow,green
Skilift,{9A187157-158D-4249-86B4-B5653129FC4D},Nüllisch II (rechte Spur),780309,179353,1945,781719,178013,2505,Davos Klosters,green,green,green,green,green,green,green,yellow,green,yellow,yellow,green
Luftseilbahn,{2D2814D9-EF27-4C15-A347-BF406C6F8F46},Parsennhütte-Weissfluhjoch,781983,191595,2208,780620,189705,2673,Davos Klosters,green,green,green,green,green,green,green,green,green,green,yellow,green
Skilift,{0EF97D4F-43FB-4FB1-8830-3F781E5D9EBC},Parsennmäder,783519,191274,1971,783463,192378,2299,Davos Klosters,green,green,green,green,yellow,green,yellow,yellow,green,yellow,red,yellow
Sesselbahn,{7B58744E-BF48-4FEF-B599-EEA59B98CE40},Rapid,781912,188136,2224,780526,189446,2657,Davos Klosters,green,green,green,green,green,green,green,green,green,yellow,yellow,green
Sesselbahn,{773CB8D3-BF66-4281-9860-764BA8BFA0CF},Schatzalp-Strelaberg,781545,186164,1854,781136,186735,2120,Davos Klosters,green,green,green,yellow,yellow,green,yellow,yellow,yellow,red,red,yellow
Gondelbahn,{4DF8C5A1-8C27-4EC7-A863-9522634C314B},Rinerhornbahn,778946,179809,1468,780618,179721,2058,Davos Klosters,green,green,green,yellow,yellow,green,yellow,yellow,green,red,red,yellow
Gondelbahn,{278F6EC4-512D-4419-BA2D-5E5F86AEDA89},Schifer-Obersäss 1.Sektion,780987,194823,1576,780726,193205,2018,Davos Klosters,green,green,green,yellow,yellow,green,yellow,yellow,green,red,red,yellow
Sesselbahn,{8F05276F-7704-4FE1-84E3-08432425D47A},Schwarzseealp,784801,191608,1843,783618,192465,2301,Davos Klosters,green,green,green,green,yellow,green,yellow,yellow,green,yellow,red,yellow
Skilift,{3B2C5295-22EA-4F75-A7A6-B984D8D29F4B},Seetälli,782233,191662,2148,781177,191924,2452,Davos Klosters,green,green,green,green,green,green,green,yellow,green,yellow,yellow,yellow
Skilift,{6397278B-7025-454E-9395-9D59FAA1E13E},Strelaberg-Strelapass,781178,186764,2119,779978,187004,2358,Davos Klosters,green,green,green,green,green,green,green,yellow,green,yellow,yellow,yellow
Skilift,{35296B90-0747-435F-B552-D059C2F080A2},Strelagrat,780276,186861,2268,779522,187151,2496,Davos Klosters,green,green,green,green,green,green,green,green,green,yellow,yellow,yellow
Luftseilbahn,{E40A6A1D-0BF6-4270-88F6-1DB21F447A60},Strelapass-Hauptertälli,779920,187037,2371,780023,187659,2472,Davos Klosters,green,green,green,green,green,green,green,green,green,yellow,yellow,yellow
Sesselbahn,{985E1F17-46BC-48F3-B416-453B6442AB6F},Totalp,781977,191428,2207,780618,189680,2678,Davos Klosters,green,green,green,green,green,green,green,green,green,green,yellow,green
Sesselbahn,{9C02D627-50C8-4EBD-8352-3F645975062E},Usser Isch Express,782765,183570,2068,783577,183166,2391,Davos Klosters,green,green,green,green,green,green,green,green,green,yellow,yellow,yellow
Skilift,{FB18B312-A089-48DD-9A06-F93035DCE392},Trainer,780568,180187,1983,780850,179936,2091,Davos Klosters,green,green,green,green,green,green,green,yellow,green,yellow,yellow,yellow
Luftseilbahn,{C2D3CAD7-A801-46B5-9FF9-CBEF79B75134},Weissfluhjoch-Weissfluhgipfel,780494,189626,2670,779841,189718,2822,Davos Klosters,green,green,green,green,green,green,green,green,green,green,green,green
Skilift,{CBD51797-AD8E-46DB-B32F-68F9163FB69D},Fuchsacker 1,732697,247914,818,732951,247314,956,Degersheim,red,red,red,red,red,red,red,red,red,red,red,red
Skilift,{82029AD1-FB67-4A98-9F8E-24236F3DF6BF},Fuchsacker 2,732926,247088,906,733186,246692,1057,Degersheim,red,red,yellow,red,red,red,red,red,red,red,red,red
Skilift,{000AE7CB-B80D-4516-B33A-310FF9B757FD},Fuchsacker 3,732664,246998,889,732949,246611,1025,Degersheim,red,red,yellow,red,red,red,red,red,red,red,red,red
Skilift,{B3F1F7DF-A9CF-4C64-8DC7-A6C82F3CE8C0},Homad,607064,160416,1421,605987,160191,1865,Diemtigtal,green,green,green,yellow,yellow,green,yellow,yellow,yellow,red,red,yellow
Skilift,{0FFEDF68-F817-4C0A-B922-65B8C7E130F4},Nidegg,603243,155940,1574,603820,155627,1832,Diemtigtal,green,green,green,yellow,yellow,green,yellow,yellow,yellow,red,red,yellow
Skilift,{3F074342-AC4E-43D7-97D6-E7D401BE3A31},Nüegg-Tubelfärrich I,607526,161083,1388,607671,159787,1759,Diemtigtal,green,yellow,green,yellow,yellow,yellow,yellow,red,yellow,red,red,red
Skilift,{88E8B1BE-37DC-4983-AF2E-E35F8AE42384},Nüegg-Tubelfärrich II,607532,161084,1388,607677,159788,1759,Diemtigtal,green,yellow,green,yellow,yellow,yellow,yellow,red,yellow,red,red,red
Skilift,{78234203-4356-4B35-BD7F-A7F676FB1940},Röschtenschwend,607666,161223,1374,608038,160920,1493,Diemtigtal,green,yellow,green,yellow,yellow,yellow,yellow,red,yellow,red,red,red
Sesselbahn,{6909356D-608C-4BD4-A54D-43B97D93F0F9},Stierengrimmi,603451,157392,1243,603711,156207,1720,Diemtigtal,green,yellow,green,yellow,yellow,yellow,yellow,red,yellow,red,red,red
Skilift,{4DEADA73-18A0-4505-82DE-B3B505B60762},Egg,603532,157550,1235,603625,157368,1276,Diemtigtal,yellow,yellow,yellow,yellow,yellow,yellow,red,red,red,red,red,red
Skilift,{42948978-4828-4F9C-BA9A-EAFB47AC44C3},Halten-Springenboden,610052,163063,1210,611098,162701,1528,Diemtigtal,yellow,yellow,green,yellow,yellow,yellow,red,red,yellow,red,red,red
Sesselbahn,{1F085698-5393-4577-9511-F128CC50A3D8},Riedli-Nuegg,607137,162322,1002,607422,160992,1421,Diemtigtal,yellow,yellow,green,yellow,red,yellow,red,red,yellow,red,red,red
Skilift,{E9581D7A-CF8E-4F55-820D-C73F63EB5F51},Caischavedra,705175,173357,1857,704853,173275,1899,Disentis,green,green,green,green,green,green,yellow,yellow,yellow,yellow,yellow,yellow
Skilift,{29C171D0-00D3-4A6B-916D-04692CDF78AC},Caischavedra-Gendusas,705105,173414,1872,704773,173498,1958,Disentis,green,green,green,yellow,yellow,yellow,yellow,yellow,yellow,red,red,red
Sesselbahn,{4BE66DB3-3CC5-4A96-B537-7D189EDABA5A},Caischavedra-Gendusas,705103,173398,1873,703894,173700,2179,Disentis,green,green,green,green,yellow,green,yellow,yellow,yellow,yellow,red,yellow
Skilift,{5AB5A97D-8344-4256-88D7-E98CE30C1687},Gendusas-Dadens,702953,173328,2278,702306,174636,2626,Disentis,green,green,green,green,green,green,green,green,green,yellow,yellow,green
Sesselbahn,{516CA5CF-8517-4517-9309-3FC97BF2F400},Gendusas-Lai Alv,703853,173723,2176,703245,174378,2508,Disentis,green,green,green,green,green,green,green,yellow,green,yellow,yellow,yellow
Sesselbahn,{05DAEF55-3B26-481B-BC80-00418600FCFA},Parlet,703617,172867,2047,702849,173147,2365,Disentis,green,green,green,green,green,green,green,yellow,green,yellow,yellow,yellow
Skilift,{16DE7BCE-881A-413A-BDCC-F3342F6A560D},Piz Ault,703336,174312,2487,702791,175664,2781,Disentis,green,green,green,green,green,green,green,green,green,green,yellow,green
Luftseilbahn,{49A53C82-D19C-450E-AD41-93A7EEAAC61C},Disentis-Caischavedra,707251,173150,1234,705319,173511,1869,Disentis,yellow,yellow,green,yellow,yellow,yellow,yellow,red,yellow,red,red,red
Skilift,{B2197B9B-305B-4BF4-BE38-ABEF3AA55D60},Couvaloup 1,496411,144331,1260,497272,143062,1600,Dôle-Station des Rousses,green,yellow,green,yellow,yellow,yellow,yellow,red,yellow,red,red,red
Skilift,{2DEEC3D7-36BB-4C90-828D-81A85A5189A9},Couvaloup 3,496408,144351,1258,497278,143069,1600,Dôle-Station des Rousses,green,yellow,green,yellow,yellow,yellow,yellow,red,yellow,red,red,red
Sesselbahn,{6A780C66-4A6B-4051-B594-9596E70AAE4A},Dappes-Dôle,495817,143911,1237,497021,142520,1667,Dôle-Station des Rousses,green,yellow,green,yellow,yellow,yellow,yellow,red,yellow,red,red,red
Luftseilbahn,{ECF4361B-CEDC-492D-96F5-AE1348992AAD},Chalet de la Dôle-La Dôle,497657,142465,1443,497131,142467,1676,Dôle-Station des Rousses,yellow,yellow,green,yellow,yellow,yellow,yellow,yellow,yellow,red,red,red
Skilift,{018FC327-980B-4A04-BA62-AA0DB754DF3A},Couvaloup 2,496410,144375,1256,496621,144060,1328,Dôle-Station des Rousses,yellow,yellow,yellow,yellow,yellow,yellow,red,red,red,red,red,red
Skilift,{C75B7AAB-7307-4475-A84F-F5A1F43DC893},La Trélasse-La Givrine,497540,145344,1196,497416,145231,1225,Dôle-Station des Rousses,yellow,yellow,yellow,yellow,red,yellow,red,red,red,red,red,red
Skilift,{013DD6E7-C2C1-4C0D-AE43-47B0F9E85925},Le Noirmont 1,497183,149462,1179,498104,148753,1548,Dôle-Station des Rousses,yellow,yellow,green,yellow,red,yellow,red,red,yellow,red,red,red
Skilift,{842A5B90-29D4-49DA-9776-536695BA0896},Le Noirmont 2,497180,149460,1179,497966,148822,1536,Dôle-Station des Rousses,yellow,yellow,green,yellow,red,yellow,red,red,yellow,red,red,red
Skilift,{ED97FDCA-C49C-495E-ABF1-7F915A6D1E17},Léseneys,495746,143773,1238,495997,142924,1472,Dôle-Station des Rousses,yellow,yellow,green,yellow,yellow,yellow,red,red,yellow,red,red,red
Skilift,{4B4B3A8C-D54D-4BB7-8A59-B03E987696B5},Neiges,496110,144426,1239,496216,144381,1255,Dôle-Station des Rousses,yellow,yellow,yellow,yellow,yellow,yellow,red,red,red,red,red,red
Skilift,{36F0111C-DE30-4464-BBA2-8FDDB62E767C},Reculet,495782,143841,1237,496121,143713,1307,Dôle-Station des Rousses,yellow,yellow,yellow,yellow,yellow,yellow,red,red,red,red,red,red
Skilift,{CA761D38-4B9A-4E17-B635-DB9EF950E9CE},Tabagnoz 1,495201,143175,1249,495532,142531,1436,Dôle-Station des Rousses,yellow,yellow,green,yellow,yellow,yellow,red,red,yellow,red,red,red
Skilift,{296E5ECB-2CD8-450A-91D7-99DE7258B28F},Valdappes,496038,144070,1242,496245,143844,1307,Dôle-Station des Rousses,yellow,yellow,yellow,yellow,yellow,yellow,red,red,red,red,red,red
Skilift,{DA84CB1A-B434-4583-B955-9DF43670DAFD},Gartenalp-Chlus,748740,238745,1525,748244,238189,1727,Ebenalp-Horn,green,green,green,yellow,yellow,yellow,yellow,yellow,yellow,red,red,red
Skilift,{F3ADE8F5-3E12-438A-9398-C7FB1CA50A06},Gartenwald-Ebenalp,749227,239458,1372,749188,238789,1638,Ebenalp-Horn,green,yellow,green,yellow,yellow,yellow,yellow,red,yellow,red,red,red
Skilift,{DD77B502-EB8C-4166-BD02-FB506CFA6150},Schwende-Oberes Horn,750828,240709,851,750335,240313,1039,Ebenalp-Horn,red,red,yellow,red,red,red,red,red,red,red,red,red
Luftseilbahn,{A3825259-0E63-47A6-B918-D51F74BAB1F4},Wasserauen-Ebenalp,750516,239214,875,749251,238964,1594,Ebenalp-Horn,yellow,red,green,yellow,red,yellow,red,red,yellow,red,red,red
Skilift,{5CF1303A-E3FD-474F-8B31-E7BA74269A52},Tanzboden,726545,234699,890,726237,233409,1187,Ebnat-Kappel,yellow,red,yellow,red,red,red,red,red,red,red,red,red
Skilift,{CFFDCB2A-9C7C-4A52-950D-BBBC99ADF477},Netschbüel,625814,193764,721,624974,192593,1019,Eggiwil,red,red,yellow,red,red,red,red,red,red,red,red,red
Sesselbahn,{6CE9468B-2DCC-422A-9FBA-EC88D80D7669},Eischoll-Strygge,626380,126856,1259,625755,126169,1562,Eischoll,green,yellow,green,yellow,yellow,yellow,yellow,red,yellow,red,red,red
Skilift,{C85C1113-AC8C-484E-AFD4-5849BE737C00},Lohmatte-Erez,625567,126113,1549,624517,124885,2139,Eischoll,green,green,green,green,yellow,green,yellow,yellow,green,yellow,red,yellow
Skilift,{8B0BAA74-1154-4617-8BF5-6B36A482FC58},Bischof,729779,197772,1650,728818,197973,1950,Elm,green,green,green,yellow,yellow,yellow,yellow,yellow,yellow,red,red,red
Sesselbahn,{3E2C39A2-0281-46A6-8A8C-1D12ABEDEEB9},Pleusbahn,729678,198138,1690,728987,199434,2104,Elm,green,green,green,yellow,yellow,green,yellow,yellow,yellow,red,red,yellow
Sesselbahn,{8463BEA3-AF5D-4FFD-BA82-8A4CEE2E9D4F},Schabellbahn,730946,198208,1448,729652,198989,2034,Elm,green,yellow,green,yellow,yellow,green,yellow,yellow,yellow,red,red,yellow
Skilift,{EC116E03-411F-4F83-8350-30C6CA970606},Ämpächli,731060,198266,1433,730736,198607,1563,Elm,yellow,yellow,yellow,yellow,yellow,yellow,yellow,yellow,yellow,red,red,red
Gondelbahn,{E678B55D-B0B4-42E6-A095-3FD2D2F5822A},Elm Obermoos-Unter Ämpächli,731296,197296,1024,730752,198173,1488,Elm,yellow,yellow,yellow,yellow,red,yellow,red,red,yellow,red,red,red
Luftseilbahn,{7ECE8FD9-CB42-4FD2-A030-47E96F3428CE},Elsigbach-Elsigenalp,612884,153100,1332,614105,152380,1801,Elsigenalp,green,yellow,green,yellow,yellow,green,yellow,red,yellow,red,red,yellow
Skilift,{69D7A113-CCF9-4708-B22B-B785A92AF3EA},Elsigenalp I,614440,152066,1814,615526,152611,2098,Elsigenalp,green,green,green,yellow,yellow,green,yellow,yellow,yellow,red,red,yellow
Skilift,{335948BA-9AB3-4704-95CB-CDAEB41C438E},Elsigenalp II,614442,152058,1815,615603,152636,2098,Elsigenalp,green,green,green,yellow,yellow,green,yellow,yellow,yellow,red,red,yellow
Skilift,{CE130C1F-FA31-4B51-9879-3363D871A006},Elsighorn,615018,152476,2011,615137,153389,2288,Elsigenalp,green,green,green,green,green,green,yellow,yellow,green,yellow,yellow,yellow
Skilift,{83F70BE8-3AF4-49E1-87A4-601E644BB560},Höchst-Metsch,612679,151771,1565,614153,151269,2026,Elsigenalp,green,green,green,yellow,yellow,green,yellow,yellow,green,red,red,yellow
Skilift,{0379EE06-9FD7-4F7E-83BC-671BCE46BE1B},Homatti,615565,152602,2093,615571,152346,2114,Elsigenalp,green,green,green,green,green,green,green,green,green,yellow,yellow,yellow
Skilift,{6A7FE8BB-B92C-4B45-976E-441D2E6954EF},Metschegge,614199,152198,1797,614031,151875,1862,Elsigenalp,green,green,green,green,yellow,green,yellow,yellow,yellow,yellow,red,yellow
Skilift,{58A849A3-8090-4AF6-BF0E-49B2DF5E4052},Widerhubel,613761,151087,1897,614397,150948,2138,Elsigenalp,green,green,green,green,green,green,green,yellow,green,yellow,yellow,yellow
Luftseilbahn,{EE920E55-8E89-43A7-AF8A-8F4ADB23DB76},Älplerseil Untertrübsee-Obertrübsee,671471,184757,1267,671427,183935,1730,Engelberg,green,yellow,green,yellow,yellow,yellow,yellow,red,yellow,red,red,red
Sesselbahn,{12D6AC31-E156-427C-83A1-B58823364E07},Engstlensee-Jochpass,671177,180885,1944,672349,181218,2214,Engelberg,green,green,green,green,yellow,green,yellow,yellow,green,yellow,red,yellow
Luftseilbahn,{9A6DDC92-9B21-4EB9-B832-107A1E4C8114},Gerschnialp–Trübsee,672845,185054,1272,673323,182974,1801,Engelberg,green,yellow,green,yellow,yellow,green,yellow,red,yellow,red,red,yellow
Sesselbahn,{7C24712B-7788-42D2-9363-AE6F8EAAFE83},Ice Flyer Rotstöckli-Kleintitlis,675497,181088,2866,675442,180434,3045,Engelberg,green,green,green,green,green,green,green,green,green,green,green,green
Sesselbahn,{86939BFD-7241-4654-8C15-8405F96911A8},Jochstock Xpress,672323,181114,2189,673015,180596,2514,Engelberg,green,green,green,green,green,green,green,green,green,yellow,yellow,green
Sesselbahn,{F86460F8-2842-4A31-81F6-4C1869A79E48},Laubersgrat,673927,182504,2079,674961,182073,2460,Engelberg,green,green,green,green,green,green,green,green,green,yellow,yellow,green
Sesselbahn,{9B7EED21-F7D5-43ED-9484-15160172614D},Rindertitlis,673318,182948,1809,673902,182535,2078,Engelberg,green,green,green,green,green,green,yellow,yellow,green,yellow,yellow,yellow
Sesselbahn,{907742F1-9D26-437F-AB65-BE4C824892E4},Ristis–Brunnihütte,673918,187442,1599,674205,188241,1866,Engelberg,green,yellow,green,yellow,yellow,yellow,yellow,yellow,yellow,red,red,red
Luftseilbahn,{910C12C2-BB41-4788-8B4D-3DB63674FD97},Rotair Stand-Kleintitlis,674736,181726,2437,675173,180416,3031,Engelberg,green,green,green,green,green,green,green,green,green,green,green,green
Skilift,{17F473AD-DFBB-4502-AB33-ACA8A19AB8BB},Rotegg,675434,181530,2737,675977,181048,2960,Engelberg,green,green,green,green,green,green,green,green,green,green,green,green
Skilift,{BAB1B03D-AD96-4C64-800D-43D626ED045B},Schonegg,674159,188300,1863,674539,188543,2078,Engelberg,green,green,green,yellow,yellow,green,yellow,yellow,yellow,red,red,yellow
Gondelbahn,{A8EF5705-0642-4738-BB01-3A18D5B8CD34},TITLIS Xpress 2. Sektion Trübsee-Stand,673220,182927,1788,674707,181705,2432,Engelberg,green,green,green,green,yellow,green,green,yellow,green,yellow,red,green
Sesselbahn,{D50440AD-4D47-4F2B-82FB-E7076078249B},Trübsee Hopper,673074,182793,1775,673309,182905,1813,Engelberg,green,green,green,yellow,yellow,yellow,yellow,yellow,yellow,red,red,red
Sesselbahn,{D81A1348-203C-4F25-837E-63FBE9F89A12},Trübsee-Jochpass,672463,182643,1778,672404,181268,2212,Engelberg,green,green,green,green,yellow,green,yellow,yellow,green,yellow,red,yellow
Luftseilbahn,{38D90724-F2ED-4CA9-B66D-18ACF19BCE36},Trübsee-Stand,673285,182951,1809,674714,181723,2432,Engelberg,green,green,green,green,green,green,green,yellow,green,yellow,yellow,green
Luftseilbahn,{24947769-7370-4D66-A661-DE0D7E277703},Bordbahn,674618,186176,1063,674673,186856,1383,Engelberg,yellow,yellow,yellow,yellow,red,yellow,red,red,red,red,red,red
Luftseilbahn,{1053A7BB-B96A-4E31-AE2F-E0EF4AE57802},Engelberg-Ristis,674529,185759,1022,673905,187227,1612,Engelberg,yellow,yellow,green,yellow,red,yellow,red,red,yellow,red,red,red
Skilift,{186E61D6-7006-44AD-9B6B-525DB9727E8D},Gerschnialp,673051,184471,1235,673598,183497,1443,Engelberg,yellow,yellow,green,yellow,yellow,yellow,red,red,yellow,red,red,red
Skilift,{7C764229-FD5E-467B-86F9-C2E1533A36E1},Klosterwiese 1,674480,185767,1017,674385,186352,1125,Engelberg,yellow,yellow,yellow,red,red,red,red,red,red,red,red,red
Skilift,{1AD8294C-92B9-4E4D-B5BE-AF3CC412476F},Klosterwiese 2,674472,185773,1015,674377,186369,1135,Engelberg,yellow,yellow,yellow,red,red,red,red,red,red,red,red,red
Skilift,{627E02EC-9D6B-4209-B01E-2B498D963C31},Ritz-Eggen,673375,184467,1262,673515,184130,1320,Engelberg,yellow,yellow,yellow,yellow,yellow,yellow,red,red,red,red,red,red
Gondelbahn,{62331117-25B7-4CDA-90A4-C345E587B0A6},TITLIS Xpress 1. Sektion Engelberg-Trübsee,673111,185451,1007,673220,182927,1788,Engelberg,yellow,yellow,green,yellow,red,yellow,red,red,yellow,red,red,red
Skilift,{4F4D8C42-2437-4622-9675-07F8DBA41622},Übungslift,673163,184478,1238,673322,184432,1263,Engelberg,yellow,yellow,yellow,yellow,yellow,yellow,red,red,red,red,red,red
Skilift,{846BD640-A126-4005-80A1-0582D29B8DCE},Untertrübsee,672035,184949,1198,671539,184555,1283,Engelberg,yellow,yellow,yellow,yellow,red,yellow,red,red,red,red,red,red
Skilift,{22EE9C1D-65C2-4EF0-A943-587C2D7AE191},Bockmatti,609980,143287,1956,610504,143642,2099,Engstligenalp,green,green,green,green,yellow,green,yellow,yellow,yellow,yellow,red,yellow
Skilift,{B116F747-8991-49E6-ABFB-62A17ED9830A},Dossen I,610010,142939,1960,610712,142148,2335,Engstligenalp,green,green,green,green,green,green,green,yellow,green,yellow,yellow,yellow
Skilift,{C35BA32E-3540-4DEC-9A24-1A28C687DFFD},Dossen II,610008,142925,1961,610709,142144,2335,Engstligenalp,green,green,green,green,green,green,green,yellow,green,yellow,yellow,yellow
Skilift,{90D64F73-3FC2-45AA-ABF0-53617B9AE16E},Zubringer,609874,143601,1951,609749,144235,1970,Engstligenalp,green,green,green,yellow,yellow,yellow,yellow,yellow,yellow,red,red,red
Skilift,{2CA9232F-F2DD-4B7D-9345-C56C64E9AB64},Ober Sol,629427,181214,1069,629568,179862,1384,Eriz,yellow,yellow,yellow,yellow,red,yellow,red,red,red,red,red,red
Skilift,{51658931-ABEC-4D6E-BD00-886FD1DC20C1},Schwändli,629597,181301,1059,629520,180977,1129,Eriz,yellow,yellow,yellow,red,red,red,red,red,red,red,red,red
Skilift,{C39E10D4-9558-42E5-AD80-1F066CBFDCAC},La Nouva,601443,107564,2093,600569,107399,2342,Evolène,green,green,green,green,green,green,green,green,green,yellow,yellow,yellow
Sesselbahn,{6E2DC758-F521-4974-80D3-664D9B394427},Lana–Chemeuille,602982,107787,1403,601310,107728,2142,Evolène,green,green,green,yellow,yellow,green,yellow,yellow,green,red,red,yellow
Skilift,{ABEA11D2-6089-49DF-8304-AFA8F25A235B},Le Mont Rouge,600712,107481,2335,599430,107573,2637,Evolène,green,green,green,green,green,green,green,green,green,yellow,yellow,green
Skilift,{453E644F-5C6B-41FD-A99F-9CEE12F1630C},Les Arpilles,600936,106108,2195,599665,106346,2622,Evolène,green,green,green,green,green,green,green,yellow,green,yellow,yellow,green
Sesselbahn,{C33FCA27-619D-43A6-9D51-70105D0B22FA},Feldis-Mutta,752822,184217,1487,753951,184784,1976,Feldis,green,yellow,green,yellow,yellow,yellow,yellow,yellow,yellow,red,red,red
Sesselbahn,{A162172E-7C1F-4959-B8DD-FBC0F379CE7F},Alp Dado-Crest la Siala,735155,187637,1952,734589,189085,2322,Laax,green,green,green,green,yellow,green,yellow,yellow,green,yellow,red,yellow
Gondelbahn,{8848CC24-AC7B-4109-9892-D0B400D365E4},Arena Express,740546,188593,1102,736821,191624,2133,Laax,green,yellow,green,yellow,red,green,yellow,red,yellow,red,red,yellow
Skilift,{69D56F2A-CA7D-4189-93E7-943ECAD513A7},Crap,735258,188327,2130,735438,188776,2233,Laax,green,green,green,green,green,green,yellow,yellow,green,yellow,yellow,yellow
Luftseilbahn,{118AEB5D-15C6-4F3E-B529-51AA1DA374BF},Crap Masegn,735535,188643,2227,732851,189374,2489,Laax,green,green,green,green,green,green,green,green,green,yellow,yellow,yellow
Luftseilbahn,{FF5DF0DC-341D-48EF-8EAF-A41CA727B477},Crap Sogn Gion,739215,187067,1097,735578,188650,2226,Laax,green,yellow,green,yellow,red,green,yellow,red,green,red,red,yellow
Sesselbahn,{AED23E79-8732-4B8B-ADAD-D0711CF29D72},Curnius,736911,187077,1641,735577,188545,2210,Laax,green,green,green,yellow,yellow,green,yellow,yellow,green,red,red,yellow
Gondelbahn,{04901970-BCBB-4456-89C5-AD96C59E14F9},Fuorcla,733373,190379,2122,732836,189408,2480,Laax,green,green,green,green,green,green,green,green,green,yellow,yellow,green
Luftseilbahn,{45114E19-67A8-47E5-A6DD-DC07E42BE740},Grauberg,738279,191078,1606,736941,192632,2237,Laax,green,green,green,yellow,yellow,green,yellow,yellow,green,red,red,yellow
Skilift,{C0567406-5E10-485B-915D-E1B6A5736FDF},Ils Plauns I,735194,188418,2151,734923,188949,2283,Laax,green,green,green,green,green,green,green,yellow,green,yellow,yellow,yellow
Skilift,{63B1B182-DA88-4B5B-AD85-6CC3D4331D83},Ils Plauns II,735201,188420,2151,734927,188952,2283,Laax,green,green,green,green,green,green,green,yellow,green,yellow,yellow,yellow
Sesselbahn,{CC5E53D9-D2F0-480A-A86B-9032C6329051},La Siala,734934,191627,2230,734580,193694,2812,Laax,green,green,green,green,green,green,green,green,green,yellow,yellow,green
Sesselbahn,{810971B2-AE75-477B-B65B-54349C3D4D45},Mutta Rodunda,736648,190603,1901,735852,192433,2435,Laax,green,green,green,green,yellow,green,yellow,yellow,green,yellow,red,yellow
Skilift,{80E049F4-2CBD-4177-BD23-ED19CB5C6FF5},Nagens,737047,191606,2107,736947,191713,2135,Laax,green,green,green,green,green,green,yellow,yellow,yellow,yellow,yellow,yellow
Sesselbahn,{D57A5DAA-1B8A-4FE5-A699-D7156F0E8C0E},Naraus,739474,190018,1427,739560,191507,1844,Laax,green,yellow,green,yellow,yellow,yellow,yellow,yellow,yellow,red,red,red
Skilift,{2ADBF5A4-D383-4919-AA69-8D2C8BF3E188},Park&Pipe Lift Crap,735789,188262,2110,735574,188528,2207,Laax,green,green,green,green,green,green,yellow,yellow,green,yellow,yellow,yellow
Sesselbahn,{272A0919-3EA6-4D59-8530-0662CAF136C9},Plaun,736739,189830,1632,735557,188728,2220,Laax,green,green,green,green,yellow,green,yellow,yellow,green,yellow,red,yellow
Sesselbahn,{E6BE3E06-4A27-4EA3-9B64-87C351E55B8D},Plaun Lavadinas–Fuorcla da Sagogn,731000,189398,1909,731851,191227,2535,Laax,green,green,green,green,yellow,green,green,yellow,green,yellow,red,yellow
Sesselbahn,{31D39F02-D289-4DA8-8B06-D2D1CCA3ADF6},Treis Palas–Crap Masegn,734054,188696,2128,732827,189359,2477,Laax,green,green,green,green,green,green,green,yellow,green,yellow,yellow,yellow
Gondelbahn,{6CB85C81-2376-4324-AB9A-827249DB7507},Vorab,733384,190400,2122,732858,192826,2574,Laax,green,green,green,green,green,green,green,yellow,green,yellow,yellow,yellow
Skilift,{7779C58A-ACE4-43F1-9827-78932DC14C9F},Vorab Gletscher I,732717,192792,2571,730762,193297,2984,Laax,green,green,green,green,green,green,green,green,green,green,yellow,green
Skilift,{FA0AA6D0-AC1A-4785-A705-37E88A2CD3B3},Vorab Gletscher II,732704,192784,2571,730760,193286,2982,Laax,green,green,green,green,green,green,green,green,green,green,yellow,green
Sesselbahn,{203EEC70-7B2E-43DE-A44E-FF848D7196C5},Falera,736634,185108,1245,736881,187019,1651,Laax,yellow,yellow,green,yellow,yellow,yellow,yellow,red,yellow,red,red,red
Sesselbahn,{C1DCB95F-82F9-4271-B808-61ED0C3A94EA},Foppa,740564,188663,1100,739503,189989,1427,Laax,yellow,yellow,yellow,yellow,red,yellow,red,red,yellow,red,red,red
Gondelbahn,{F8888C76-316D-43FC-8DCB-FA658DFFFCE5},Laax Murschetg-Larnags-Curnius,739193,186979,1088,736942,187043,1648,Laax,yellow,yellow,green,yellow,red,yellow,red,red,yellow,red,red,red
Skilift,{FB89D849-7FD8-4119-B76D-4E76C77A455F},Spaligna,739960,189634,1337,739629,190694,1561,Laax,yellow,yellow,yellow,yellow,yellow,yellow,yellow,red,yellow,red,red,red
Skilift,{4385D1B0-AEEA-49D2-A57A-4FE0CBE67F4E},Eggberge,691949,195546,1463,693099,195146,1751,Flüelen-Eggberge,green,green,green,yellow,yellow,yellow,yellow,yellow,yellow,red,red,red
Sesselbahn,{BC181431-3E9B-49B8-B78D-C852C0F2C355},Arve,738476,215475,1694,737831,214808,2017,Flumserberg,green,green,green,green,yellow,green,yellow,yellow,green,yellow,red,yellow
Sesselbahn,{E946DFC8-714B-45BA-BEF2-C3EB14767BF1},Chrüz,739783,217338,1395,739083,216320,1638,Flumserberg,green,yellow,green,yellow,yellow,yellow,yellow,red,yellow,red,red,red
Sesselbahn,{77171421-2DED-400D-91D3-7AE52B266FBE},Leist,737003,214956,1849,736292,214241,2221,Flumserberg,green,green,green,green,green,green,green,yellow,green,yellow,yellow,yellow
Gondelbahn,{903235C4-0E41-40C2-9BBC-CC9DAE324B18},Maschgenkamm,739826,217305,1396,737843,214805,2019,Flumserberg,green,yellow,green,yellow,yellow,green,yellow,red,green,red,red,yellow
Sesselbahn,{41F0E2CD-1020-4223-964B-1CD6B2FCE249},Panüöl-Maschgenkamm,738189,213899,1802,737823,214736,2014,Flumserberg,green,green,green,yellow,yellow,green,yellow,yellow,yellow,red,red,yellow
Skilift,{A71FF112-F7E4-4376-863E-5EAFE2AFF60C},Plattis,737629,213708,1813,737879,214011,1863,Flumserberg,green,green,green,yellow,yellow,yellow,yellow,yellow,yellow,red,red,red
Gondelbahn,{E87CE936-AAA0-4AAB-B6A1-46E61D91980C},Prodalp–Express,741578,217014,1231,740607,216046,1583,Flumserberg,green,yellow,green,yellow,yellow,yellow,yellow,red,yellow,red,red,red
Sesselbahn,{2D051526-4C33-4EF2-8437-86209CC137E0},Prodkamm,740450,216009,1583,738947,215272,1951,Flumserberg,green,green,green,yellow,yellow,green,yellow,yellow,yellow,red,red,yellow
Skilift,{EF346349-7545-4E73-9228-9C6DA1B3B6F1},Schwammkopf,740059,217453,1362,739955,216932,1455,Flumserberg,green,yellow,green,yellow,yellow,yellow,yellow,red,yellow,red,red,red
Sesselbahn,{8864DD45-82FA-423F-B6F8-8FC182B2C51C},Seeben,737426,215730,1626,737958,215578,1808,Flumserberg,green,green,green,yellow,yellow,green,yellow,yellow,yellow,red,red,yellow
Sesselbahn,{3B185CE5-0FB6-499E-B7DF-6A902D32A273},Stelli,739217,216212,1604,737933,215441,1845,Flumserberg,green,green,green,yellow,yellow,green,yellow,yellow,yellow,red,red,yellow
Sesselbahn,{D650FB62-7C8F-4149-9736-CC021C2A659C},Twärchamm,738949,215942,1636,739179,215580,1828,Flumserberg,green,green,green,yellow,yellow,green,yellow,yellow,yellow,red,red,yellow
Skilift,{DD79DEFC-F1E5-4D5C-B3C4-EEAA5D38547B},Mittenwald,741095,217062,1287,740621,216773,1409,Flumserberg,yellow,yellow,green,yellow,yellow,yellow,red,red,yellow,red,red,red
Skilift,{EFBC0422-6880-4AFA-8659-8D548107EBED},Tannenboden,740150,217405,1365,740121,217054,1430,Flumserberg,yellow,yellow,green,yellow,yellow,yellow,red,red,yellow,red,red,red
Skilift,{F376A9C6-F82D-453D-84DD-3CBBB2133D83},Gägger,597263,177243,1299,595910,176978,1606,Gantrisch,green,yellow,green,yellow,yellow,yellow,yellow,red,yellow,red,red,red
Skilift,{8D86A9B0-30A5-4017-9AB1-55DF4E2C37D8},Länggrätli,601734,174954,1344,600546,174711,1579,Gantrisch,green,yellow,green,yellow,yellow,yellow,yellow,red,yellow,red,red,red
Skilift,{E9DD309D-FC20-4714-A7EA-2C11AD21871B},Schwefelberg-Louigrat,598110,173785,1390,597784,172827,1710,Gantrisch,green,yellow,green,yellow,yellow,yellow,yellow,red,yellow,red,red,red
Skilift,{6ADF1367-6267-4BF4-AE4F-A7A1E9CC64AB},Selital,596739,177127,1388,596267,177039,1503,Gantrisch,green,yellow,green,yellow,yellow,yellow,yellow,red,yellow,red,red,red
Skilift,{8CFB5C02-D4A0-4509-983C-83EEFF557A30},Gurnigelbad,600571,178601,1202,601103,178249,1299,Gantrisch,yellow,yellow,yellow,yellow,yellow,yellow,red,red,red,red,red,red
Skilift,{FBCD231B-9C58-4859-9831-3DE25E4AB6A7},Kuhberg,600902,174508,1517,600656,174578,1568,Gantrisch,yellow,yellow,yellow,yellow,yellow,yellow,yellow,yellow,yellow,red,red,red
Skilift,{4945BFD2-5ABD-41D6-B324-E6062DB3CAE1},Lischboden,599744,176702,1386,598952,176719,1561,Gantrisch,yellow,yellow,yellow,yellow,yellow,yellow,yellow,red,yellow,red,red,red
Skilift,{8C1008A8-70A3-4655-9DF4-D8A66AF485AE},Ottenleue-Egg,594346,175630,1456,594344,176344,1633,Gantrisch,yellow,yellow,green,yellow,yellow,yellow,yellow,yellow,yellow,red,red,red
Skilift,{FAE32893-A35E-426B-92B0-069C3CDC70C9},Rüschegg,598598,178764,1057,598961,176736,1562,Gantrisch,yellow,yellow,green,yellow,red,yellow,red,red,yellow,red,red,red
Skilift,{EE176263-D465-4EFB-AD86-E6902C2689BF},Feld,663674,148843,1404,663500,149704,1595,Goms–Obergoms,yellow,yellow,yellow,yellow,yellow,yellow,yellow,yellow,yellow,red,red,red
Skilift,{A12B3901-69E2-4911-9A73-8C34075708AA},Geschinen-Lauinen,664511,149517,1365,663651,149520,1528,Goms–Obergoms,yellow,yellow,yellow,yellow,yellow,yellow,yellow,red,yellow,red,red,red
Skilift,{4784277B-5AB3-416D-B112-ABCC55FA2A42},Gluringen,660950,145995,1331,660317,146193,1457,Goms–Obergoms,yellow,yellow,yellow,yellow,yellow,yellow,red,red,yellow,red,red,red
Sesselbahn,{EEBA8E54-7327-4138-B4F7-C173F7D06B9E},Bärgji 1,632146,118216,1654,632775,117721,1985,Grächen,green,green,green,green,yellow,green,yellow,yellow,yellow,yellow,red,yellow
Sesselbahn,{0A3C3BA3-0393-43F1-AEBB-9E37BF821AB1},Bärgji 2,632775,117721,1985,633322,117293,2172,Grächen,green,green,green,green,green,green,green,yellow,green,yellow,yellow,yellow
Skilift,{E1E41D01-EFC6-4F82-933C-0BDBC5F6A091},Furggen 1,633155,117314,2124,633581,116899,2330,Grächen,green,green,green,green,green,green,green,green,green,yellow,yellow,yellow
Skilift,{8175AB31-8D70-40F4-9088-F742A438528F},Furggen 2,633112,117251,2120,633580,116784,2341,Grächen,green,green,green,green,green,green,green,green,green,yellow,yellow,yellow
Gondelbahn,{2FAB03C8-5DE4-4B9E-A544-BF8741F09F60},Grächen–Hannigalp,631119,116226,1626,633073,117313,2123,Grächen,green,green,green,yellow,yellow,green,yellow,yellow,yellow,red,red,yellow
Skilift,{025D8FD6-F51C-472A-BA96-1184F760DB50},Härdera 1,632945,117017,2092,633193,117093,2144,Grächen,green,green,green,green,green,green,yellow,yellow,yellow,yellow,yellow,yellow
Skilift,{1060032D-4534-40B1-B675-AD78728AB7CE},Härdera 2,632944,117022,2092,633195,117098,2140,Grächen,green,green,green,green,green,green,yellow,yellow,yellow,yellow,yellow,yellow
Skilift,{0B44B328-0197-464C-AA5E-1B93F6D5A9C4},Paradiesli,632970,117714,2053,633399,117286,2193,Grächen,green,green,green,green,green,green,green,green,green,yellow,yellow,yellow
Sesselbahn,{BA494CF8-C0FB-4806-BA8D-BF73C921656E},Plattja,631291,113739,2518,632416,113871,2866,Grächen,green,green,green,green,green,green,green,green,green,green,yellow,green
Sesselbahn,{D38B3E4C-D947-4B64-8248-51BF7A8A35B8},Stafel–Seetalhorn 1,632807,116203,2208,632559,115194,2456,Grächen,green,green,green,green,green,green,green,green,green,yellow,yellow,green
Sesselbahn,{66996F0D-6753-4D72-9C4A-7D8B7BB6038B},Stafel–Seetalhorn 2,632559,115194,2456,632482,114007,2863,Grächen,green,green,green,green,green,green,green,green,green,green,green,green
Sesselbahn,{ED1B5E51-2FD3-486D-B8E6-7384667A2C5A},Arven,640938,159951,1851,640047,159639,2071,Grindelwald-Wengen,green,green,green,green,green,green,yellow,yellow,green,yellow,yellow,yellow
Skilift,{6D9D0412-A0FA-43B2-A32F-FE60E16E16A5},Bärgelegg,648646,167253,1730,648578,168170,1946,Grindelwald-Wengen,green,green,green,yellow,yellow,yellow,yellow,yellow,yellow,red,red,red
Skilift,{5DFFCFA2-DA09-4BB3-AB6E-BE6883D57C02},Bumps,637367,159107,1634,637843,158770,1783,Grindelwald-Wengen,green,green,green,yellow,yellow,yellow,yellow,yellow,yellow,red,red,red
Sesselbahn,{7365F55D-1719-4161-90A1-9F4B8EC5670A},Eigernordwand,641051,160058,1848,641130,158385,2342,Grindelwald-Wengen,green,green,green,green,green,green,green,yellow,green,yellow,yellow,yellow
Sesselbahn,{EEF34E4C-839A-4DC7-9C88-CF9AEB2E309D},Fallenboden,639218,158087,1831,640536,158692,2142,Grindelwald-Wengen,green,green,green,yellow,yellow,green,yellow,yellow,yellow,red,red,yellow
Gondelbahn,{F849D0A0-5D15-4B28-8438-D42BADCCC492},Firstbahn Bort-Grindel,646937,166350,1567,647960,167664,1960,Grindelwald-Wengen,green,yellow,green,yellow,yellow,yellow,yellow,yellow,yellow,red,red,red
Gondelbahn,{26410186-8461-4E6A-BEF9-E1C4D78E8B76},Firstbahn Grindel-First,647960,167664,1960,647145,167800,2172,Grindelwald-Wengen,green,green,green,green,yellow,green,yellow,yellow,yellow,yellow,red,yellow
Sesselbahn,{BFE19697-1E19-45DD-A9DB-0588711DA112},Grindel,648612,167269,1730,647866,167973,2019,Grindelwald-Wengen,green,green,green,yellow,yellow,green,yellow,yellow,yellow,red,red,yellow
Sesselbahn,{96906191-A44F-4772-AC4A-CDB1D3D26226},Gummi,639962,161631,1953,639878,160995,2173,Grindelwald-Wengen,green,green,green,green,green,green,green,yellow,green,yellow,yellow,yellow
Skilift,{B37444AA-397A-42A0-9863-4B2DC12BA922},Hohwald,649099,167320,1721,649200,168434,1990,Grindelwald-Wengen,green,green,green,yellow,yellow,yellow,yellow,yellow,yellow,red,red,red
Gondelbahn,{22F8F7CB-FA38-412B-9AC3-E6C2784FD36E},Holenstein-Männlichen,641369,163452,1628,638620,162322,2229,Grindelwald-Wengen,green,green,green,green,yellow,green,yellow,yellow,green,yellow,red,yellow
Sesselbahn,{36E2B58C-D32F-406A-BC3C-BA397E364C2C},Honegg,641031,160029,1841,639583,160897,2307,Grindelwald-Wengen,green,green,green,green,yellow,green,yellow,yellow,green,yellow,red,yellow
Sesselbahn,{235A9D05-B247-4F11-839B-89B96FAF4258},Läger,640449,163013,1807,638833,161774,2253,Grindelwald-Wengen,green,green,green,green,green,green,green,yellow,green,yellow,yellow,yellow
Sesselbahn,{5243D0AD-E18C-4052-965F-2A1E41A5EFEB},Lauberhorn,639943,159568,2077,639082,160074,2399,Grindelwald-Wengen,green,green,green,green,green,green,green,yellow,green,yellow,yellow,yellow
Sesselbahn,{4D701585-2359-42C9-ADA7-04113712602F},Männlichen,640259,163116,1794,638600,162587,2228,Grindelwald-Wengen,green,green,green,green,yellow,green,green,yellow,green,yellow,red,yellow
Sesselbahn,{B17C8D2E-67DA-48C1-BBE9-D347167340D1},Oberjoch,647018,167978,2169,647009,169394,2504,Grindelwald-Wengen,green,green,green,green,green,green,green,yellow,green,yellow,yellow,yellow
Sesselbahn,{80FB2CDF-4F0E-4429-B798-E7EA382A1FE5},Schilt,648076,167871,1952,647851,169396,2263,Grindelwald-Wengen,green,green,green,green,yellow,green,yellow,yellow,green,yellow,red,yellow
Skilift,{292B6A87-3FD0-4099-A85B-6FD43B5BDB34},Tschuggen,641165,161935,1708,639726,161937,2046,Grindelwald-Wengen,green,green,green,yellow,yellow,green,yellow,yellow,yellow,red,red,yellow
Luftseilbahn,{C49516E8-7F57-4E82-87B3-6CB5C6161675},Wengen-Männlichen,636993,161780,1284,638470,162552,2239,Grindelwald-Wengen,green,yellow,green,yellow,yellow,green,yellow,red,green,red,red,yellow
Sesselbahn,{62569246-E87B-49BF-8F68-4F8256431E43},Wixi,639189,158064,1830,638963,159611,2326,Grindelwald-Wengen,green,green,green,green,yellow,green,yellow,yellow,green,yellow,red,yellow
Skilift,{FFD749E2-F31E-43A6-8341-B9EFCC33C2BF},Bodmi 1,645948,164122,1104,646039,164341,1151,Grindelwald-Wengen,yellow,yellow,yellow,red,red,red,red,red,red,red,red,red
Skilift,{6BBD6403-3B82-4378-81DF-6716DFB5FBBA},Bodmi 2,645951,164120,1104,646043,164339,1151,Grindelwald-Wengen,yellow,yellow,yellow,red,red,red,red,red,red,red,red,red
Gondelbahn,{E9AE4F8C-98D2-4323-AC4F-46A9F6ACB733},Firstbahn Grindelwald-Bort,646195,163925,1067,646926,166329,1568,Grindelwald-Wengen,yellow,yellow,yellow,yellow,red,yellow,red,red,yellow,red,red,red
Gondelbahn,{2500649A-4687-48A0-963B-41639883C04F},Grindelwald-Holenstein,644441,163878,943,641430,163468,1628,Grindelwald-Wengen,yellow,red,green,yellow,red,yellow,red,red,yellow,red,red,red
Luftseilbahn,{002FEE00-92B1-4933-99CD-07CF0DF8AB2D},Grindelwald-Pfingstegg,646590,163723,1029,647320,163090,1393,Grindelwald-Wengen,yellow,yellow,yellow,yellow,red,yellow,red,red,red,red,red,red
Sesselbahn,{F1366745-B651-4089-AD99-E1CEBEAB3816},Innerwengen,637173,160439,1276,637746,160346,1510,Grindelwald-Wengen,yellow,yellow,green,yellow,yellow,yellow,red,red,yellow,red,red,red
Skilift,{20DC9DF2-1D08-4C4A-A48B-74A3F803C0AB},Bünda,767790,201525,1716,767621,201407,1744,Grüsch–Danusa,green,green,green,yellow,yellow,yellow,yellow,yellow,yellow,red,red,red
Sesselbahn,{B312578A-2146-431A-946D-57B98D063102},Danusa-Schwänzelegg,769075,201648,1643,768406,201786,1775,Grüsch–Danusa,green,green,green,yellow,yellow,yellow,yellow,yellow,yellow,red,red,red
Skilift,{A9523B08-6FAC-41E9-B6A1-40FCE39E54E5},Schwendi,767405,201722,1556,768305,201792,1782,Grüsch–Danusa,green,yellow,green,yellow,yellow,yellow,yellow,yellow,yellow,red,red,red
Gondelbahn,{EB546802-445E-4046-B7BD-A00D10935366},Sektion 2 Cavadura-Schwänzelegg,767006,203468,1184,768260,201866,1778,Grüsch–Danusa,green,yellow,green,yellow,red,yellow,yellow,red,yellow,red,red,red
Gondelbahn,{F548D135-6D62-4838-8AD4-02BB38585C6A},Sektion 1 Grüsch-Cavadura,767483,204730,602,767005,203473,1184,Grüsch–Danusa,red,red,yellow,red,red,red,red,red,red,red,red,red
Skilift,{D6C452B9-57D4-4893-A60D-BF1887299CE1},Vacca,766043,202744,1100,767281,201634,1578,Grüsch–Danusa,yellow,yellow,green,yellow,red,yellow,red,red,yellow,red,red,red
Sesselbahn,{0E1C7AE9-1699-4FFC-9908-9B0E6D26D4A2},Bisse–Wasserngrat,590258,146468,1277,591176,145099,1941,Gstaad,green,yellow,green,yellow,yellow,green,yellow,red,yellow,red,red,yellow
Gondelbahn,{839A9E8F-F0F6-478B-B13C-065BE495F22D},Bodme–Wispile,589120,144326,1589,588777,143223,1912,Gstaad,green,green,green,yellow,yellow,green,yellow,yellow,yellow,red,red,yellow
Sesselbahn,{9DDF3203-8589-4541-B3C5-B9D62AC3CE04},Chalberhöni–Les Gouilles,584903,144694,1350,582170,145118,2018,Gstaad,green,yellow,green,yellow,yellow,green,yellow,red,yellow,red,red,yellow
Luftseilbahn,{3E543E61-41AE-4A97-A3DC-8F0688365596},Les Gouilles,582178,145179,2013,582021,145402,2157,Gstaad,green,green,green,green,green,green,yellow,yellow,yellow,yellow,yellow,yellow
Gondelbahn,{672A05DA-FE25-489C-8242-630202F6AE3C},Rougemont–La Videmanette,582334,148286,973,582026,145421,2157,Gstaad,green,red,green,yellow,red,green,yellow,red,green,red,red,yellow
Skilift,{4E380BA8-6ABC-40B4-A987-5CEE7BA1E11A},Schopfen,586662,146648,1399,586702,145787,1564,Gstaad,green,yellow,green,yellow,yellow,yellow,yellow,red,yellow,red,red,red
Skilift,{5588993A-4BF0-4BA1-828A-A90570EE7117},Stand,586628,145720,1543,586136,145082,1672,Gstaad,green,green,green,yellow,yellow,yellow,yellow,yellow,yellow,red,red,red
Skilift,{2BAE34E9-DC48-41F7-B58B-CABDFFA0E10C},Stand,588788,143144,1909,588806,142930,1941,Gstaad,green,green,green,green,green,green,yellow,yellow,yellow,yellow,yellow,yellow
Sesselbahn,{27FD6499-7B26-4C71-B626-4E413D0EF559},Chalberhöni–Vordereggli,584935,144721,1351,586023,144991,1678,Gstaad,yellow,yellow,green,yellow,yellow,yellow,yellow,red,yellow,red,red,red
Gondelbahn,{07372713-16ED-4149-95A8-10FBAB0E2556},Gstaad-Bodme,588201,145809,1052,589110,144342,1589,Gstaad,yellow,yellow,green,yellow,red,yellow,red,red,yellow,red,red,red
Gondelbahn,{10982A42-A767-4A55-A3AF-B2C807156087},Gstaad-Eggli,587958,146253,1047,586754,145800,1561,Gstaad,yellow,yellow,green,yellow,red,yellow,red,red,yellow,red,red,red
Skilift,{6C1047BB-2807-4B60-87EB-B523DFDB37EE},Huble,587074,147715,1029,586750,147210,1228,Gstaad,yellow,yellow,yellow,red,red,yellow,red,red,red,red,red,red
Skilift,{1CA432ED-5830-4F35-A437-03EE05A1C2C5},Le Revers,582021,148101,970,582163,147845,1090,Gstaad,yellow,red,yellow,red,red,red,red,red,red,red,red,red
Skilift,{3B7E4FFF-5AFC-4F4A-8E11-94D30DC23B66},Rütti,588341,146030,1054,588761,144944,1335,Gstaad,yellow,yellow,yellow,red,red,yellow,red,red,red,red,red,red
Sesselbahn,{8595C2B3-DC54-4A62-BDC0-1C9F0B788043},Saanen–Eggli,586830,147844,1038,586428,145547,1595,Gstaad,yellow,yellow,green,yellow,red,yellow,red,red,yellow,red,red,red
Skilift,{2C432A51-0A5C-4DE2-AEAF-5E18C43CA10A},Zückerli,588349,146118,1047,588575,145773,1128,Gstaad,yellow,yellow,yellow,red,red,red,red,red,red,red,red,red
Skilift,{4B3C5157-6A99-4D6F-97C6-16D425380451},Gsteig,586577,136683,1225,586662,136206,1360,Gstaad,yellow,yellow,yellow,yellow,yellow,yellow,red,red,red,red,red,red
Skilift,{8FF1AB47-862D-478B-82E1-2D9AD19A8EAF},Lauenen,591162,140750,1242,590171,140465,1415,Gstaad,yellow,yellow,green,yellow,yellow,yellow,red,red,yellow,red,red,red
Skilift,{32864BB8-2B18-4065-AC0D-76685B2A1AC9},Habkern-Sattelegg,632307,175715,1138,631191,175722,1482,Habkern,yellow,yellow,yellow,yellow,red,yellow,red,red,yellow,red,red,red
Skilift,{11CA965A-723E-4C69-9319-0FCB868B314C},Grub-Kaien,755690,256814,852,755854,256053,1075,Heiden–Grub–Oberegg,red,red,yellow,red,red,red,red,red,red,red,red,red
Skilift,{BDBCA08D-A6E8-4B9B-AAB4-21375E54BB70},Heiden,757978,255998,808,758035,255408,943,Heiden–Grub–Oberegg,red,red,red,red,red,red,red,red,red,red,red,red
Skilift,{528F20C9-2A4F-46BF-B9FE-26EF3F8429A9},Oberegg-St. Anton,759499,254141,852,758951,253364,1088,Heiden–Grub–Oberegg,red,red,yellow,red,red,red,red,red,red,red,red,red
Skilift,{DBD0D679-7F86-4CC5-A1E4-33EF2F0470C6},Starchenbach–Riegelschwendi,732257,238694,821,731338,238441,1112,Hemberg,red,red,yellow,red,red,red,red,red,red,red,red,red
Skilift,{23102AA5-52FB-4D4E-8BEE-18A9D666A22B},Hemberg,731011,238225,1071,731311,238107,1133,Hemberg,yellow,yellow,yellow,red,red,red,red,red,red,red,red,red
Skilift,{FD0AE217-3026-4547-932A-3D7A283DB9E3},Gadieris,774316,193108,2009,773257,193622,2361,Heuberge,green,green,green,green,green,green,yellow,yellow,green,yellow,yellow,yellow
Skilift,{A2E0A1F2-60D4-4D88-AC95-1A7967AB4470},Gams,774640,193220,1959,773985,192870,2097,Heuberge,green,green,green,green,green,green,green,yellow,green,yellow,yellow,yellow
Skilift,{ACF9C212-C6FC-494B-9D43-F61B3B47D236},Heuberg-Marlargis,774785,193152,1957,775723,192629,2215,Heuberge,green,green,green,green,green,green,green,yellow,green,yellow,yellow,yellow
Sesselbahn,{D4BD5F0F-4695-406D-8039-18EB2CF372F2},Hesisbol,702368,207315,1451,702859,205964,1836,Hoch-Ybrig,green,green,green,yellow,yellow,green,yellow,yellow,yellow,red,red,yellow
Sesselbahn,{7637BAA2-21ED-4C6D-95E1-4291772AB8AD},Laucherenstöckli,701554,207933,1454,701081,207140,1753,Hoch-Ybrig,green,green,green,yellow,yellow,yellow,yellow,yellow,yellow,red,red,red
Sesselbahn,{A2BEB65D-D126-4EC5-879E-43E8DF842FAE},Spirstock,702456,207484,1440,701365,206431,1768,Hoch-Ybrig,green,green,green,yellow,yellow,yellow,yellow,yellow,yellow,red,red,red
Sesselbahn,{F954A836-50A5-4802-921A-FA9AFE8CB978},Sternen,702698,207554,1466,703370,206321,1816,Hoch-Ybrig,green,green,green,yellow,yellow,green,yellow,yellow,yellow,red,red,yellow
Skilift,{BDE994FF-19CA-4489-A4EF-3DC17B52DAE2},Fuederegg,702385,207576,1440,702308,207845,1511,Hoch-Ybrig,yellow,yellow,yellow,yellow,yellow,yellow,yellow,yellow,yellow,red,red,red
Sesselbahn,{BD598BEB-7D1C-4C1D-9AAD-99A39DD2F05C},Laucheren,701342,210048,1092,701307,207914,1488,Hoch-Ybrig,yellow,yellow,green,yellow,red,yellow,red,red,yellow,red,red,red
Luftseilbahn,{E8DE08B0-DC27-4920-88A9-3460A90957EB},Weglosen–Seebli,704177,208577,1046,702771,207573,1472,Hoch-Ybrig,yellow,yellow,green,yellow,red,yellow,red,red,yellow,red,red,red
Skilift,{1F093B85-B7EE-4816-BD6D-51B7CF8425D8},Roggenstock,702153,210577,1093,702678,209863,1359,Hoch-Ybrig,yellow,yellow,green,yellow,red,yellow,red,red,yellow,red,red,red
Sesselbahn,{F4D3DA09-BCC4-47D5-B699-33E4F76AA819},Fatschel-Triemel,768924,190083,1548,768722,191356,1882,Hochwang,green,yellow,green,yellow,yellow,yellow,yellow,yellow,yellow,red,red,red
Skilift,{C5005034-79BF-4A6C-9A4C-A274F1E9BFED},Triemel-Goldgruben,768584,191110,1850,768568,192611,2304,Hochwang,green,green,green,green,yellow,green,yellow,yellow,green,yellow,red,yellow
Skilift,{B78BCB76-B955-44EF-9038-64E2B8B4C160},Dreiligass-Winteregg,618248,180189,954,618270,179595,1109,Homberg,yellow,red,yellow,red,red,red,red,red,red,red,red,red
Skilift,{1A4A23E0-C531-40FE-96CC-B7D3729DC814},Fussmatte,588037,161983,1030,588282,161317,1216,Jaun,yellow,yellow,yellow,red,red,yellow,red,red,red,red,red,red
Skilift,{39C645A4-F693-43EC-97E4-45E514ED34EE},Oberbach,588696,161963,1026,588936,162028,1060,Jaun,yellow,yellow,yellow,red,red,red,red,red,red,red,red,red
Skilift,{1B638E8A-7AF3-46F4-915F-2C3FAD33CFA9},Schattenhalb,588575,161974,1024,588328,161301,1218,Jaun,yellow,yellow,yellow,red,red,yellow,red,red,red,red,red,red
Sesselbahn,{CF50E2D3-1EAC-4DFE-A9DC-1F682F3768F1},Schattenhalb-Gastlosen,588594,161947,1028,588206,160499,1574,Jaun,yellow,yellow,green,yellow,red,yellow,red,red,yellow,red,red,red
Skilift,{1586951A-5802-4CD4-8BCF-C2DBA53B8ABA},Winteregg,593177,160589,1408,592449,160799,1608,Jaunpass,yellow,yellow,green,yellow,yellow,yellow,yellow,yellow,yellow,red,red,red
Skilift,{75E6F64B-255D-40C2-99C6-6E5065ABBC8B},Zügwegen,592314,160152,1523,592264,160810,1614,Jaunpass,yellow,yellow,green,yellow,yellow,yellow,yellow,yellow,yellow,red,red,red
Skilift,{84540A56-FF18-4EAC-B30F-FC01A9008EEF},Feselalp,621955,131538,1770,621652,132771,2196,Jeizinen,green,green,green,yellow,yellow,green,yellow,yellow,yellow,red,red,yellow
Sesselbahn,{1E9AA525-1C68-4ED8-A0D5-2E265293AB2C},Jeizinen-Uflänge,621802,130940,1537,621951,131485,1768,Jeizinen,green,yellow,green,yellow,yellow,yellow,yellow,yellow,yellow,red,red,red
Skilift,{1E09043C-F3DA-431E-B2BA-E23BF39E7CCE},Moosig Boden-Feselalp,622108,131654,1793,622126,131985,1883,Jeizinen,green,green,green,yellow,yellow,yellow,yellow,yellow,yellow,red,red,red
Luftseilbahn,{DB46270F-F615-4621-9D58-3C0EFF8E059B},Gampel-Jeizinen,623157,129393,640,621892,130589,1525,Jeizinen,yellow,red,yellow,red,red,yellow,red,red,yellow,red,red,red
Skilift,{F39C0FAA-2128-46D7-99D6-03C80E9383CF},Bire,619900,149756,1594,620181,150280,1732,Kandersteg,green,yellow,green,yellow,yellow,yellow,yellow,yellow,yellow,red,red,red
Skilift,{796E92F8-68DA-4EB0-BC19-73763C0698BE},Wittenen,620708,149445,1569,620528,150038,1696,Kandersteg,green,yellow,green,yellow,yellow,yellow,yellow,yellow,yellow,red,red,red
Gondelbahn,{D871D22C-AF32-4CBB-9AEB-1E81BDABA42E},Kandersteg-Oeschinen,618736,149611,1203,619794,150099,1689,Kandersteg,yellow,yellow,green,yellow,yellow,yellow,yellow,red,yellow,red,red,red
Sesselbahn,{1CF13401-11FE-4845-9C6B-68FCDB1E2353},Kiental-Ramslauen,621833,159400,929,620710,158765,1413,Kiental,yellow,red,green,red,red,yellow,red,red,yellow,red,red,red
Skilift,{44A770AF-1735-495A-AD38-6BABB3E30FDC},Ramslauen-Chuemattli,620957,158667,1312,620460,158576,1476,Kiental,yellow,yellow,green,yellow,yellow,yellow,red,red,yellow,red,red,red
Skilift,{6883AEE8-9A01-43D9-99A2-4388FB61EE6F},Ergglen,679185,199234,1539,679536,198952,1695,Klewenalp,green,green,green,yellow,yellow,yellow,yellow,yellow,yellow,red,red,red
Skilift,{D09AC170-5834-4F69-9E32-81D8CF4393E4},Junior 1,679086,199054,1597,679253,198859,1660,Klewenalp,green,green,green,yellow,yellow,yellow,yellow,yellow,yellow,red,red,red
Skilift,{5976ACC2-4BCE-4185-B166-E1F6743F058A},Junior 2,679081,199050,1597,679248,198856,1660,Klewenalp,green,green,green,yellow,yellow,yellow,yellow,yellow,yellow,red,red,red
Sesselbahn,{61F6E9D4-BD35-4AFC-8778-70D4FEF96F99},Klewenstock,678682,198996,1462,679126,198644,1725,Klewenalp,green,green,green,yellow,yellow,yellow,yellow,yellow,yellow,red,red,red
Sesselbahn,{A1E62DE2-F389-4792-863A-4A0F250C38DF},Staffelbüel-Chälen,679057,197951,1508,679314,196594,1939,Klewenalp,green,green,green,yellow,yellow,green,yellow,yellow,yellow,red,red,yellow
Sesselbahn,{D049EC99-3F8F-4A1E-AD40-31A612D41011},Aengi,679723,198539,1453,679417,198799,1671,Klewenalp,yellow,yellow,green,yellow,yellow,yellow,yellow,yellow,yellow,red,red,red
Skilift,{EFAC7BAE-4963-4ECD-83D9-9AF5A87EA62B},Herti,681561,199941,1204,681219,199656,1279,Klewenalp,yellow,yellow,yellow,yellow,yellow,yellow,red,red,red,red,red,red
Skilift,{9BBFE99D-CFCC-4097-8B2B-CFB5C0AF6AAA},Klewenboden,679058,199193,1584,678994,199209,1603,Klewenalp,yellow,yellow,green,yellow,yellow,yellow,yellow,yellow,yellow,red,red,red
Skilift,{664D94B1-6FE0-4A76-A8A3-1EB6B111ED5D},Twäregg,681220,199515,1269,680324,198839,1494,Klewenalp,yellow,yellow,green,yellow,yellow,yellow,red,red,yellow,red,red,red
Skilift,{ADF9FDC9-AA5F-4E07-8EDA-AC5B5BB7899D},Albeina I,784719,197474,1891,784846,198016,1997,Klosters Madrisa,green,green,green,yellow,yellow,yellow,yellow,yellow,yellow,red,red,red
Skilift,{DD933D76-6843-4031-BC6D-9B95788F9EEE},Albeina II,784715,197476,1891,784830,197965,1993,Klosters Madrisa,green,green,green,yellow,yellow,yellow,yellow,yellow,yellow,red,red,red
Skilift,{5DF900A4-B082-43AC-B25D-9357633A475B},Glatteggen,784309,197883,1921,784793,198924,2254,Klosters Madrisa,green,green,green,green,yellow,green,yellow,yellow,green,yellow,red,yellow
Skilift,{C23E8B2D-B68F-4801-9423-C109FE6B7DE1},Madrisa,785539,199397,2320,784843,200515,2622,Klosters Madrisa,green,green,green,green,green,green,green,green,green,yellow,yellow,green
Sesselbahn,{14FA14B5-5DA2-4AA7-B4CA-E6E84F92ECEB},Madrisa–Schaffürggli,784884,197353,1886,785342,199128,2396,Klosters Madrisa,green,green,green,green,yellow,green,yellow,yellow,green,yellow,red,yellow
Sesselbahn,{386A42EA-0B5C-44EC-9CF3-A5AAD408D3C5},Zügenhüttli,786639,197958,1863,785880,197949,2135,Klosters Madrisa,green,green,green,green,green,green,yellow,yellow,green,yellow,yellow,yellow
Gondelbahn,{25DAFD78-EFA0-4F62-9E5A-D46FF5BC43C6},Klosters Dorf-Madrisa,785705,195504,1144,784794,197389,1890,Klosters Madrisa,yellow,yellow,green,yellow,red,yellow,yellow,red,yellow,red,red,red
Skilift,{16A023AB-E0A7-48FA-BDD7-52EAE8CF5A87},Alpsteinblick 1,743728,242674,896,744467,242220,1107,Kronberg,yellow,red,yellow,red,red,red,red,red,red,red,red,red
Skilift,{5572B3AB-1A8D-4E85-AE15-9096D3C534C3},Alpsteinblick 2,743727,242681,896,744467,242226,1105,Kronberg,yellow,red,yellow,red,red,red,red,red,red,red,red,red
Luftseilbahn,{6D27F1F6-B5D1-4B3C-AF31-E4A6917474BB},Jakobsbad-Kronberg,742851,242710,885,742893,239589,1653,Kronberg,yellow,red,green,yellow,red,yellow,red,red,yellow,red,red,red
Sesselbahn,{077BD49B-D0B1-4840-8CCF-907128E6461C},Krümmenschwil-Rietbach,730981,234001,732,729852,232299,1123,Krummenau–Wolzenalp ,red,red,yellow,red,red,red,red,red,red,red,red,red
Skilift,{571524C8-01DC-4B3D-A68E-D6E654EEED59},Rietbach-Wolzenalp,730036,231949,1108,729664,230301,1467,Krummenau–Wolzenalp ,yellow,yellow,green,yellow,red,yellow,red,red,yellow,red,red,red
Skilift,{052BA693-10BD-4A8C-B1B1-D51F9F1BBFD1},Stalden,730264,232740,1019,729974,232470,1099,Krummenau–Wolzenalp ,yellow,yellow,yellow,red,red,red,red,red,red,red,red,red
Skilift,{25BE2DB5-9A3A-4792-B622-61CE3A08DF19},Seebodenalp,678272,213363,1039,678162,212510,1233,Küssnacht–Seebodenalp,yellow,yellow,yellow,red,red,yellow,red,red,red,red,red,red
Skilift,{517E7843-E15A-4316-B143-17E96EB8F6A8},Allière,579409,169227,1362,579876,168909,1525,La Berra–La Roche,green,yellow,green,yellow,yellow,yellow,yellow,red,yellow,red,red,red
Skilift,{B3A20EE6-278F-44AF-B24D-FF8732848D54},Gîte du Commun-Joux d'Allière,579409,169137,1371,579374,168848,1442,La Berra–La Roche,green,yellow,green,yellow,yellow,yellow,yellow,red,yellow,red,red,red
Skilift,{37F3EA94-5A01-4965-B3CE-530859D1FD3E},Le Brand,578344,170659,1044,578509,170499,1089,La Berra–La Roche,yellow,yellow,yellow,red,red,red,red,red,red,red,red,red
Gondelbahn,{292F887B-7AA1-4032-B3B7-172FC5DB1F5F},Le Brand–La Berra,578283,170647,1045,580119,169636,1641,La Berra–La Roche,yellow,yellow,green,yellow,red,yellow,red,red,yellow,red,red,red
Skilift,{085A730A-FC27-4BF6-AA7C-9E9108ABA473},Le Brand-La Gormanda,578346,170666,1043,579284,170237,1273,La Berra–La Roche,yellow,yellow,yellow,red,red,yellow,red,red,red,red,red,red
Sesselbahn,{8AB3F743-3FD8-4353-B6FF-1E4F405962D7},Arpalle 1,573693,86756,1611,574323,86481,1997,La Fouly,green,green,green,green,yellow,green,yellow,yellow,yellow,yellow,red,yellow
Skilift,{27F83BA6-2CE4-4322-829B-6777C0B1B452},Arpalle 2,574191,86379,1963,574688,86305,2174,La Fouly,green,green,green,green,green,green,green,yellow,green,yellow,yellow,yellow
Skilift,{775CB1A5-AD54-4EFB-89EF-D0BE9BA679FE},Petite Combe,573701,86762,1610,574125,87013,1696,La Fouly,green,green,green,yellow,yellow,yellow,yellow,yellow,yellow,red,red,red
Skilift,{0B078F50-B6BE-4E03-ACFA-523D04D969ED},Obere Wanne,624403,243518,813,624024,243314,937,Langenbruck,red,red,red,red,red,red,red,red,red,red,red,red
Skilift,{3FB59897-12B8-4EB6-A9D0-2CD4E5F03B50},Untere Wanne,624899,244004,717,623778,243683,931,Langenbruck,red,red,red,red,red,red,red,red,red,red,red,red
Gondelbahn,{99EC79CB-0995-4F88-9506-3C3957B8DB0C},Gandegg-Hockenhorngrat,624520,141678,2721,623782,142100,3092,Lauchernalp-Lötschental,green,green,green,green,green,green,green,green,green,green,green,green
Sesselbahn,{E55EEE7C-D005-4D27-B985-A6F70882F7B2},Lauchernalp-Stafel,625771,139967,1964,625409,140452,2113,Lauchernalp-Lötschental,green,green,green,green,yellow,green,yellow,yellow,yellow,yellow,red,yellow
Skilift,{B4D298B1-B0C9-4425-A316-5020F88106FC},Märwig–Gandegg,625226,141100,2406,624512,141727,2727,Lauchernalp-Lötschental,green,green,green,green,green,green,green,green,green,yellow,yellow,green
Sesselbahn,{BB30A2A1-F176-4D90-8599-6F5591A3D0BA},Stafel–Gandegg,625409,140413,2108,624567,141623,2721,Lauchernalp-Lötschental,green,green,green,green,green,green,green,yellow,green,yellow,yellow,green
Luftseilbahn,{B857127A-CB6E-4168-9E69-240CD6120572},Wiler-Lauchernalp,626083,138998,1409,625803,140013,1976,Lauchernalp-Lötschental,green,yellow,green,yellow,yellow,yellow,yellow,yellow,yellow,red,red,red
Skilift,{AC852EDA-51C9-4EE9-B2A1-16B01B178A24},La Balère,565370,215860,882,565633,215648,945,Le Pâquier–Crêt-du-Puy,red,red,red,red,red,red,red,red,red,red,red,red
Skilift,{196BD97E-C65E-4F82-9159-693F5FCA6C8D},Crêt du Puy,565348,215878,874,567003,215321,1267,Le Pâquier–Crêt-du-Puy,yellow,red,yellow,red,red,yellow,red,red,red,red,red,red
Skilift,{83832427-8291-46B4-8B8D-08712BA85A59},Les Breuleux,567893,227113,1072,568093,226155,1245,Les Breuleux,yellow,yellow,yellow,red,red,yellow,red,red,red,red,red,red
Luftseilbahn,{95EBE01C-627F-48B7-A89E-6635A502F498},Cabane–Scex Rouge,582742,132086,2532,581987,130648,2947,Les Diablerets,green,green,green,green,green,green,green,green,green,green,green,green
Luftseilbahn,{CE39CE83-C9CE-4822-AAEE-618248821F00},Col du Pillon–Cabane,582051,133655,1552,582757,132118,2538,Les Diablerets,green,green,green,green,yellow,green,green,yellow,green,yellow,red,green
Skilift,{14806546-0AAC-454B-99AA-1EFA62EB925A},Dôme,582930,130171,2805,582252,129339,2967,Les Diablerets,green,green,green,green,green,green,green,green,green,green,green,green
Sesselbahn,{F40FB802-FBEA-4F3E-A08F-388DE78E4A61},Glacier–Scex Rouge,582347,130636,2820,581992,130585,2935,Les Diablerets,green,green,green,green,green,green,green,green,green,green,green,green
Sesselbahn,{DD50B7C3-0C83-449F-845B-8E61B4AF0E2F},Oldenalp–Oldenegg,585227,132975,1845,585033,133092,1969,Les Diablerets,green,green,green,yellow,yellow,yellow,yellow,yellow,yellow,red,red,red
Sesselbahn,{23250DFE-3A46-4829-97C8-2A67966884D0},Oldenegg–Cabane,584624,133360,1924,582773,132092,2530,Les Diablerets,green,green,green,green,green,green,green,yellow,green,yellow,yellow,green
Skilift,{0C14440C-C684-442E-9148-BD1D608BA103},Quille du Diable,584701,129260,2589,583288,128875,2875,Les Diablerets,green,green,green,green,green,green,green,green,green,green,green,green
Luftseilbahn,{5671349F-C50D-447A-98DF-8953C1E44A01},Reusch–Oldenegg,584370,134904,1355,584567,133359,1934,Les Diablerets,green,yellow,green,yellow,yellow,green,yellow,red,yellow,red,red,yellow
Skilift,{4577ECBB-AB5F-4BC6-A461-CB167B62FCE4},Tsanfleuron,584716,129347,2586,582426,129446,2938,Les Diablerets,green,green,green,green,green,green,green,green,green,green,yellow,green
Skilift,{7D06360C-993E-4005-99DC-7F0598EE0AE0},Chaux Ronde I,571900,130035,1803,572592,129985,1982,Les Diablerets,green,green,green,green,green,green,yellow,yellow,yellow,yellow,yellow,yellow
Skilift,{7FA93508-C687-4892-858B-A5AB8C547D52},Chaux Ronde II,571898,130026,1803,572592,129977,1982,Les Diablerets,green,green,green,green,green,green,yellow,yellow,yellow,yellow,yellow,yellow
Skilift,{09BF6F95-D85B-40C0-9D13-EBFA479A5263},Col de Bretaye–Roc d'Orsay,571832,130061,1794,571157,130098,1953,Les Diablerets,green,green,green,yellow,yellow,yellow,yellow,yellow,yellow,red,red,red
Sesselbahn,{15208A02-CAB2-4C40-AE6A-9DD894FFA094},Col de Bretaye-Chamossaire,571843,129985,1791,570976,130646,2105,Les Diablerets,green,green,green,yellow,yellow,green,yellow,yellow,yellow,red,red,yellow
Skilift,{DD56739A-88E9-42B6-BE15-1E9FB32297AB},Combe d'Orsay,570616,130314,1786,571157,130201,1979,Les Diablerets,green,green,green,green,yellow,green,yellow,yellow,yellow,yellow,red,yellow
Sesselbahn,{3BA639FD-7825-46B6-A53C-CEFDF1805877},Conche–Mi Laouissalet,574543,131126,1757,573165,130640,1857,Les Diablerets,green,green,green,green,yellow,green,yellow,yellow,yellow,yellow,red,yellow
Skilift,{004C0003-628B-444A-89F0-9E4704160F2B},Fracherets,573752,126520,1533,574299,127134,1778,Les Diablerets,green,yellow,green,yellow,yellow,yellow,yellow,yellow,yellow,red,red,red
Skilift,{5F25EE2C-3AAA-4AB5-931F-D98CD5D9A76A},Gryonne,573136,127887,1351,573242,127472,1457,Les Diablerets,green,yellow,green,yellow,yellow,yellow,yellow,red,yellow,red,red,red
Skilift,{142E6F06-3B2E-40C2-8F9B-DCFC64F4E26C},Jorasse,577252,132847,1357,577098,131914,1649,Les Diablerets,green,yellow,green,yellow,yellow,yellow,yellow,red,yellow,red,red,red
Sesselbahn,{5844717C-EE71-4CFE-9AD6-DA9DF6CBC3E7},La Rasse-Chaux Ronde,573094,127898,1353,572686,129975,1980,Les Diablerets,green,yellow,green,yellow,yellow,yellow,yellow,red,yellow,red,red,red
Skilift,{73B87CA3-FEBC-462C-82FB-38B0037C2353},Lac de Bretaye–Col de Bretaye,571821,130433,1785,571887,130194,1815,Les Diablerets,green,green,green,green,yellow,green,yellow,yellow,yellow,yellow,red,yellow
Skilift,{CCF5640F-7B11-4765-B57B-A6BAF6B67FFD},Lac Noir-Bretaye,572264,130687,1723,571992,130224,1819,Les Diablerets,green,green,green,yellow,yellow,green,yellow,yellow,yellow,red,red,yellow
Sesselbahn,{9825F3AD-D44F-4FD5-A6CD-4BA5F06A9112},Lac Noir-Chaux Ronde,572257,130736,1725,572754,130013,1983,Les Diablerets,green,green,green,green,yellow,green,yellow,yellow,yellow,yellow,red,yellow
Sesselbahn,{84FEDFF7-0F4F-449C-A11E-645681B438E0},Lac Noir-Petit Chamossaire,572356,131008,1719,571393,131191,2040,Les Diablerets,green,green,green,yellow,yellow,green,yellow,yellow,yellow,red,red,yellow
Sesselbahn,{7247C272-C473-4006-A109-4C21E8D91B68},Laouissalet–Meilleret,574531,131322,1690,575561,131375,1951,Les Diablerets,green,green,green,yellow,yellow,yellow,yellow,yellow,yellow,red,red,red
Skilift,{B93D9D13-0AB2-4D01-9A5E-69CB93175AE5},Plan Métroz,573873,127012,1702,574252,127149,1771,Les Diablerets,green,green,green,yellow,yellow,yellow,yellow,yellow,yellow,red,red,red
Skilift,{EF958779-FCEF-4ACF-A625-42BB618BDC01},Ruvine,576668,132922,1336,576422,131256,1721,Les Diablerets,green,yellow,green,yellow,yellow,yellow,yellow,red,yellow,red,red,red
Sesselbahn,{E11F94BC-D084-45F4-9067-A8F40E8A471F},Ruvine-Meilleret,576359,132079,1536,575525,131474,1949,Les Diablerets,green,green,green,yellow,yellow,green,yellow,yellow,yellow,red,red,yellow
Sesselbahn,{4701129B-3A9F-4FDB-94E4-223DA7490258},Sodoleuvre-La Croix,573168,127475,1442,575137,126963,1988,Les Diablerets,green,green,green,yellow,yellow,green,yellow,yellow,yellow,red,red,yellow
Gondelbahn,{58B45E3C-28CF-40A6-A6CE-68AFB6328DC1},Villars-Roc d'Orsay,570446,128122,1277,571127,130122,1953,Les Diablerets,green,yellow,green,yellow,yellow,yellow,yellow,red,yellow,red,red,red
Sesselbahn,{2C7DA300-87A1-461C-AC89-7C4582A38EC0},Vioz–Mazots,577892,132819,1183,576458,131253,1723,Les Diablerets,green,yellow,green,yellow,red,yellow,yellow,red,yellow,red,red,red
Skilift,{864D0D44-5CFD-4E4C-95AD-0546DE0BAEC0},Reusch,584493,134690,1324,584364,134870,1344,Les Diablerets,yellow,yellow,yellow,yellow,yellow,yellow,red,red,red,red,red,red
Luftseilbahn,{C591B32B-214A-4CD1-B2AF-876908FAEE15},Reusch-Gstelli,584313,134928,1363,584247,135064,1408,Les Diablerets,yellow,yellow,yellow,yellow,yellow,yellow,red,red,yellow,red,red,red
Gondelbahn,{E87FF9B3-677A-484C-9356-CCD58BE2EF77},Barboleuse-Les Chaux,572135,125883,1217,574248,127118,1774,Les Diablerets,yellow,yellow,green,yellow,yellow,yellow,yellow,red,yellow,red,red,red
Skilift,{D76C2507-C3F6-4E2E-B8C1-BE2746DC4D62},Hôtel du Parc 1,570820,127452,1302,571096,127486,1370,Les Diablerets,yellow,yellow,yellow,yellow,yellow,yellow,red,red,red,red,red,red
Skilift,{54FACEFA-E8FA-4094-9E6F-FF254756B858},Hôtel du Parc 2,570822,127449,1304,571096,127471,1371,Les Diablerets,yellow,yellow,yellow,yellow,yellow,yellow,red,red,red,red,red,red
Skilift,{2A1DBC68-B55A-4AF8-B34F-8078B282EEFB},Palace,570594,127111,1268,570776,127100,1296,Les Diablerets,yellow,yellow,yellow,yellow,yellow,yellow,red,red,red,red,red,red
Skilift,{82407420-4611-4CA2-9B9C-E2A563BCDBB9},Vers l'Eglise,576536,133597,1133,576102,132602,1502,Les Diablerets,yellow,yellow,green,yellow,red,yellow,red,red,yellow,red,red,red
Skilift,{7D03D8AC-0990-4434-AE5A-048A9429D8F9},Les Genevez,577110,233102,1056,577056,232619,1178,Les Genevez ,yellow,yellow,yellow,red,red,red,red,red,red,red,red,red
Sesselbahn,{13CD9B1E-0B8D-4C92-87A1-17C264754FAA},Le Vélard,565829,107633,1731,564690,108103,2201,Les Marécottes-La Creusaz,green,green,green,yellow,yellow,green,yellow,yellow,green,red,red,yellow
Skilift,{683A7650-889A-45AC-B6BA-6960B55FDBE9},Luisin,565759,107733,1744,565427,108072,1901,Les Marécottes-La Creusaz,green,green,green,yellow,yellow,yellow,yellow,yellow,yellow,red,red,red
Gondelbahn,{439932C0-23DD-4931-A2DC-80A0AF087B9F},Les Marécottes-La Creusaz,566563,106749,1127,565667,107525,1781,Les Marécottes-La Creusaz,yellow,yellow,green,yellow,red,yellow,yellow,red,yellow,red,red,red
Skilift,{24F6BE50-6673-4DB1-A58C-C05F250B8E4A},Borbuintze,562671,151455,1193,563170,150917,1352,Les Paccots,yellow,yellow,yellow,yellow,red,yellow,red,red,red,red,red,red
Skilift,{0F19B882-AE75-4F2E-AFFB-B1F44121CD8B},Corbetta,562096,152449,1069,561813,151549,1379,Les Paccots,yellow,yellow,yellow,yellow,red,yellow,red,red,red,red,red,red
Skilift,{DB9D9510-575E-468D-AF53-5F0E02C4DF82},La Cagne,562580,151249,1202,563063,150802,1390,Les Paccots,yellow,yellow,yellow,yellow,yellow,yellow,red,red,red,red,red,red
Skilift,{611D8BF8-11AF-48EB-B33D-B71CDCE7DC03},La Cierne,561065,152393,1071,561458,151509,1396,Les Paccots,yellow,yellow,yellow,yellow,red,yellow,red,red,red,red,red,red
Skilift,{D3DDDD0E-D062-4996-9698-7AF5784761F1},La Saira,561816,151589,1379,561510,151530,1397,Les Paccots,yellow,yellow,yellow,yellow,yellow,yellow,red,red,red,red,red,red
Skilift,{5CDB0EFB-14A5-4347-8CE4-F01881A7E62B},Les Joncs,562539,151353,1201,562390,151454,1237,Les Paccots,yellow,yellow,yellow,yellow,yellow,yellow,red,red,red,red,red,red
Skilift,{4E892D6F-36C1-4DD9-9DE1-BE0CD5AC0945},Les Vérollys,562682,151526,1199,561727,151552,1390,Les Paccots,yellow,yellow,yellow,yellow,red,yellow,red,red,red,red,red,red
Skilift,{EF66DB0B-5212-4323-B874-9FEF96DE1CE0},Les Vérollys-junior,562713,151593,1196,562346,151640,1252,Les Paccots,yellow,yellow,yellow,yellow,red,yellow,red,red,red,red,red,red
Skilift,{5B96053A-52C5-4501-871B-5428D8BAA927},Pralet,563338,151933,1135,563731,150823,1493,Les Paccots,yellow,yellow,green,yellow,red,yellow,red,red,yellow,red,red,red
Skilift,{AF47433C-0765-4DC1-9CFC-1BAC2D7A551E},Café de la Veveyse-La Cha,559529,150242,1090,559685,149015,1394,Les Pléiades,yellow,yellow,yellow,yellow,red,yellow,red,red,red,red,red,red
Skilift,{4E116512-40DF-4700-A015-9ACE88822392},La Cuvette,559636,148347,1316,559437,148179,1351,Les Pléiades,yellow,yellow,yellow,yellow,yellow,yellow,red,red,red,red,red,red
Skilift,{49E362A5-CEE0-4B4F-A8BA-DA9CC47EC563},Le Prantin,560142,149443,1221,559738,149297,1337,Les Pléiades,yellow,yellow,yellow,yellow,yellow,yellow,red,red,red,red,red,red
Sesselbahn,{C59B2B20-D38F-4DE3-B2B9-1C181919BFFA},Motalles-Les Pléiades,560127,148642,1213,559676,148865,1399,Les Pléiades,yellow,yellow,yellow,yellow,yellow,yellow,red,red,red,red,red,red
Gondelbahn,{63F97F7B-BEB1-4089-B5EC-B89A8DEF5E9F},Flaschen-Torrentalp,614177,134422,1558,615119,134499,1942,Leukerbad,green,yellow,green,yellow,yellow,yellow,yellow,yellow,yellow,red,red,red
Luftseilbahn,{E96511D3-89DA-40E4-BB72-163956BE75A1},Leukerbad-Rinderhütte,614650,135855,1396,616148,135311,2327,Leukerbad,green,yellow,green,green,yellow,green,yellow,red,green,yellow,red,yellow
Skilift,{0A67D9E6-103E-46C2-BBC0-A1C0F0F5D0DC},Rinderhalde,615696,135627,2115,616739,135998,2467,Leukerbad,green,green,green,green,green,green,green,yellow,green,yellow,yellow,yellow
Sesselbahn,{BF39A964-A00C-432D-81E4-7AD1A21D132F},Schwalbennest,616272,135239,2289,617232,135914,2602,Leukerbad,green,green,green,green,green,green,green,green,green,yellow,yellow,green
Skilift,{13861251-FE44-456B-B5E0-959BA46611CE},Torrent,616239,135510,2328,616963,136028,2508,Leukerbad,green,green,green,green,green,green,green,green,green,yellow,yellow,yellow
Gondelbahn,{6675CE6B-9951-4DFA-9B65-9C277B3C14BC},Torrentalp-Rinderhütte,615144,134515,1942,616149,135280,2322,Leukerbad,green,green,green,green,yellow,green,yellow,yellow,green,yellow,red,yellow
Sesselbahn,{86444F63-EF93-4D45-9001-56C46AF24DD9},Aï–Berneuse,566495,134823,1895,566391,134396,2043,Leysin,green,green,green,green,green,green,yellow,yellow,green,yellow,yellow,yellow
Sesselbahn,{680E18E3-AA84-4A49-AF95-4BF7AFE93051},Aï–Chaux-de-Mont,566539,134891,1897,566127,135731,2200,Leysin,green,green,green,green,yellow,green,yellow,yellow,green,yellow,red,yellow
Skilift,{9EFB5FFC-43B5-49A7-BD12-C2D37495910C},Crettex,573790,138338,1449,572318,138049,1738,Leysin,green,green,green,yellow,yellow,yellow,yellow,yellow,yellow,red,red,red
Skilift,{6AE48649-AAC8-48FE-893E-5C28CE711937},Dorchaux III,573721,138953,1444,573093,138829,1609,Leysin,green,green,green,yellow,yellow,yellow,yellow,yellow,yellow,red,red,red
Skilift,{27AFAA4C-1256-4A2A-8A62-9B21F7FD5563},Eraisis,574514,140989,1383,575505,140664,1681,Leysin,green,yellow,green,yellow,yellow,yellow,yellow,red,yellow,red,red,red
Skilift,{9984C207-221B-4BC0-8F3C-A0926B5F46AD},L'Arsat,574080,139775,1395,572761,139644,1789,Leysin,green,yellow,green,yellow,yellow,yellow,yellow,red,yellow,red,red,red
Sesselbahn,{8680F8AC-503F-4EC5-93B3-28ECAA477BC5},Le Fer-Brion-Mayen-Tête d'Aï,568328,135462,1586,566943,134978,1916,Leysin,green,green,green,yellow,yellow,green,yellow,yellow,yellow,red,red,yellow
Skilift,{6553630E-90C8-4C36-8854-2DCDB81D4C7C},Les Fontaines,574140,138232,1443,574594,138076,1577,Leysin,green,green,green,yellow,yellow,yellow,yellow,yellow,yellow,red,red,red
Gondelbahn,{F3ED9836-013B-4B71-A2E2-4CA7D76054FA},Leysin–Berneuse,567553,133003,1336,566481,134312,2044,Leysin,green,yellow,green,yellow,yellow,green,yellow,red,yellow,red,red,yellow
Sesselbahn,{4E9E7703-0979-4461-8211-4FEBB638C531},Leysin-Tête d'Aï,567589,133019,1333,566903,134956,1917,Leysin,green,yellow,green,yellow,yellow,yellow,yellow,red,yellow,red,red,red
Skilift,{2BB9CFD4-C528-48EA-81E9-279C6C024A48},Mossette,575673,141397,1469,575489,140681,1680,Leysin,green,green,green,yellow,yellow,yellow,yellow,yellow,yellow,red,red,red
Skilift,{B7FFB669-0D44-4244-B57A-D84E0B99E62A},Parchets I,573561,137818,1420,571768,137872,1879,Leysin,green,yellow,green,yellow,yellow,yellow,yellow,yellow,yellow,red,red,red
Sesselbahn,{9BE0443F-A5BF-4E6A-9F9D-EF3BCF4381DE},Choulet,569484,135654,1444,568499,135892,1706,Leysin,yellow,yellow,green,yellow,yellow,yellow,yellow,yellow,yellow,red,red,red
Skilift,{1388B1BE-2C59-4765-84D3-78984ECB1C28},Dorchaux I,573667,138499,1454,572769,138527,1666,Leysin,yellow,yellow,green,yellow,yellow,yellow,yellow,yellow,yellow,red,red,red
Skilift,{6026C516-A255-4710-BEE0-0DAF8CA0B32C},Dorchaux II,573668,138502,1454,572765,138536,1666,Leysin,yellow,yellow,green,yellow,yellow,yellow,yellow,yellow,yellow,red,red,red
Skilift,{833C13B9-30E6-4179-B855-134A113F92FE},La Lécherette Baby,574537,141005,1387,574622,140985,1401,Leysin,yellow,yellow,green,yellow,yellow,yellow,red,red,yellow,red,red,red
Skilift,{650B0E03-1307-4472-9F0E-0A0588717D33},Parchets II,573569,137894,1427,572350,138034,1728,Leysin,yellow,yellow,green,yellow,yellow,yellow,yellow,yellow,yellow,red,red,red
Skilift,{F1C3B61A-7C8E-4AAC-BA48-7886B69F8F92},Picatchou,573667,138510,1455,573423,138563,1495,Leysin,yellow,yellow,yellow,yellow,yellow,yellow,yellow,yellow,yellow,red,red,red
Skilift,{05C26169-7492-4148-A474-BC01F521335A},Pra Cornet,574319,139833,1400,575621,140002,1686,Leysin,yellow,yellow,green,yellow,yellow,yellow,yellow,yellow,yellow,red,red,red
Sesselbahn,{D4315FB1-3809-4B5E-B3FD-83C072DFBEEA},Solepraz,570037,136167,1331,568888,136359,1664,Leysin,yellow,yellow,green,yellow,yellow,yellow,yellow,red,yellow,red,red,red
Skilift,{AB3FC599-CD66-47D1-A758-C580C5B05295},Vallée–Blanche,567560,133154,1372,567415,133052,1392,Leysin,yellow,yellow,yellow,yellow,yellow,yellow,red,red,red,red,red,red
Sesselbahn,{45F65364-7F08-4A5C-8B04-1159B346E9C3},Hochegg,764323,219409,1550,764217,218434,1889,Malbun–Steg (FL),green,green,green,yellow,yellow,green,yellow,yellow,yellow,red,red,yellow
Sesselbahn,{ACA48BFB-93B3-4628-AD79-AD7970CF9A39},Sareis,764862,218915,1614,765503,219170,1995,Malbun–Steg (FL),green,green,green,yellow,yellow,yellow,yellow,yellow,yellow,red,red,red
Skilift,{90C2341A-6E8E-4B37-B9C5-3EFA568F9A1A},Schneeflucht,763981,219852,1477,764529,219468,1585,Malbun–Steg (FL),green,green,green,yellow,yellow,yellow,yellow,yellow,yellow,red,red,red
Skilift,{5E08EA1D-F879-412B-8857-CCFC377A75CD},Schneeflucht,763983,219843,1479,764497,219483,1571,Malbun–Steg (FL),green,green,green,yellow,yellow,yellow,yellow,yellow,yellow,red,red,red
Sesselbahn,{AD61A800-7408-4152-BF0B-1B980269902D},Täli,764366,219381,1552,764343,217870,1876,Malbun–Steg (FL),green,green,green,yellow,yellow,green,yellow,yellow,yellow,red,red,yellow
Gondelbahn,{3990E617-3C84-428F-8773-B31EF094940D},Marbachegg,634845,188862,889,635660,187229,1478,Marbach–Marbachegg,yellow,red,green,red,red,yellow,red,red,yellow,red,red,red
Skilift,{8E3AC5F9-87EB-4BD5-8CCA-1A26D8EEFB63},Marbachegg,636508,187103,1290,635674,187231,1475,Marbach–Marbachegg,yellow,yellow,yellow,yellow,yellow,yellow,red,red,yellow,red,red,red
Skilift,{D13F00A4-E59D-4CD9-B947-F5CFA835B3E7},Marbachegg,636523,187109,1290,635661,187242,1479,Marbach–Marbachegg,yellow,yellow,yellow,yellow,yellow,yellow,red,red,yellow,red,red,red
Skilift,{4C804BCD-C02A-4B63-A9B0-F0F6CE0A9E70},Balisalp-Käserstatt,658245,179040,1632,659458,178828,1847,Meiringen–Hasliberg,green,green,green,yellow,yellow,green,yellow,yellow,yellow,red,red,yellow
Sesselbahn,{64472A36-8677-4B2A-A2FC-0845B8551E6E},Bidmi-Käserstatt,659660,177346,1439,660077,178356,1879,Meiringen–Hasliberg,green,yellow,green,yellow,yellow,yellow,yellow,yellow,yellow,red,red,red
Sesselbahn,{8C94AC5F-7DF5-48C0-A120-D3C3C8B64F02},Hääggen–Glogghüs,662242,178652,2010,662662,179464,2438,Meiringen–Hasliberg,green,green,green,green,green,green,green,yellow,green,yellow,yellow,yellow
Sesselbahn,{C51DABC7-7FDA-4695-8CA8-062DE5D12F67},Käserstatt–Hochsträss,659662,178718,1828,660953,179294,2182,Meiringen–Hasliberg,green,green,green,green,yellow,green,yellow,yellow,yellow,yellow,red,yellow
Skilift,{D7F7BEBF-5AC4-49B5-BC1E-DC17B1248B4E},Käserstatt-Hohbiel,659571,178817,1835,659766,179182,2030,Meiringen–Hasliberg,green,green,green,yellow,yellow,green,yellow,yellow,yellow,red,red,yellow
Gondelbahn,{3C8BEEBC-8548-4244-81DD-6172CDECBD89},Mägisalp–Alpen tower,661027,177880,1713,662545,176615,2241,Meiringen–Hasliberg,green,green,green,green,yellow,green,yellow,yellow,green,yellow,red,yellow
Sesselbahn,{50E359AE-706B-4934-AA9C-223C5AF5CB55},Mägisalp–Hääggen,661261,177963,1703,662267,178632,2015,Meiringen–Hasliberg,green,green,green,yellow,yellow,green,yellow,yellow,yellow,red,red,yellow
Skilift,{72AF6081-A0A5-495A-B4F3-306A80CCF835},Tschuggi,662002,177488,1877,662979,177178,2222,Meiringen–Hasliberg,green,green,green,green,green,green,green,yellow,green,yellow,yellow,yellow
Gondelbahn,{B32C88C6-A480-4788-94B0-6E92889646AF},Bidmi–Mägisalp,659705,177318,1438,660962,177869,1714,Meiringen–Hasliberg,yellow,yellow,green,yellow,yellow,yellow,yellow,yellow,yellow,red,red,red
Gondelbahn,{254B02F4-C929-47B0-B41F-D0F259AF7628},Reuti–Bidmi,658888,176064,1074,659673,177305,1440,Meiringen–Hasliberg,yellow,yellow,yellow,yellow,red,yellow,red,red,yellow,red,red,red
Skilift,{89314993-3440-49FF-B63C-2C6BC838EB86},Spycher,659895,177058,1453,661172,177922,1710,Meiringen–Hasliberg,yellow,yellow,green,yellow,yellow,yellow,yellow,yellow,yellow,red,red,red
Gondelbahn,{F17BADF1-C850-4706-87D7-AE78048865A3},Wasserwendi-Lischen-Käserstatt,657816,177402,1174,659599,178780,1836,Meiringen–Hasliberg,yellow,yellow,green,yellow,red,yellow,yellow,red,yellow,red,red,red
Sesselbahn,{A0EB3B14-0A1B-45B8-AEBF-3EDD1A1F504C},Bettenalp-Bonistock,664876,182333,1748,665226,181075,2173,Melchsee-Frutt,green,green,green,green,yellow,green,yellow,yellow,green,yellow,red,yellow
Skilift,{7897BE72-D9FA-4728-8753-6C35EC7C27C1},Bonistock,664554,182174,1763,665056,181098,2169,Melchsee-Frutt,green,green,green,green,yellow,green,yellow,yellow,green,yellow,red,yellow
Sesselbahn,{A464F9C9-C356-4E48-8EC8-9A378D61E058},Cheselenfirst–Bettenalp,663903,182819,1402,664707,182234,1780,Melchsee-Frutt,green,green,green,yellow,yellow,yellow,yellow,yellow,yellow,red,red,red
Sesselbahn,{2E518B0B-576D-45A1-A131-6276F901ED7C},Distelboden-Balmeregghorn,664037,180181,1899,664504,178397,2235,Melchsee-Frutt,green,green,green,green,green,green,green,yellow,green,yellow,yellow,yellow
Luftseilbahn,{ACD51221-F788-424F-8205-E1A05554BBB1},Distelboden-Bonistock,664363,180363,1913,665006,181068,2166,Melchsee-Frutt,green,green,green,green,yellow,green,yellow,yellow,yellow,yellow,red,yellow
Sesselbahn,{7E115F80-48D5-4389-813A-C1E5ADF36A6C},Distelboden-Erzegg,664216,180199,1900,665287,179088,2148,Melchsee-Frutt,green,green,green,green,green,green,green,yellow,green,yellow,yellow,yellow
Gondelbahn,{39345AC3-F164-45A3-A570-6A6F032E8DD3},Stöckalp-Melchsee-Frutt,664138,183710,1081,663433,180881,1933,Melchsee-Frutt,green,yellow,green,yellow,red,green,yellow,red,yellow,red,red,yellow
Skilift,{A193E0CB-4732-4FF8-B55A-4EB476A82298},Vogelbüel,663037,180509,1900,662911,180078,1990,Melchsee-Frutt,green,green,green,green,green,green,yellow,yellow,yellow,yellow,yellow,yellow
Skilift,{8C9AF1F9-2F2D-47A9-8A9F-B3F63B82BE88},Stöckalp,664049,183840,1081,663436,183484,1214,Melchsee-Frutt,yellow,yellow,yellow,red,red,yellow,red,red,red,red,red,red
Sesselbahn,{7BAB523A-1C6B-45D1-A6A1-BCE33B414FC3},Stöckalp-Cheselenfirst,664113,183766,1084,663890,182890,1402,Melchsee-Frutt,yellow,yellow,green,yellow,red,yellow,red,red,yellow,red,red,red
Luftseilbahn,{D1F1EE0C-638C-48B3-8A7A-F507FC2D0FFB},Plan Francey-Le Moléson,568178,156118,1527,567752,155206,1985,Moléson s-Gruyères,green,green,green,yellow,yellow,green,yellow,yellow,yellow,red,red,yellow
Skilift,{41666891-91ED-470C-9089-4D25639F9CB7},Gros Plané,567478,156580,1280,566728,155986,1481,Moléson s-Gruyères,yellow,yellow,green,yellow,yellow,yellow,red,red,yellow,red,red,red
Skilift,{2B1BA4C4-E4DD-432C-957E-EA9385B18BF5},Les Joux-Plan Francey,567503,156568,1274,568163,156143,1522,Moléson s-Gruyères,yellow,yellow,green,yellow,yellow,yellow,red,red,yellow,red,red,red
Skilift,{2FB9C776-E963-4B90-AAD7-A1EF3394AA43},Moléson-Village,569211,156816,1116,568825,156769,1185,Moléson s-Gruyères,yellow,yellow,yellow,red,red,red,red,red,red,red,red,red
Skilift,{375AB97A-B0DE-4BBB-B2C7-3852B2192D3D},Schilt,725677,215253,1213,725993,214200,1617,Mollis–Schilt,green,yellow,green,yellow,yellow,yellow,yellow,red,yellow,red,red,red
Skilift,{7BBE066D-CBCB-4F4C-9A42-16E99DD4BC11},Ochsenberg,725650,215653,1113,725672,215277,1214,Mollis–Schilt,yellow,yellow,yellow,red,red,yellow,red,red,red,red,red,red
Skilift,{6156B555-9D88-4A60-919F-2FD4AF069706},La Montagne,569052,171165,983,569384,170631,1148,Mont Gibloux,yellow,red,yellow,red,red,red,red,red,red,red,red,red
Skilift,{B8D166D1-8FC9-4B93-8F59-35019A6FAC59},Blatt,629727,125237,1480,630301,125233,1633,Moosalpregion,green,green,green,yellow,yellow,yellow,yellow,yellow,yellow,red,red,red
Skilift,{0729FB44-E682-4FD2-883F-7F493F7D5B2B},Moosalp,630453,121778,1886,629843,122092,2121,Moosalpregion,green,green,green,green,yellow,green,yellow,yellow,yellow,yellow,red,yellow
Sesselbahn,{DCCBC0E6-2DF4-4E71-B1EE-2556AEDD5B36},Moosalp-Express II,629901,124477,1569,629743,123378,1872,Moosalpregion,green,green,green,yellow,yellow,green,yellow,yellow,yellow,red,red,yellow
Skilift,{CABC1145-F93C-4169-BCEC-701CCB6172FB},Ried,629714,124918,1507,629898,124383,1583,Moosalpregion,green,green,green,yellow,yellow,yellow,yellow,yellow,yellow,red,red,red
Skilift,{326CCBE3-56E8-41BA-A33B-228A7F3F90F8},Ronalp,629751,123340,1871,629628,122347,2120,Moosalpregion,green,green,green,green,green,green,yellow,yellow,green,yellow,yellow,yellow
Skilift,{A4E62BC3-2E50-4DEA-A130-456CC00C32B1},Törbeltal,630444,121756,1886,628758,120834,2534,Moosalpregion,green,green,green,green,green,green,green,yellow,green,yellow,yellow,green
Skilift,{EC212E40-3106-4A10-9A37-E0F61B45EC5D},Unterrat,629564,122581,2088,629085,121930,2363,Moosalpregion,green,green,green,green,green,green,green,green,green,yellow,yellow,yellow
Skilift,{7018DBF1-107D-4C64-AA52-84FD40ACB254},Alpoglen-Alpoglerberg,651151,185675,1549,650248,185280,1841,Mörlialp–Giswil,green,green,green,yellow,yellow,green,yellow,yellow,yellow,red,red,yellow
Skilift,{480CC4D4-8857-48A3-BFED-91545C7CAE84},Mörlialp 2,651102,186244,1359,651086,185656,1565,Mörlialp–Giswil,green,yellow,green,yellow,yellow,yellow,yellow,red,yellow,red,red,red
Sesselbahn,{4B1DF455-F5E7-4805-87F0-D6D671B5B8CE},Mörlialp-Wandlift,651113,186223,1358,651167,185716,1553,Mörlialp–Giswil,green,yellow,green,yellow,yellow,yellow,yellow,red,yellow,red,red,red
Skilift,{44641711-3F52-44AA-AFDF-42B3AC774D37},Mörlialp-Mörliegg,651043,186235,1364,650460,186345,1535,Mörlialp–Giswil,yellow,yellow,yellow,yellow,yellow,yellow,yellow,red,yellow,red,red,red
Skilift,{3CB1EBAA-B0AB-40F9-A95A-DD59AF6EF95B},Allmendhubel,634641,157112,1887,634405,157084,1936,Mürren–Schilthorn,green,green,green,green,green,green,yellow,yellow,yellow,yellow,yellow,yellow
Sesselbahn,{9C9C6D7A-D35F-4904-82B5-8923CC1A6BF9},Allmiboden,634519,157314,1811,634388,157084,1931,Mürren–Schilthorn,green,green,green,green,green,green,yellow,yellow,yellow,yellow,yellow,yellow
Luftseilbahn,{B6F5E865-E606-408C-81C7-90547759B857},Birg-Schilthorn,632090,156802,2685,630426,156303,2962,Mürren–Schilthorn,green,green,green,green,green,green,green,green,green,green,green,green
Skilift,{80EE8744-FAFB-4285-BA87-4752256AB51C},Gimmeln,633931,155575,1797,633202,156327,2134,Mürren–Schilthorn,green,green,green,yellow,yellow,green,yellow,yellow,yellow,red,red,yellow
Sesselbahn,{10526AFE-27CB-471E-B914-7EFEA5FC526B},Kandahar,633603,157611,2198,632724,157824,2441,Mürren–Schilthorn,green,green,green,green,green,green,green,yellow,green,yellow,yellow,yellow
Sesselbahn,{446D3D3F-4F44-4DA6-9AF5-73046AA0A00C},Maulerhubel,634550,157331,1809,634428,157801,1944,Mürren–Schilthorn,green,green,green,yellow,yellow,yellow,yellow,yellow,yellow,red,red,red
Luftseilbahn,{0B6A6FE0-A9E7-4249-B866-5A2392826B5E},Mürren-Birg,634695,156375,1647,632149,156816,2684,Mürren–Schilthorn,green,green,green,green,yellow,green,yellow,yellow,green,yellow,red,green
Sesselbahn,{B92F8027-948F-4EE6-A81E-8702152A1631},Muttleren,632978,157405,2237,632674,157831,2443,Mürren–Schilthorn,green,green,green,green,green,green,green,green,green,yellow,yellow,yellow
Sesselbahn,{67DACB71-B933-47FD-BC67-729090D57DD9},Riggli,632566,157639,2370,632066,156819,2682,Mürren–Schilthorn,green,green,green,green,green,green,green,green,green,green,yellow,green
Sesselbahn,{95B20286-790B-4641-AA76-2EA5405FFDB1},Schiltgrat,634627,156238,1621,633228,156343,2127,Mürren–Schilthorn,green,green,green,yellow,yellow,green,yellow,yellow,yellow,red,red,yellow
Sesselbahn,{EC19DA19-1700-4AE0-8620-CFC447115AD1},Winteregg,635035,159016,1587,634432,157821,1943,Mürren–Schilthorn,green,green,green,yellow,yellow,green,yellow,yellow,yellow,red,red,yellow
Luftseilbahn,{FD0512A5-1F6F-471A-A322-0246DFD7356C},Gimmelwald-Mürren,634879,155203,1370,634715,156355,1647,Mürren–Schilthorn,yellow,yellow,green,yellow,yellow,yellow,yellow,red,yellow,red,red,red
Skilift,{B790DC3C-10E2-48A5-9C93-29023B07B738},Holzegg West,695964,209396,1410,696318,209188,1485,Mythenregion,green,green,green,yellow,yellow,yellow,yellow,yellow,yellow,red,red,red
Skilift,{A5BABD85-EAD4-408D-945F-CDAD9123F07E},Stägleren-Rotenfluh,696637,209028,1409,696368,208684,1568,Mythenregion,green,green,green,yellow,yellow,yellow,yellow,yellow,yellow,red,red,red
Skilift,{94D63933-C323-4ED9-9202-8C8A46852CF8},Alp Rotenfluh,696250,208265,1504,696091,208498,1572,Mythenregion,yellow,yellow,yellow,yellow,yellow,yellow,yellow,yellow,yellow,red,red,red
Skilift,{FE86A48D-8C1C-48B2-85B9-BA9C32E35A77},Alpstubli Ibergeregg,698746,208209,1362,698425,208443,1434,Mythenregion,yellow,yellow,yellow,yellow,yellow,yellow,red,red,yellow,red,red,red
Skilift,{F8E70B63-77BD-4091-AF66-39F3DEC687D7},Brunni,696168,210938,1104,696432,210500,1209,Mythenregion,yellow,yellow,yellow,red,red,yellow,red,red,red,red,red,red
Skilift,{AB398DB6-9716-407B-BE8F-EAB1645815E6},Brunni-Haggenegg 1.Sektion,696222,211228,1095,695425,211414,1297,Mythenregion,yellow,yellow,yellow,red,red,yellow,red,red,red,red,red,red
Skilift,{767F5A5C-95C9-4E92-AA3A-457BA83B1DA3},Brunni-Haggenegg 2.Sektion,695601,211649,1243,694453,212384,1514,Mythenregion,yellow,yellow,yellow,yellow,yellow,yellow,red,red,yellow,red,red,red
Luftseilbahn,{671C1DE6-AE20-4682-AA3B-A015EB8851E0},Brunni-Holzegg,696088,210877,1105,695755,209420,1411,Mythenregion,yellow,yellow,green,yellow,red,yellow,red,red,yellow,red,red,red
Skilift,{3EC51823-D262-468D-BB01-C5AC3F8A71C5},Grossenboden-Brünnelistock,697659,208032,1293,698134,209026,1591,Mythenregion,yellow,yellow,yellow,yellow,yellow,yellow,yellow,red,yellow,red,red,red
Skilift,{2E1E3CAD-AE04-45E8-8CFC-1C82EB438EFA},Handgruobi-Grossenboden,696758,207138,1081,697797,208004,1309,Mythenregion,yellow,yellow,yellow,red,red,yellow,red,red,red,red,red,red
Skilift,{BC49483B-3AE9-4BF5-8F33-370CD6AAC38D},Holzegg Ost,696569,209040,1412,696360,209163,1485,Mythenregion,yellow,yellow,yellow,yellow,yellow,yellow,yellow,yellow,yellow,red,red,red
Skilift,{9DE47BCF-B9D9-44B0-866D-E89A95ABCC66},Kulm-Ibergeregg,698473,208313,1404,698157,209036,1587,Mythenregion,yellow,yellow,yellow,yellow,yellow,yellow,yellow,yellow,yellow,red,red,red
Skilift,{8F457DF3-14E9-4016-B932-D0A41D06F9CE},Zwäcken-Brünnelistock,697195,208979,1408,698016,209070,1599,Mythenregion,yellow,yellow,yellow,yellow,yellow,yellow,yellow,yellow,yellow,red,red,red
Skilift,{F91FC966-128D-4880-9D8A-D19DD0266858},Alpe di Nara-Bassa di Nara,710476,147693,1910,709809,148157,2132,Nara–Leontica,green,green,green,green,yellow,green,yellow,yellow,yellow,yellow,red,yellow
Skilift,{F1ADFAC9-D309-4AFC-818F-45CF77CC41DF},Cancorì-Fontanelle,712046,146466,1463,711392,146375,1633,Nara–Leontica,green,green,green,yellow,yellow,yellow,yellow,yellow,yellow,red,red,red
Skilift,{A50DCD20-2252-48BC-9657-8A3BEAB1A147},Cancorì-Lagünc,712187,146432,1447,711169,146044,1766,Nara–Leontica,green,green,green,yellow,yellow,yellow,yellow,yellow,yellow,red,red,red
Sesselbahn,{D12B1D93-6938-4B7E-8A46-4AD0A9D3DF7F},Cancorì-Pian Nara,712036,146539,1465,710243,147670,1941,Nara–Leontica,green,yellow,green,yellow,yellow,yellow,yellow,yellow,yellow,red,red,red
Sesselbahn,{BE716F88-E584-4C5B-85DD-DC70350DE200},Leontica-Cancorì,713821,146658,929,712070,146455,1465,Nara–Leontica,yellow,red,green,red,red,yellow,red,red,yellow,red,red,red
Skilift,{ADCB686E-BB85-437D-9BD3-416E05BF3060},Pony Cancorì,711992,146534,1472,711829,146647,1515,Nara–Leontica,yellow,yellow,yellow,yellow,yellow,yellow,yellow,yellow,yellow,red,red,red
Skilift,{58AAF16B-EBEB-469B-A014-F554CDF353F7},Baby,602518,118869,1895,602571,118701,1942,Nax–Mont-Noble,green,green,green,green,green,green,yellow,yellow,yellow,yellow,yellow,yellow
Sesselbahn,{6C88DC64-6E2F-48C6-8F3B-85B7323C704D},Dzorniva,601821,119321,1512,602444,118692,1913,Nax–Mont-Noble,green,green,green,yellow,yellow,green,yellow,yellow,yellow,red,red,yellow
Sesselbahn,{548D01E7-DA50-4EC1-B718-4F84EE68C82A},La Combe,602930,116491,2179,604027,117235,2641,Nax–Mont-Noble,green,green,green,green,green,green,green,yellow,green,yellow,yellow,green
Sesselbahn,{976D8E56-9E1A-4B73-A6D1-1C02E54BCFF1},La Vachette,602156,118661,1812,603131,117747,2292,Nax–Mont-Noble,green,green,green,green,green,green,green,yellow,green,yellow,yellow,yellow
Skilift,{95169DFD-A8B2-4CD4-BC02-800ED3B1F000},Planards,602584,117672,2196,602943,117109,2376,Nax–Mont-Noble,green,green,green,green,green,green,green,green,green,yellow,yellow,yellow
Skilift,{E0754D30-B229-403C-A5D7-1E3DA5465721},Alpage,588656,112976,1899,588045,112274,2193,Nendaz,green,green,green,green,green,green,green,yellow,green,yellow,yellow,yellow
Skilift,{A6E50F09-4760-4716-BFF0-BE8202E40AC8},Greppon Blanc 1,592135,110297,2187,593475,110380,2653,Nendaz,green,green,green,green,green,green,green,yellow,green,yellow,yellow,green
Skilift,{ADB70E52-1445-41D7-9729-DD1FE24890AD},Greppon Blanc 2,592162,110298,2187,593397,110374,2621,Nendaz,green,green,green,green,green,green,green,yellow,green,yellow,yellow,green
Sesselbahn,{2476D8C4-D12E-4E95-B4EF-5DF83BCEFF52},Greppon Blanc 3,593016,111235,2383,593467,110780,2623,Nendaz,green,green,green,green,green,green,green,green,green,green,yellow,green
Skilift,{8868ABE3-EB95-475F-9B59-E91DA7B3F7B3},Jean–Pierre,587658,112273,2109,587964,112242,2202,Nendaz,green,green,green,green,green,green,green,green,green,yellow,yellow,yellow
Skilift,{8DA46590-B796-46BA-889A-650764E5B447},La Dent,588130,112141,2181,588393,111957,2263,Nendaz,green,green,green,green,green,green,green,green,green,yellow,yellow,yellow
Skilift,{7F71486A-1B59-4193-860C-F104B12B701A},La Meina,592340,111905,2130,593071,111170,2390,Nendaz,green,green,green,green,green,green,green,green,green,yellow,yellow,yellow
Skilift,{7A136DD7-B32B-4A23-8F9E-0DE796CF5B7D},Les Chottes,592793,112301,2147,593087,111175,2391,Nendaz,green,green,green,green,green,green,green,green,green,yellow,yellow,yellow
Skilift,{1D1437B7-FD01-4CB2-83E4-67202B6028FF},Les Fontaines,587709,110771,1845,588491,110395,2169,Nendaz,green,green,green,green,green,green,green,yellow,green,yellow,yellow,yellow
Sesselbahn,{DA52328C-DCE7-4E95-B68A-323AC5F10FA3},Novelly,590618,109315,1737,591871,109858,2244,Nendaz,green,green,green,yellow,yellow,green,yellow,yellow,green,red,red,yellow
Skilift,{2BF86275-C133-49FE-B916-0E964E5984A1},Plan–du–Fou,589516,109653,2188,588827,109877,2446,Nendaz,green,green,green,green,green,green,green,yellow,green,yellow,yellow,yellow
Luftseilbahn,{9A825318-AD98-4032-8776-13D4FCAC37D5},Plan du Fou,588417,110403,2142,588748,109812,2441,Nendaz,green,green,green,green,green,green,green,green,green,yellow,yellow,green
Sesselbahn,{EA45FBDF-7524-42A8-B3C6-9C2CCA168926},Prarion–Tracouet,587637,110848,1844,587989,112195,2206,Nendaz,green,green,green,green,yellow,green,yellow,yellow,green,yellow,red,yellow
Gondelbahn,{A1048DF8-EA6D-45D7-A432-29C8794B9802},Siviez–Plan du Fou,590494,109323,1739,588852,109856,2448,Nendaz,green,green,green,green,yellow,green,yellow,yellow,green,yellow,red,yellow
Gondelbahn,{3D903937-10F2-46FB-A879-6BC4989529E1},Tracouet,588616,114285,1392,587993,112256,2206,Nendaz,green,yellow,green,yellow,yellow,green,yellow,red,green,red,red,yellow
Skilift,{C3C23674-C3FC-470C-A448-7B0E45A40454},Tsa,593614,112430,2168,593309,112066,2315,Nendaz,green,green,green,green,green,green,green,green,green,yellow,yellow,yellow
Skilift,{250BA65C-7F61-4C65-8263-636EE0EC4BBE},Obermutten,756958,171157,1734,756496,170969,1870,Obermutten,green,green,green,green,yellow,green,yellow,yellow,yellow,yellow,red,yellow
Sesselbahn,{4CA3B39F-A3DD-4B0D-BC3D-FA05443C0DFD},Cuolm Sura-Piz Mundaun,730330,178911,1590,731331,178208,2058,Obersaxen Mundaun,green,green,green,green,yellow,green,yellow,yellow,green,yellow,red,yellow
Skilift,{2AEE5882-610C-406E-93F5-71DCEB1FDE28},Gischniga-Stein,729047,178259,1569,729080,176384,2172,Obersaxen Mundaun,green,green,green,green,yellow,green,yellow,yellow,green,yellow,red,yellow
Sesselbahn,{5C02F84E-2620-4444-AC58-BFB0F18F7247},Kartitscha-Stein,728316,177517,1805,728941,176434,2148,Obersaxen Mundaun,green,green,green,green,green,green,yellow,yellow,green,yellow,yellow,yellow
Sesselbahn,{4DDA9359-FCB7-47FB-8557-4129BF60D58A},Meierhof-Kartitscha,727106,178802,1317,728291,177526,1806,Obersaxen Mundaun,green,yellow,green,yellow,yellow,green,yellow,red,yellow,red,red,yellow
Skilift,{208940BA-C0B6-40AF-9C92-E0B4002CF80B},Misanenga-Undermatt,728434,179064,1370,728574,178237,1622,Obersaxen Mundaun,green,yellow,green,yellow,yellow,yellow,yellow,red,yellow,red,red,red
Skilift,{BC885BF4-9CE0-4B6B-868A-F52DA1D06C4D},Plitschès,730599,179094,1611,731384,178710,1775,Obersaxen Mundaun,green,green,green,yellow,yellow,yellow,yellow,yellow,yellow,red,red,red
Skilift,{9F19FEA3-3012-4B8C-A1B7-BEE63AEEF56E},Sasolas,733143,179563,1333,731734,178740,1798,Obersaxen Mundaun,green,yellow,green,yellow,yellow,yellow,yellow,red,yellow,red,red,red
Sesselbahn,{02DED882-4531-4D7C-89EC-5C088E463E05},Triel-Hitzeggen,731426,176329,1598,730331,177438,2114,Obersaxen Mundaun,green,yellow,green,yellow,yellow,green,yellow,yellow,yellow,red,red,yellow
Sesselbahn,{E6D7CD55-F38E-414B-A243-3A1AB06C5BD5},Valata-Cuolm Sura,729824,180333,1249,730250,179043,1600,Obersaxen Mundaun,green,yellow,green,yellow,yellow,yellow,yellow,red,yellow,red,red,red
Sesselbahn,{0B093524-93E1-4C9A-95A8-7EF9C4C1148F},Wali-Piz Sezner,727540,176321,1706,727046,174433,2273,Obersaxen Mundaun,green,green,green,green,yellow,green,yellow,yellow,green,yellow,red,yellow
Sesselbahn,{DA72C9BA-DFC8-4807-B99B-E52D136FD5B9},Wali-Stein,727644,176226,1719,728985,176411,2156,Obersaxen Mundaun,green,green,green,yellow,yellow,green,yellow,yellow,yellow,red,red,yellow
Skilift,{B842CF43-52E1-40B3-BADE-70F374AE5D2B},Chummenbühl,727799,179307,1323,727891,179004,1414,Obersaxen Mundaun,yellow,yellow,green,yellow,yellow,yellow,red,red,yellow,red,red,red
Skilift,{D3F5E5D9-5798-48D9-B015-58D66D2A4AF0},Valata,729731,180274,1253,729758,180074,1296,Obersaxen Mundaun,yellow,yellow,yellow,yellow,yellow,yellow,red,red,red,red,red,red
Sesselbahn,{2BECCC74-EF4B-46D5-A7AA-14394EFB6335},Vella-Triel,732316,175468,1267,731357,176198,1615,Obersaxen Mundaun,yellow,yellow,green,yellow,yellow,yellow,yellow,red,yellow,red,red,red
Skilift,{95EB3042-81BA-4A29-86B8-DB4D2F02AFE3},Baby-Jorasse,577122,117073,1897,577000,117021,1933,Ovronnaz,green,green,green,green,green,green,yellow,yellow,yellow,yellow,yellow,yellow
Sesselbahn,{631C3078-D332-410C-9759-94D50F6DB073},Bougnonne,577085,117230,1869,576394,117234,2121,Ovronnaz,green,green,green,yellow,yellow,green,yellow,yellow,yellow,red,red,yellow
Skilift,{F3AAE0A4-C3DA-43D0-8169-BF24BC84B04B},Châtillon,577608,117015,1748,576740,116564,2163,Ovronnaz,green,green,green,green,yellow,green,yellow,yellow,green,yellow,red,yellow
Sesselbahn,{7CBB88DE-E872-4060-ABD2-38A87219D647},Col-Express,577226,117212,1859,576294,116724,2173,Ovronnaz,green,green,green,green,green,green,green,yellow,green,yellow,yellow,yellow
Sesselbahn,{4B7BD7C0-D6B3-4065-8925-EA3F3808482B},Ovronnaz-Jorasse,578516,117058,1389,577096,116963,1944,Ovronnaz,green,yellow,green,yellow,yellow,green,yellow,red,yellow,red,red,yellow
Skilift,{3E07CF26-4ACE-49F0-BF27-38FCBC93C254},Petit Pré,576833,116204,1998,575790,116737,2224,Ovronnaz,green,green,green,green,yellow,green,yellow,yellow,green,yellow,red,yellow
Skilift,{EEE99D94-5AB5-47F4-A0ED-D230C82BC643},Tsantonnaire,576153,117500,2067,574645,117130,2460,Ovronnaz,green,green,green,green,green,green,green,green,green,yellow,yellow,green
Skilift,{15400290-7B7A-47E3-8671-3E68729461ED},Pany,777252,200251,1337,776737,201240,1566,Pany–St. Antönien,yellow,yellow,yellow,yellow,yellow,yellow,yellow,red,yellow,red,red,red
Skilift,{BDC2141D-31B8-4AFA-9441-A8881A1AE3BE},Furt,750619,207809,1475,750623,207602,1518,Pizol–Bad Ragaz–Wangs,green,green,green,yellow,yellow,yellow,yellow,yellow,yellow,red,red,red
Sesselbahn,{F0BC0B1A-2FA7-488D-BDFF-77BE942D05F1},Furt-Gaffia,750543,207509,1511,750168,206368,1872,Pizol–Bad Ragaz–Wangs,green,green,green,yellow,yellow,green,yellow,yellow,yellow,red,red,yellow
Sesselbahn,{5963376D-C2B8-45E0-BF13-EB3D6E343DD5},Gaffia-Pizolhütte,750296,206365,1847,750502,205080,2228,Pizol–Bad Ragaz–Wangs,green,green,green,green,green,green,green,yellow,green,yellow,yellow,yellow
Sesselbahn,{5025F53D-6A6D-4082-90C3-FC9FEDFC660F},Pardiel-Laufböden,754055,206269,1633,751991,205118,2232,Pizol–Bad Ragaz–Wangs,green,green,green,green,yellow,green,yellow,yellow,green,yellow,red,yellow
Skilift,{68A3180B-8663-4B33-BCD0-38B78AF7DA51},Pizolhütte–Laufböden,750969,205095,2207,751268,205078,2258,Pizol–Bad Ragaz–Wangs,green,green,green,green,green,green,green,green,green,yellow,yellow,yellow
Skilift,{A443B36C-999F-4F8C-9193-CD203AEC7E49},Prodboden-Pardiel,754349,206427,1545,754133,206149,1623,Pizol–Bad Ragaz–Wangs,green,green,green,yellow,yellow,yellow,yellow,yellow,yellow,red,red,red
Skilift,{B67C626F-9B53-44E0-81AB-520144ADEA29},SAC,750501,205738,2062,750797,205100,2226,Pizol–Bad Ragaz–Wangs,green,green,green,green,green,green,green,green,green,yellow,yellow,yellow
Sesselbahn,{4CB7FF7D-45F8-4A99-9D12-B1A4F8BDFD18},Schwamm,754258,207294,1340,753291,206004,1856,Pizol–Bad Ragaz–Wangs,green,yellow,green,yellow,yellow,green,yellow,red,yellow,red,red,yellow
Gondelbahn,{0E96F681-1933-4215-896C-EA4BDEC9EE52},Bad Ragaz–Pardiel,754689,209342,497,754117,206264,1628,Pizol–Bad Ragaz–Wangs,yellow,red,green,red,red,yellow,red,red,yellow,red,red,red
Gondelbahn,{47E407D9-B2D1-43B8-BF2F-8D33CCE9FB8A},Wangs-Maienberg-Furt,751518,210569,540,750704,207599,1526,Pizol–Bad Ragaz–Wangs,yellow,red,green,red,red,yellow,red,red,yellow,red,red,red
Sesselbahn,{B6A9CC53-2535-43C3-B891-CF3327236314},Pontresina–Alp Languard,789470,151827,1845,790622,151520,2330,Pontresina,green,green,green,green,green,green,green,yellow,green,yellow,yellow,yellow
Skilift,{7326651B-4799-41D3-978D-3E4E1F66AE44},San Spiert-Clüx,789470,151837,1845,789777,151885,1922,Pontresina,green,green,green,yellow,yellow,yellow,yellow,yellow,yellow,red,red,red
Sesselbahn,{6E7BB600-EAEA-4077-A7B6-D08F51AAB8AD},Aiguille des Champeys,555340,117411,1670,554412,117196,2032,Portes du Soleil,green,green,green,green,yellow,green,yellow,yellow,green,yellow,red,yellow
Sesselbahn,{CF1BBCDE-9061-41B7-9781-104718834554},Barbossine,554026,125863,1474,554712,126694,1919,Portes du Soleil,green,yellow,green,yellow,yellow,yellow,yellow,yellow,yellow,red,red,red
Sesselbahn,{CF659FB4-379E-4FF3-A0A3-54990605E18D},Bochasses,556257,118688,1513,554629,118566,1891,Portes du Soleil,green,green,green,yellow,yellow,green,yellow,yellow,yellow,red,red,yellow
Skilift,{A44BE7A2-BA11-4F7F-A2A7-A9BF032A7C7B},Châlet neuf 1,556220,124201,1620,556053,122819,1857,Portes du Soleil,green,green,green,yellow,yellow,green,yellow,yellow,yellow,red,red,yellow
Skilift,{9B38D344-BF3C-4B97-9BC3-3FAE548C9617},Châlet neuf 2,556225,124201,1620,556060,122818,1857,Portes du Soleil,green,green,green,yellow,yellow,green,yellow,yellow,yellow,red,red,yellow
Skilift,{E38C4D1A-8A26-42AB-9373-0FF48128BFFD},Champeys,555722,117313,1537,555164,117344,1715,Portes du Soleil,green,yellow,green,yellow,yellow,yellow,yellow,yellow,yellow,red,red,red
Skilift,{8AC6344C-8F7C-4A72-A583-07B656D70E80},Chaux Longe,555738,126045,1905,555547,126508,1976,Portes du Soleil,green,green,green,yellow,yellow,yellow,yellow,yellow,yellow,red,red,red
Skilift,{6940E5B5-0740-4C61-BA98-7B2605473843},Chavanette,549864,114438,1815,551088,113726,2162,Portes du Soleil,green,green,green,green,green,green,yellow,yellow,green,yellow,yellow,yellow
Skilift,{8AC8DFEF-15BC-4FDD-AB62-85BF213A0808},Chavanette,549862,114434,1815,551085,113722,2163,Portes du Soleil,green,green,green,green,green,green,yellow,yellow,green,yellow,yellow,yellow
Sesselbahn,{3B4E914D-7CA1-4253-ABC4-2802318BC4D3},Chavanette,551878,113814,1829,551081,113751,2157,Portes du Soleil,green,green,green,green,green,green,yellow,yellow,green,yellow,yellow,yellow
Skilift,{A81B3874-924E-4942-99AC-36F71C6EE1D0},Chermeu,556258,124745,1570,555805,124460,1734,Portes du Soleil,green,green,green,yellow,yellow,yellow,yellow,yellow,yellow,red,red,red
Skilift,{943F4EB1-06CD-4AD1-AD74-44B47D11A725},Chermillon,555286,124219,1649,555601,124424,1754,Portes du Soleil,green,green,green,yellow,yellow,yellow,yellow,yellow,yellow,red,red,red
Sesselbahn,{2FAF210A-BFA6-4B74-AAC3-5B095EC0C845},Conche,554378,124503,1363,555384,124113,1663,Portes du Soleil,green,yellow,green,yellow,yellow,yellow,yellow,red,yellow,red,red,red
Skilift,{14FF3953-212C-40DD-ABCF-6C384AD12435},Conche 2000,553333,128826,1639,552909,128817,1797,Portes du Soleil,green,green,green,yellow,yellow,yellow,yellow,yellow,yellow,red,red,red
Skilift,{D2541290-A873-4682-A961-B82ECC11BD0A},Contrebandiers,554959,126489,1846,554733,126733,1918,Portes du Soleil,green,green,green,yellow,yellow,yellow,yellow,yellow,yellow,red,red,red
Skilift,{C4FD4761-4811-477F-87A6-5F1952F0DAD0},Coqs–1,554859,124060,1537,555390,123724,1686,Portes du Soleil,green,green,green,yellow,yellow,yellow,yellow,yellow,yellow,red,red,red
Skilift,{4BF834AF-7BB9-4AB1-9424-6EC7F5D42D91},Coqs–2,554856,124056,1537,555408,123691,1688,Portes du Soleil,green,green,green,yellow,yellow,yellow,yellow,yellow,yellow,red,red,red
Sesselbahn,{1D9B2C64-CEAB-45A2-9E14-3FAE3B06D02C},Crosets,553379,114835,1685,553792,114145,1938,Portes du Soleil,green,green,green,green,yellow,green,yellow,yellow,yellow,yellow,red,yellow
Skilift,{6F422B1B-E9C9-4D86-8888-B2C52B46A383},Cuboré,551536,115169,1968,551794,114836,2140,Portes du Soleil,green,green,green,green,green,green,green,yellow,green,yellow,yellow,yellow
Skilift,{87451E58-98EB-4BA2-9EE5-DC2D74954EEB},Cutet-1,556228,121981,1605,555972,122782,1853,Portes du Soleil,green,green,green,yellow,yellow,yellow,yellow,yellow,yellow,red,red,red
Skilift,{AD5A694C-1DD8-45DE-804F-451B55C57D44},Cutet-2,556233,121982,1606,555979,122784,1852,Portes du Soleil,green,green,green,yellow,yellow,yellow,yellow,yellow,yellow,red,red,red
Skilift,{A12570C9-DEA9-4938-A6C9-AA7E3D702CA2},Debutants,555301,124222,1651,555464,124185,1687,Portes du Soleil,green,green,green,yellow,yellow,yellow,yellow,yellow,yellow,red,red,red
Skilift,{7E08F413-FC61-455C-9142-2E4D1FD9BC1E},Derrière Pertuis,555234,117713,1691,554624,118377,1942,Portes du Soleil,green,green,green,yellow,yellow,yellow,yellow,yellow,yellow,red,red,red
Skilift,{B1710F7C-4116-4D74-B0BF-678B7D948BFB},Ecotis,556220,121968,1604,555738,122112,1759,Portes du Soleil,green,green,green,yellow,yellow,yellow,yellow,yellow,yellow,red,red,red
Skilift,{254632D8-6344-43A1-AEF9-BBC06372A11E},Gourtet,555594,119431,1806,555518,119471,1814,Portes du Soleil,green,green,green,yellow,yellow,yellow,yellow,yellow,yellow,red,red,red
Sesselbahn,{1A9B5E4A-AF15-4A2E-BEDC-6463B3718FB1},Grande Conche,553216,114862,1687,551828,114791,2137,Portes du Soleil,green,green,green,green,yellow,green,yellow,yellow,green,yellow,red,yellow
Sesselbahn,{2C9E641D-6552-4B26-9D21-B3C2CF132A17},Grands Places,554655,128411,1341,555245,128254,1640,Portes du Soleil,green,yellow,green,yellow,yellow,yellow,yellow,red,yellow,red,red,red
Skilift,{605C1EE4-AA41-4D99-A9A2-6CA61D7530B6},Hameau,553630,114907,1652,553446,114817,1693,Portes du Soleil,green,green,green,yellow,yellow,yellow,yellow,yellow,yellow,red,red,red
Skilift,{2FC35860-39A0-461E-83A6-038A6CDE1A99},L'Echereuse,552964,113626,1648,553329,114207,1831,Portes du Soleil,green,green,green,yellow,yellow,yellow,yellow,yellow,yellow,red,red,red
Sesselbahn,{B07B51D8-C861-4902-8C72-8E0776C5A705},La Chaux,556213,118949,1538,555308,119299,1854,Portes du Soleil,green,yellow,green,yellow,yellow,yellow,yellow,yellow,yellow,red,red,red
Sesselbahn,{2645F6C8-1652-4ACE-AAC0-71824BAEF6BC},La Foilleuse,555221,120745,1315,555451,119458,1821,Portes du Soleil,green,yellow,green,yellow,yellow,green,yellow,red,yellow,red,red,yellow
Skilift,{70E4B056-25FF-493A-94CF-F9C80242D223},Lac,555377,124052,1652,555537,124017,1689,Portes du Soleil,green,green,green,yellow,yellow,yellow,yellow,yellow,yellow,red,red,red
Skilift,{9C897280-33ED-4D95-9751-89CEC402FD93},Le Corbeau,555421,123873,1665,555688,123524,1827,Portes du Soleil,green,green,green,yellow,yellow,green,yellow,yellow,yellow,red,red,yellow
Skilift,{16E042C0-7F9C-4FD2-A60C-3737ABDEC4F9},Les Bossons,554820,124010,1537,555381,123496,1683,Portes du Soleil,green,green,green,yellow,yellow,yellow,yellow,yellow,yellow,red,red,red
Skilift,{50C78621-36C3-43DD-A257-55D0E2650390},Marcheuson,554151,114288,1823,553794,114197,1936,Portes du Soleil,green,green,green,green,green,green,yellow,yellow,yellow,yellow,yellow,yellow
Sesselbahn,{0083141A-9B74-4448-86B4-BC8558B83495},Morclan,555133,124219,1619,555352,125158,1972,Portes du Soleil,green,green,green,yellow,yellow,yellow,yellow,yellow,yellow,red,red,red
Sesselbahn,{9164A3BA-6B74-4CB3-A5A4-723DCBB12CFB},Mossettes- France,549796,116571,1585,551862,115763,2254,Portes du Soleil,green,green,green,green,yellow,green,yellow,yellow,green,yellow,red,yellow
Sesselbahn,{099ED509-0626-43B9-B408-81B352BE1EF5},Mossettes-Suisse,553309,114899,1684,551919,115799,2255,Portes du Soleil,green,green,green,yellow,yellow,green,yellow,yellow,green,red,red,yellow
Skilift,{920B5145-0B55-4CA4-BB37-5BF4D8808133},Onnaz,556304,125676,1707,555766,125974,1920,Portes du Soleil,green,green,green,yellow,yellow,yellow,yellow,yellow,yellow,red,red,red
Sesselbahn,{E3C4B34E-D0A3-4E39-8F80-3D58887F534D},Pauvre Conche,552804,113781,1677,552234,114531,1984,Portes du Soleil,green,green,green,yellow,yellow,yellow,yellow,yellow,yellow,red,red,red
Skilift,{8B2A5A95-4367-4170-B76C-14E4ACC7F65B},Plan Joyeux,555330,120100,1611,555354,119389,1831,Portes du Soleil,green,green,green,yellow,yellow,green,yellow,yellow,yellow,red,red,yellow
Sesselbahn,{38B819D5-BBE7-4917-9C63-A29BB8DD9302},Planachaux,553904,113247,1686,554175,113904,1939,Portes du Soleil,green,green,green,yellow,yellow,yellow,yellow,yellow,yellow,red,red,red
Sesselbahn,{8129021A-C5A3-423A-9360-1129F2F29F56},Pointe de l'Au,554748,116487,1782,553867,116606,2150,Portes du Soleil,green,green,green,yellow,yellow,green,yellow,yellow,yellow,red,red,yellow
Skilift,{A09A993A-9D0B-4643-BF97-3A9DAC52AD3D},Pré-la-Vieille,556317,124734,1574,556115,124248,1628,Portes du Soleil,green,green,green,yellow,yellow,yellow,yellow,yellow,yellow,red,red,red
Skilift,{3DBB30DF-BDD7-4E63-B307-24CB8C0B7A8D},Ripaille 1,552702,113751,1674,551576,113394,1921,Portes du Soleil,green,green,green,yellow,yellow,green,yellow,yellow,yellow,red,red,yellow
Skilift,{CDF9C19A-1FE6-4CC9-8AB8-F328FEB8D806},Ripaille 2,552701,113757,1674,551574,113400,1921,Portes du Soleil,green,green,green,yellow,yellow,green,yellow,yellow,yellow,red,red,yellow
Skilift,{5288853A-8BE6-4983-B50C-1DE9E7AD8E63},Sépaya 1,556314,118047,1457,555196,117566,1714,Portes du Soleil,green,green,green,yellow,yellow,yellow,yellow,yellow,yellow,red,red,red
Skilift,{1D7BAB6B-DBD9-4C52-A460-A5571E41D747},Sépaya 2,556312,118052,1458,555593,117742,1622,Portes du Soleil,green,green,green,yellow,yellow,yellow,yellow,yellow,yellow,red,red,red
Skilift,{5E364BA8-62EA-4FE7-B7FE-C5938A91B726},Tour de Don,554997,126479,1840,555594,126532,1984,Portes du Soleil,green,green,green,yellow,yellow,yellow,yellow,yellow,yellow,red,red,red
Sesselbahn,{AA1BFE70-8B20-4472-B0B9-DAF6006DF188},Tronchey,554736,128387,1344,554910,126932,1896,Portes du Soleil,green,yellow,green,yellow,yellow,green,yellow,red,yellow,red,red,yellow
Skilift,{738CF368-ADCC-4122-A5F2-777060AC3564},Truche,555509,119397,1806,555331,119302,1850,Portes du Soleil,green,green,green,green,green,green,yellow,yellow,yellow,yellow,yellow,yellow
Luftseilbahn,{36D3EA22-1871-475A-BBB2-B533C557C901},Champéry,556169,113873,1039,554218,113922,1941,Portes du Soleil,yellow,yellow,green,yellow,red,yellow,yellow,red,yellow,red,red,red
Skilift,{08478020-9C69-4EFC-BAE4-7FC0DE770711},Djeu des Têtes,554645,128502,1338,553426,128671,1736,Portes du Soleil,yellow,yellow,green,yellow,yellow,yellow,yellow,red,yellow,red,red,red
Skilift,{872BD32F-3258-4E57-8544-3AAE8CCAFACB},Fignard,556176,129360,1157,555676,128864,1346,Portes du Soleil,yellow,yellow,yellow,yellow,red,yellow,red,red,red,red,red,red
Skilift,{4111A147-F559-4CAE-BCD2-8C5D1D35E771},Géant,554675,120802,1353,554294,120849,1430,Portes du Soleil,yellow,yellow,yellow,yellow,yellow,yellow,red,red,yellow,red,red,red
Skilift,{80EF8628-EFA0-443E-BDA7-B78B1BBF6BA3},Géant Ecole,554659,120800,1354,554538,120815,1373,Portes du Soleil,yellow,yellow,yellow,yellow,yellow,yellow,red,red,red,red,red,red
Sesselbahn,{3FC6156D-D21B-44BC-88F2-D1861F338A4B},Grand Paradis,555274,112654,1063,554024,113200,1697,Portes du Soleil,yellow,yellow,green,yellow,red,yellow,red,red,yellow,red,red,red
Sesselbahn,{8C5D51B8-37A9-4060-9BFB-705569AF22BD},Jorette,555987,129353,1150,555258,128260,1639,Portes du Soleil,yellow,yellow,green,yellow,red,yellow,red,red,yellow,red,red,red
Sesselbahn,{9A3C57EE-265F-4CFB-A9C9-AD493BF7AA99},Le Corbeau,554927,121251,1342,555729,122063,1755,Portes du Soleil,yellow,yellow,green,yellow,yellow,yellow,yellow,red,yellow,red,red,red
Skilift,{89962CFE-1D92-4845-9334-05D89C9B6DA0},Les Prés d'Orvin 1,579838,221942,1068,579564,221322,1210,Prés-d'Orvin-Chasseral,yellow,yellow,yellow,red,red,yellow,red,red,red,red,red,red
Skilift,{9F298519-0D54-4D48-8529-C96F928269AF},Les Prés d'Orvin 2,579724,222160,1033,579496,221251,1234,Prés-d'Orvin-Chasseral,yellow,yellow,yellow,red,red,yellow,red,red,red,red,red,red
Skilift,{45EB77B4-0A2F-4A7F-B11B-9DB5C15EAE3A},Le Gros Niremont,564682,154294,1193,563552,154908,1495,Rathvel,yellow,yellow,yellow,yellow,red,yellow,red,red,yellow,red,red,red
Skilift,{E9DAFA9D-19FF-4D8D-A219-807B4BFFE7E8},Rathvel 1,564814,154701,1223,564109,155025,1387,Rathvel,yellow,yellow,yellow,yellow,yellow,yellow,red,red,red,red,red,red
Skilift,{90E83C71-9EA1-49B4-91E5-42CCB978B64F},Rathvel 3,564814,154707,1222,564626,154793,1263,Rathvel,yellow,yellow,yellow,yellow,yellow,yellow,red,red,red,red,red,red
Skilift,{2ACC238D-1B41-4540-BEA9-ACE228429DF4},Faltschen,621488,164402,1034,622372,163846,1361,Reichenbach–Faltschen,yellow,yellow,yellow,red,red,yellow,red,red,red,red,red,red
Skilift,{3CBA412E-08DD-424A-92F9-40E72D1B32C9},Rigi Rotstock,678509,211493,1549,678304,211283,1650,Rigi,green,green,green,yellow,yellow,yellow,yellow,yellow,yellow,red,red,red
Luftseilbahn,{1CDE2FBB-FC2E-415A-A196-6CA535DA673D},Gschwend–Rigi Burggeist,683804,207459,1018,682577,208810,1551,Rigi,yellow,yellow,yellow,yellow,red,yellow,red,red,yellow,red,red,red
Skilift,{5D4DAA08-969A-46C5-8397-816FF4C40359},Obermatt–Rigi Scheidegg,682507,207991,1324,682034,208950,1650,Rigi,yellow,yellow,green,yellow,yellow,yellow,yellow,red,yellow,red,red,red
Skilift,{DE1CCA60-C09B-47AA-97DE-2418B39A0A47},Grat-Rigi Kaltbad,678021,210907,1456,677731,211251,1571,Rigi,yellow,yellow,yellow,yellow,yellow,yellow,yellow,yellow,yellow,red,red,red
Skilift,{44F13667-E4AD-4ED2-995A-A8663F20AE96},Rigi Ständli,679412,210964,1324,678703,211919,1609,Rigi,yellow,yellow,green,yellow,yellow,yellow,yellow,red,yellow,red,red,red
Skilift,{F517DB9B-B9A8-47C4-A225-D80D3C2F56D1},Staffel,678533,211537,1549,678503,211727,1593,Rigi,yellow,yellow,yellow,yellow,yellow,yellow,yellow,yellow,yellow,red,red,red
Skilift,{CBBB0A94-C9B5-4844-828B-213080BC6775},Combe de Jaman,565149,144502,1360,564479,143498,1758,Rochers-de-Naye–Caux,green,yellow,green,yellow,yellow,yellow,yellow,red,yellow,red,red,red
Skilift,{69DAC6F1-36AD-4DD5-AFA9-02C7611F5524},Combe de Naye,565340,142849,1835,564505,142459,2027,Rochers-de-Naye–Caux,green,green,green,green,green,green,yellow,yellow,green,yellow,yellow,yellow
Skilift,{06C1486C-E9F2-4880-893E-0A5996C56A20},Rochers de Naye,564858,142518,1902,564521,142453,2022,Rochers-de-Naye–Caux,green,green,green,green,green,green,yellow,yellow,green,yellow,yellow,yellow
Skilift,{ABF21C89-0992-42B1-B860-4333EF86CF0E},Caux,562082,142738,1128,562255,142719,1170,Rochers-de-Naye–Caux,yellow,yellow,yellow,red,red,red,red,red,red,red,red,red
Skilift,{1BD57EEE-A535-417F-96D5-E6BA68A97B09},Rossberg-Ankersboden,600498,165170,1152,599634,164021,1472,Rossberg Oberwil i.S.,yellow,yellow,green,yellow,red,yellow,red,red,yellow,red,red,red
Skilift,{B493BDB5-AD6B-4F55-88CF-E479D6CC5D64},Fleschboden,647648,128787,2121,648098,129285,2350,Rosswald,green,green,green,green,green,green,green,yellow,green,yellow,yellow,yellow
Gondelbahn,{99AC48AE-A91E-44BE-A319-A7A99D86DFE7},Ried-Brig-Rosswald,645213,129343,1033,646402,128283,1827,Rosswald,green,yellow,green,yellow,red,green,yellow,red,yellow,red,red,yellow
Skilift,{EE18256E-D9CF-48CA-856D-C36E9CD6C7D5},Saflischhütte l,646447,128188,1840,647805,128805,2141,Rosswald,green,green,green,yellow,yellow,green,yellow,yellow,yellow,red,red,yellow
Skilift,{2A469428-D8C1-460F-AC62-F41D07B81A4D},Saflischhütte lI,646446,128192,1840,647803,128809,2141,Rosswald,green,green,green,yellow,yellow,green,yellow,yellow,yellow,red,red,yellow
Skilift,{FFF76509-9131-4F31-9C31-701D5E1E1F8B},Stafel,648354,128498,2088,648226,129874,2541,Rosswald,green,green,green,green,green,green,green,yellow,green,yellow,yellow,yellow
Skilift,{36E6E188-EC72-410C-93EB-4C0D84B2A8B4},Bodmen,646161,125584,1758,647173,124723,2229,Rothwald,green,green,green,green,yellow,green,yellow,yellow,green,yellow,red,yellow
Skilift,{5C890704-98EC-48C6-844D-63BDDB377E43},Kastelegg,647381,124918,2174,647927,124817,2265,Rothwald,green,green,green,green,green,green,green,green,green,yellow,yellow,yellow
Sesselbahn,{C1F32519-F209-415D-A013-E430639D76F8},Furggstalden,640157,104663,1685,640574,104382,1906,Saas-Almagell,green,green,green,yellow,yellow,green,yellow,yellow,yellow,red,red,yellow
Skilift,{189D0E16-9B77-4FDA-A2B0-3415B3397CE4},Furggstalden,640615,104363,1911,640824,104506,1953,Saas-Almagell,green,green,green,yellow,yellow,yellow,yellow,yellow,yellow,red,red,red
Skilift,{8FE2C9F4-DFA1-4A39-BA18-E26AD5000AA6},Furggu,640704,103785,1978,641146,103480,2169,Saas-Almagell,green,green,green,green,green,green,green,yellow,green,yellow,yellow,yellow
Sesselbahn,{5EC7592E-B13A-4797-8ED9-59E13E7B0FC3},Heidbodme,640440,104125,1835,641526,103544,2347,Saas-Almagell,green,green,green,green,green,green,green,yellow,green,yellow,yellow,yellow
Skilift,{CD6DBBC4-0CB4-419B-ACA0-CCBD3B618C18},Mittelwald,640665,104339,1916,641010,104223,2047,Saas-Almagell,green,green,green,green,green,green,yellow,yellow,green,yellow,yellow,yellow
Skilift,{C2C140D4-F876-40E8-BADE-F22A76A96F14},Zum Berg,640245,104898,1675,640416,104836,1728,Saas-Almagell,green,green,green,yellow,yellow,yellow,yellow,yellow,yellow,red,red,red
Skilift,{538CD094-6F5B-42A7-B8BF-67C0124F2DE3},Allalin 1,635482,101412,3147,635931,100871,3397,Saas-Fee,green,green,green,green,green,green,green,green,green,green,green,green
Skilift,{6CD50202-3C67-4AC6-940E-C089F129C5D1},Allalin 2,635509,100873,3274,635567,100091,3567,Saas-Fee,green,green,green,green,green,green,green,green,green,green,green,green
Skilift,{CF33913D-898F-423D-A1D6-D14A6D8A74DB},Allalin 3,635480,100882,3272,635559,100090,3568,Saas-Fee,green,green,green,green,green,green,green,green,green,green,green,green
Gondelbahn,{F3C4C1DB-66FC-4900-90C7-6C9DD4B34A0F},Alpin Express 1. Sektion,637852,106172,1789,637080,103481,2597,Saas-Fee,green,green,green,green,yellow,green,green,yellow,green,yellow,red,green
Gondelbahn,{ED674820-E4ED-41A1-8590-AAA13DA5FB64},Alpin Express 2. Sektion,637041,103425,2598,636883,102009,2988,Saas-Fee,green,green,green,green,green,green,green,green,green,green,green,green
Skilift,{E6B6FCCC-12B8-4636-A2B1-016F03C6E10D},Biffig 1,637502,105846,1794,637273,105415,1849,Saas-Fee,green,green,green,green,yellow,green,yellow,yellow,yellow,yellow,red,yellow
Skilift,{CC5CEE9C-ACC7-44AA-B86A-0CE096ABBA4F},Biffig 2,637506,105844,1794,637277,105412,1849,Saas-Fee,green,green,green,green,yellow,green,yellow,yellow,yellow,yellow,red,yellow
Skilift,{F90BCDB8-3D28-43F8-BCF0-019A89DBEC1F},Egginerjoch,637197,102502,2776,637651,101830,3031,Saas-Fee,green,green,green,green,green,green,green,green,green,green,green,green
Skilift,{11022696-CBC1-4245-999B-DBD79F4DC1EF},Feechatz,635286,103618,2887,635435,101344,3156,Saas-Fee,green,green,green,green,green,green,green,green,green,green,green,green
Luftseilbahn,{43295FE5-6C72-4863-ACF3-9FDE5AA84BB4},Felskinn,637226,105486,1848,636945,102041,2997,Saas-Fee,green,green,green,green,green,green,green,yellow,green,green,yellow,green
Luftseilbahn,{9039E1C1-6C3F-4A1E-9384-E16D597F901D},Längfluh,635630,104597,2463,635364,103801,2874,Saas-Fee,green,green,green,green,green,green,green,green,green,green,green,green
Sesselbahn,{FA2EAE4B-938F-46E2-A67E-8552EDADBE22},Längfluh,635254,104446,2637,635279,103315,2923,Saas-Fee,green,green,green,green,green,green,green,green,green,green,green,green
Skilift,{056F9D24-6217-4520-927A-B7AEE0B8BED2},Leeboden,637456,105933,1800,636873,106236,1933,Saas-Fee,green,green,green,yellow,yellow,yellow,yellow,yellow,yellow,red,red,red
Skilift,{9AF21EB1-AD52-4F7B-B4D2-EACC010871C0},Mittaghorn,637109,103837,2473,637330,102970,2699,Saas-Fee,green,green,green,green,green,green,green,green,green,green,green,green
Sesselbahn,{907A95BC-BE55-4F00-B63C-7AE5113DEDB0},Morenia,636726,103884,2420,636615,102464,2850,Saas-Fee,green,green,green,green,green,green,green,green,green,green,green,green
Gondelbahn,{34F42E65-D3E6-4A1C-B2D4-8EF96E760756},Plattjen,637717,105789,1810,639011,104473,2574,Saas-Fee,green,green,green,green,green,green,green,yellow,green,yellow,yellow,green
Gondelbahn,{11C4A799-80BA-4B7E-A4CF-6D2812404254},Spielboden,637696,105776,1804,635661,104604,2458,Saas-Fee,green,green,green,green,green,green,green,yellow,green,yellow,yellow,green
Skilift,{484BE3EF-C3E3-4D59-8EE3-CAAA149F5F90},Stafelwald 1,637501,106003,1797,636990,106325,1921,Saas-Fee,green,green,green,yellow,yellow,yellow,yellow,yellow,yellow,red,red,red
Skilift,{3D7999C3-DBEE-4295-BC95-8E2394EFAA9B},Stafelwald 2,637494,106003,1797,636930,106339,1936,Saas-Fee,green,green,green,yellow,yellow,yellow,yellow,yellow,yellow,red,red,red
Skilift,{C73D1E42-D8D1-495F-AD0E-1575A6F74BD3},Le Cochet,530069,187214,1381,529708,187416,1487,Sainte-Croix–Les Rasses,yellow,yellow,yellow,yellow,yellow,yellow,yellow,red,yellow,red,red,red
Skilift,{501DC9BB-9ED8-4EE6-BA7A-25BBD7210E04},Le Couvert,529916,186442,1180,529975,187189,1394,Sainte-Croix–Les Rasses,yellow,yellow,yellow,yellow,red,yellow,red,red,red,red,red,red
Skilift,{C7FFA73A-626C-4152-904F-8288BB1FE846},Les Avattes 1,530084,187221,1381,530187,187705,1464,Sainte-Croix–Les Rasses,yellow,yellow,yellow,yellow,yellow,yellow,yellow,red,yellow,red,red,red
Skilift,{53E0939C-C62D-480E-9646-607C23F07718},Les Avattes 2,530194,187320,1388,530280,187640,1451,Sainte-Croix–Les Rasses,yellow,yellow,yellow,yellow,yellow,yellow,yellow,red,yellow,red,red,red
Skilift,{5953C425-99BC-4E60-8C6C-F18BBA8874B3},Les Rasses 1,531528,186979,1201,531199,187293,1309,Sainte-Croix–Les Rasses,yellow,yellow,yellow,yellow,yellow,yellow,red,red,red,red,red,red
Skilift,{F4EB2415-45B8-43F5-87D2-BE32BB71E242},Les Rasses 2,531247,187286,1305,530622,188398,1570,Sainte-Croix–Les Rasses,yellow,yellow,yellow,yellow,yellow,yellow,yellow,red,yellow,red,red,red
Skilift,{D8A668C9-ABF9-453F-A748-4B95194DCAD4},Les Rasses 3,531533,186966,1201,530458,187902,1487,Sainte-Croix–Les Rasses,yellow,yellow,yellow,yellow,yellow,yellow,red,red,yellow,red,red,red
Skilift,{6E27DC32-C327-4138-8289-4D4CCFFFA748},Alptrider Ecklift,822764,206943,2377,822569,206402,2510,Samnaun,green,green,green,green,green,green,green,green,green,green,yellow,green
Sesselbahn,{90797B21-B64E-41A0-A453-BE5B42EBB244},Alptrider Sattelbahn,823274,207223,2276,822842,206356,2504,Samnaun,green,green,green,green,green,green,green,green,green,yellow,yellow,green
Skilift,{8923A71F-B67F-4900-B257-663DBC9EAF7F},Blais Grondalift,821790,206208,2455,821843,206872,2615,Samnaun,green,green,green,green,green,green,green,green,green,yellow,yellow,green
Skilift,{8435FF0E-84BC-4F89-A9D5-B97BC5266D01},Clis da Ravaisch,822944,203852,1795,822878,203473,1887,Samnaun,green,green,green,green,yellow,green,yellow,yellow,yellow,yellow,red,yellow
Sesselbahn,{D84D84AB-15F8-4A1D-A04F-330037E49B31},Flimsattelbahn,823368,207151,2268,820739,207290,2755,Samnaun,green,green,green,green,green,green,green,green,green,yellow,yellow,green
Sesselbahn,{EBAD8AE1-708E-4CFD-B58A-7020000AB351},Greitspitzbahn,821648,206171,2460,820318,206185,2871,Samnaun,green,green,green,green,green,green,green,green,green,green,yellow,green
Skilift,{B19DFED5-1550-4E3F-BD57-CBF812C31132},Greitspitzlift,820433,206716,2752,820277,206171,2872,Samnaun,green,green,green,green,green,green,green,green,green,green,green,green
Sesselbahn,{DB7D5AA9-DEFA-4D70-A419-E540DC60F57B},Grivaleabahn,824253,207751,2314,824016,209216,2657,Samnaun,green,green,green,green,green,green,green,green,green,yellow,yellow,green
Skilift,{A0D8A166-A9FF-43DD-ACCA-C38EAED3D5E3},Milolift,823383,207195,2263,823117,207028,2290,Samnaun,green,green,green,green,green,green,green,green,green,yellow,yellow,yellow
Sesselbahn,{0BC1FFA9-7C30-4851-813B-AE8092FD1862},Mullerbahn,824307,207712,2306,823555,207859,2508,Samnaun,green,green,green,green,green,green,green,green,green,yellow,yellow,yellow
Skilift,{CD159A44-2811-495E-B360-4A2E335B9897},Musellalift,822269,203340,1836,821874,203374,1950,Samnaun,green,green,green,yellow,yellow,yellow,yellow,yellow,yellow,red,red,red
Luftseilbahn,{11B039CE-5852-4EBD-B285-11B8147FD19D},Samnaun-Alptrider Sattel 1,823498,204209,1789,822856,206279,2505,Samnaun,green,green,green,green,yellow,green,yellow,yellow,green,yellow,red,yellow
Luftseilbahn,{A54BB966-4535-415F-9A30-1081FD7DC95B},Samnaun-Alptrider Sattel 2,823451,204230,1784,822746,206244,2502,Samnaun,green,green,green,green,yellow,green,yellow,yellow,green,yellow,red,yellow
Sesselbahn,{F6A09C66-1F01-4643-9671-F5E9A2FAFDFC},Viderjochbahn 1,823352,207119,2266,821869,206896,2608,Samnaun,green,green,green,green,green,green,green,green,green,green,yellow,green
Sesselbahn,{2C35A748-1585-4DD2-A619-2DE01F0BF824},Viderjochbahn 2,821658,206199,2464,820554,206750,2757,Samnaun,green,green,green,green,green,green,green,green,green,green,yellow,green
Sesselbahn,{3F01F382-DCD8-42DB-9174-3DE66AF2A46C},Visnitzbahn,823129,207212,2288,823135,208293,2640,Samnaun,green,green,green,green,green,green,green,green,green,yellow,yellow,green
Skilift,{2BAF9AC9-5CA6-4ED3-9B05-12D8642BE10C},Pian Cales,734850,147117,1624,735313,147277,1790,San Bernardino,green,green,green,yellow,yellow,yellow,yellow,yellow,yellow,red,red,red
Skilift,{5AF47DD0-737D-45B5-8FD3-5181C384AC8C},Alp Sarn,748767,176692,1701,747458,177516,2080,Sarn–Heinzenberg,green,green,green,yellow,yellow,green,yellow,yellow,yellow,red,red,yellow
Sesselbahn,{392F032F-4A2B-4330-8439-8F86249EAC77},Lescha-Dultschegnas,750252,176447,1314,748707,176632,1705,Sarn–Heinzenberg,yellow,yellow,green,yellow,yellow,yellow,yellow,red,yellow,red,red,red
Gondelbahn,{4066B120-93AD-4477-B2EF-DDEC87476C28},Sattel-Mostelberg,690834,214835,785,691988,213661,1190,Sattel–Hochstuckli,red,red,yellow,red,red,red,red,red,red,red,red,red
Skilift,{AC5E5022-5514-4771-B450-354D7C4E9D29},Bärenfang,692552,213238,1194,693366,213072,1368,Sattel–Hochstuckli,yellow,yellow,yellow,yellow,red,yellow,red,red,red,red,red,red
Skilift,{1CA4DD73-DB8C-4B7A-953B-324D2BBDBD78},Engelstock,692177,213445,1156,691853,213294,1237,Sattel–Hochstuckli,yellow,yellow,yellow,red,red,yellow,red,red,red,red,red,red
Skilift,{4555EC38-822B-4C3C-9FF0-7A4FB02B3A7E},Mostelberg-Hochstuckli,692512,213162,1189,693263,212641,1494,Sattel–Hochstuckli,yellow,yellow,green,yellow,red,yellow,red,red,yellow,red,red,red
Skilift,{F5492352-B936-4A9B-A46C-7986D0493C75},Laritg,761076,162498,2123,760734,161222,2510,Savognin,green,green,green,green,green,green,green,green,green,yellow,yellow,green
Skilift,{429FD776-DB66-444D-B386-8262AF3F7D98},Naladas,762584,159705,1825,761062,160330,2345,Savognin,green,green,green,green,yellow,green,yellow,yellow,green,yellow,red,yellow
Skilift,{C76C924C-7DB5-4BDA-A1B4-228ED45C2E9C},Piz Cartas I (linke Spur),760747,159351,2242,759157,159667,2706,Savognin,green,green,green,green,green,green,green,green,green,yellow,yellow,green
Skilift,{F9F05717-A0A5-4AA5-BFF2-B2DFF1C530E2},Piz Cartas II (rechte Spur),760764,159354,2242,759096,159685,2705,Savognin,green,green,green,green,green,green,green,green,green,yellow,yellow,green
Sesselbahn,{0754BA38-224B-4A37-A2F2-905355D93BFC},Piz Martegnas,762038,161660,2108,760279,160600,2664,Savognin,green,green,green,green,green,green,green,green,green,yellow,yellow,green
Skilift,{DF7FEC5E-F463-4DD1-BF3B-35A52CA94743},Radons I (rechte Spur),761915,158753,1901,760634,159305,2262,Savognin,green,green,green,green,yellow,green,yellow,yellow,green,yellow,red,yellow
Skilift,{594C3A87-BC7E-4506-AA5F-9D7615416CF3},Radons II (linke Spur),761912,158747,1902,760570,159326,2281,Savognin,green,green,green,green,yellow,green,yellow,yellow,green,yellow,red,yellow
Gondelbahn,{FC7766AF-9CB4-4202-BA2E-910FF3132F51},Tigignas,763393,162542,1599,762113,161658,2109,Savognin,green,green,green,green,yellow,green,yellow,yellow,green,yellow,red,yellow
Sesselbahn,{80BBB5CB-F6AE-4771-BFE5-CECB9EFE9DC5},Savognin,764946,162837,1176,763324,162578,1616,Savognin,yellow,yellow,green,yellow,red,yellow,red,red,yellow,red,red,red
Skilift,{B4506BA4-DB05-4A69-84AF-3F7C9627AFE8},Birrmoos,594433,152890,1383,594195,152437,1508,Schönried-Zweisimmen,green,yellow,green,yellow,yellow,yellow,yellow,red,yellow,red,red,red
Sesselbahn,{DF5BCA4A-663B-483E-8A81-65075613FB2B},Chaltebrunne-Parwengesattel,592824,149554,1686,593604,149429,1994,Schönried-Zweisimmen,green,green,green,green,yellow,green,yellow,yellow,yellow,yellow,red,yellow
Sesselbahn,{5F6485F4-9E5C-4F16-AE14-EFEA290C822E},Chaltebrunne-Saanerslochgrat,592814,149562,1686,592163,149533,1953,Schönried-Zweisimmen,green,green,green,green,yellow,green,yellow,yellow,yellow,yellow,red,yellow
Skilift,{EAF49E65-F352-425D-A57D-C3A697222D81},Hornfluh,590877,148882,1800,590584,148533,1893,Schönried-Zweisimmen,green,green,green,green,green,green,yellow,yellow,yellow,yellow,yellow,yellow
Skilift,{69461266-9771-4041-A4C8-8648CF359B3B},Hugeli 1,587126,151530,1679,586726,152055,1905,Schönried-Zweisimmen,green,green,green,yellow,yellow,yellow,yellow,yellow,yellow,red,red,red
Skilift,{92BDA414-C894-46B5-BEA0-9DF1D1AB8A83},Hugeli 2,587131,151534,1679,586731,152059,1905,Schönried-Zweisimmen,green,green,green,yellow,yellow,yellow,yellow,yellow,yellow,red,red,red
Skilift,{895742CA-D52A-4463-980B-97D064E6B211},Hühnerspiel,591172,148496,1820,591454,148851,1930,Schönried-Zweisimmen,green,green,green,yellow,yellow,yellow,yellow,yellow,yellow,red,red,red
Sesselbahn,{1A18AFC9-58E5-4B71-A6F5-1E1BC749DF8F},Kl. Saanenwald-Hornberg,590690,150931,1421,590892,148818,1814,Schönried-Zweisimmen,green,green,green,yellow,yellow,green,yellow,yellow,yellow,red,red,yellow
Skilift,{59C90552-E8CA-4B9B-8FF4-CF9FA9782F5E},Läger,589980,149336,1617,590464,149003,1812,Schönried-Zweisimmen,green,green,green,yellow,yellow,green,yellow,yellow,yellow,red,red,yellow
Sesselbahn,{59DE197F-43BD-4404-9092-BBB3E53440C9},Lengebrand-Parwengesattel,595178,150746,1384,593615,149462,1994,Schönried-Zweisimmen,green,yellow,green,yellow,yellow,green,yellow,red,yellow,red,red,yellow
Skilift,{8CB781BD-55CA-41B2-BB0F-4BE84FAB8F74},Lochstafel-Hornberg,590873,149893,1580,590961,148861,1803,Schönried-Zweisimmen,green,green,green,yellow,yellow,green,yellow,yellow,yellow,red,red,yellow
Sesselbahn,{394F271F-60B9-42E2-8DF5-725D2B270F50},Oeschseite-Chübeli,592623,152504,1201,591957,150540,1698,Schönried-Zweisimmen,green,yellow,green,yellow,yellow,yellow,yellow,red,yellow,red,red,red
Skilift,{1FBD7E55-CF3A-4341-AED4-2791F2FF2061},Rellerli,586930,150861,1688,586565,151076,1833,Schönried-Zweisimmen,green,green,green,yellow,yellow,yellow,yellow,yellow,yellow,red,red,red
Gondelbahn,{A075D8DE-BC98-4E58-AA7F-FCA92B454C9A},Rinderbergbahn Eggweid-Rinderberg,594229,152739,1459,593839,150847,2009,Schönried-Zweisimmen,green,green,green,yellow,yellow,green,yellow,yellow,green,red,red,yellow
Gondelbahn,{24AEB9D2-29D6-437B-9419-660E36B66A88},Saanenmöser-Kl. Saanenwald-Saanerslochgrat,590544,151753,1273,592224,149646,1943,Schönried-Zweisimmen,green,yellow,green,yellow,yellow,green,yellow,red,yellow,red,red,yellow
Skilift,{76EFF38A-5AF1-401D-BBA7-12B883DCF3F7},Saanersloch,591993,150047,1830,592223,149652,1941,Schönried-Zweisimmen,green,green,green,green,green,green,yellow,yellow,yellow,yellow,yellow,yellow
Sesselbahn,{37603DB0-CB4F-4AFD-87A1-02BF2380096A},Schönried-Horneggli,588834,150259,1236,590385,149161,1775,Schönried-Zweisimmen,green,yellow,green,yellow,yellow,yellow,yellow,red,yellow,red,red,red
Skilift,{C9FCACBD-8033-4546-83BD-310C66B67B8A},Lätzgüetli,590166,151536,1272,590623,150730,1456,Schönried-Zweisimmen,yellow,yellow,green,yellow,yellow,yellow,red,red,yellow,red,red,red
Sesselbahn,{887FF746-E3DE-4C09-9F7D-4DD9C1DA1A3C},Oeschseite-Büelti,592634,152530,1201,593988,152026,1589,Schönried-Zweisimmen,yellow,yellow,green,yellow,yellow,yellow,red,red,yellow,red,red,red
Gondelbahn,{2EB3261A-F8DC-4938-9DC9-FF8F6B8DD3F8},Rinderbergbahn Zweisimmen-Eggweid,595077,155532,952,594245,152823,1459,Schönried-Zweisimmen,yellow,red,green,yellow,red,yellow,red,red,yellow,red,red,red
Gondelbahn,{A0FC868C-C7AD-44C6-8CF3-4D919D7EAD2A},Schönried-Rellerligrat,588362,150407,1246,586560,151106,1833,Schönried-Zweisimmen,yellow,yellow,green,yellow,yellow,yellow,yellow,red,yellow,red,red,red
Sesselbahn,{37323011-4DC1-448D-B015-6CE9ABB28188},St. Stephan-Lengebrand,596187,151469,977,595214,150702,1388,Schönried-Zweisimmen,yellow,red,yellow,red,red,yellow,red,red,red,red,red,red
Skilift,{D684F9B4-1B8A-4DF4-ACCD-866FF4C6EC28},Allmedschwanden,622356,176049,1078,622723,176119,1157,Schwanden–Sigriswil,yellow,yellow,yellow,red,red,red,red,red,red,red,red,red
Skilift,{B8151CB7-97A1-4C7F-B4C0-A20F28A7D86D},Werrenäbnet-Surre,622484,175771,1097,623828,175747,1450,Schwanden–Sigriswil,yellow,yellow,green,yellow,red,yellow,red,red,yellow,red,red,red
Skilift,{D173FF0E-E3F6-4BDA-B4EE-856C17E909D7},Wilerallmi,622958,174852,1186,624015,175207,1468,Schwanden–Sigriswil,yellow,yellow,yellow,yellow,red,yellow,red,red,yellow,red,red,red
Sesselbahn,{E763DE26-912B-49B5-A889-84790FAAA5D1},Kaiseregg,589393,167629,1359,590529,167472,1754,Schwarzsee FR,green,yellow,green,yellow,yellow,yellow,yellow,red,yellow,red,red,red
Skilift,{4E36AD65-DDBE-4FDE-AFF6-9BFF3D285735},Riggisalpboden,589364,167607,1358,589150,166221,1587,Schwarzsee FR,green,yellow,green,yellow,yellow,yellow,yellow,red,yellow,red,red,red
Sesselbahn,{1EA4EDC0-A0E4-4F04-9766-C08ED8FC2E97},Schwarzsee-Riggisalp,588491,168681,1053,588907,167528,1490,Schwarzsee FR,yellow,yellow,green,yellow,red,yellow,red,red,yellow,red,red,red
Skilift,{1B01D2F0-F374-4DA1-B71B-9866DCF5A4E8},Stalden,588590,168703,1057,588997,168487,1137,Schwarzsee FR,yellow,yellow,yellow,red,red,red,red,red,red,red,red,red
Skilift,{E77C6F10-4B63-4C48-8F47-7C6B20FCAD12},Champatsch,814980,190932,2455,815834,191932,2794,Scuol,green,green,green,green,green,green,green,green,green,green,yellow,green
Skilift,{D2F757CD-30D1-450F-9521-6FA38E6F12EA},Champatsch,814995,190938,2456,815863,191925,2798,Scuol,green,green,green,green,green,green,green,green,green,green,yellow,green
Sesselbahn,{E2CE948C-8799-463B-9E10-1520B78D5CD3},Clünas,815958,189640,2187,814872,189242,2497,Scuol,green,green,green,green,green,green,green,green,green,yellow,yellow,green
Sesselbahn,{C6E09020-BEB3-449B-B5A3-B60FAF733AEB},Ftan,814276,186490,1680,814647,187645,2069,Scuol,green,green,green,yellow,yellow,green,yellow,yellow,yellow,red,red,yellow
Sesselbahn,{1F4CCF35-83D9-4321-BB22-F765F458875E},Mot da Ri,815919,189797,2185,814750,189988,2588,Scuol,green,green,green,green,green,green,green,yellow,green,yellow,yellow,yellow
Gondelbahn,{96134738-B988-46CE-BE6F-22C6B01BDAAA},Motta Naluns,817567,186649,1299,816236,188337,2153,Scuol,green,yellow,green,yellow,yellow,green,yellow,red,yellow,red,red,yellow
Sesselbahn,{B9059852-AA9D-4569-8A22-854FEA9E1390},Naluns,816327,188322,2146,815186,189205,2424,Scuol,green,green,green,green,green,green,green,yellow,green,yellow,yellow,yellow
Sesselbahn,{0806F748-F4CD-4ED4-AA16-1402BC935F7D},Prui-Clünas,814754,187656,2059,814799,189214,2505,Scuol,green,green,green,green,green,green,green,yellow,green,yellow,yellow,yellow
Sesselbahn,{BA8C579D-C537-4E53-9A67-D493E74D65F0},Salaniva,815960,189791,2181,816529,191505,2707,Scuol,green,green,green,green,green,green,green,yellow,green,yellow,yellow,green
Skilift,{01DA2613-9084-4C08-A852-9F63069862B9},Rachögna,817521,186682,1309,817197,187075,1461,Scuol,yellow,yellow,yellow,yellow,yellow,yellow,red,red,yellow,red,red,red
Skilift,{2246F5A1-07DE-432A-B915-E39948500E3D},Eisee,647478,182385,1961,646813,182098,2160,Sörenberg,green,green,green,green,green,green,green,yellow,green,yellow,yellow,yellow
Sesselbahn,{A761184E-05E4-4A0A-B267-E79F4C4E372D},Eisee-Brienzer Rothorn,647545,182423,1958,646624,182038,2254,Sörenberg,green,green,green,green,green,green,green,yellow,green,yellow,yellow,yellow
Skilift,{A7720AE0-1F82-4C1E-87E1-88E5057EF4B1},Hundsknubel,644531,184209,1521,644265,183818,1681,Sörenberg,green,green,green,yellow,yellow,yellow,yellow,yellow,yellow,red,red,red
Skilift,{AE35689D-2755-4356-8B5E-FB3F4F1EC7A0},Rossweid,645154,184503,1401,644888,184127,1510,Sörenberg,green,green,green,yellow,yellow,yellow,yellow,yellow,yellow,red,red,red
Skilift,{438AE208-E4B3-4562-9465-0CC8FC450C53},Rossweid,645152,184509,1402,644849,184081,1510,Sörenberg,green,green,green,yellow,yellow,yellow,yellow,yellow,yellow,red,red,red
Skilift,{313D26A7-4F07-473A-8618-85C3C631FE94},Schwarzenegg,644970,185183,1328,644276,183976,1600,Sörenberg,green,yellow,green,yellow,yellow,yellow,yellow,red,yellow,red,red,red
Skilift,{296C5FBA-4A30-485F-A06C-F33E2E44AD76},Schwarzenegg,644974,185180,1328,644278,183970,1600,Sörenberg,green,yellow,green,yellow,yellow,yellow,yellow,red,yellow,red,red,red
Luftseilbahn,{6B3017B9-2C16-4299-9066-DD2E279FA603},Sörenberg-Brienzer Rothorn,647401,184232,1256,646266,181973,2289,Sörenberg,green,yellow,green,yellow,yellow,green,yellow,red,green,red,red,yellow
Sesselbahn,{A2E903AC-4FE1-4739-8A3C-FB62095D2BEF},Steinetli,645562,184270,1389,644360,183292,1685,Sörenberg,green,yellow,green,yellow,yellow,yellow,yellow,red,yellow,red,red,red
Skilift,{8FDF2941-511F-4023-AAEC-465ECAD6DD94},Dorf,645159,185787,1162,644944,185150,1339,Sörenberg,yellow,yellow,yellow,yellow,red,yellow,red,red,red,red,red,red
Skilift,{E7055EC2-F56A-4370-9DE9-9940391F02AC},Ochsenweid,644603,186135,1130,644108,185525,1343,Sörenberg,yellow,yellow,yellow,yellow,red,yellow,red,red,red,red,red,red
Skilift,{5044A16D-8568-4855-A48F-F0BEC0E73BE1},Rischli-Brunnenboden,644044,186700,1122,643821,186388,1216,Sörenberg,yellow,yellow,yellow,red,red,yellow,red,red,red,red,red,red
Skilift,{D5B4CEF8-1187-4721-887C-F4D994CABBC7},Rischli-Husegg,644115,186521,1135,643431,184924,1471,Sörenberg,yellow,yellow,green,yellow,red,yellow,red,red,yellow,red,red,red
Skilift,{EA785A52-B96F-447A-94EE-80518056C3D9},Rischli-Wald,644110,186530,1134,643757,185713,1369,Sörenberg,yellow,yellow,yellow,yellow,red,yellow,red,red,red,red,red,red
Skilift,{605F171A-AEFC-4944-8E0E-C78579259D03},Schönisei,645358,185760,1162,644831,184318,1472,Sörenberg,yellow,yellow,green,yellow,red,yellow,red,red,yellow,red,red,red
Sesselbahn,{2B7A6211-FCB2-476F-B2F4-E81C7B7E95D8},Sörenberg Platz,645921,185267,1170,645481,184418,1410,Sörenberg,yellow,yellow,green,yellow,red,yellow,red,red,yellow,red,red,red
Gondelbahn,{75591A87-91C1-44FE-9922-9061C4F7FBDE},Sörenberg-Rossweid,645425,185683,1167,644917,184357,1468,Sörenberg,yellow,yellow,green,yellow,red,yellow,red,red,yellow,red,red,red
Gondelbahn,{B894B3E8-6841-457C-A77D-27AB8625E5D4},Blachtaboda–Tanatzhöhi,744465,156065,1767,743888,154978,2146,Splügen–Rheinwald,green,green,green,green,yellow,green,yellow,yellow,green,yellow,red,yellow
Sesselbahn,{89D67698-0779-46F6-A30C-4F7B72F9C670},Bodmenstafel,745067,154313,1789,743981,153785,2216,Splügen–Rheinwald,green,green,green,green,yellow,green,green,yellow,green,yellow,red,yellow
Gondelbahn,{52902C79-A0D7-48FF-B328-00C1824A5498},Splügen–Blachtaboda,744368,157007,1490,744461,156114,1768,Splügen–Rheinwald,green,green,green,yellow,yellow,yellow,yellow,yellow,yellow,red,red,red
Sesselbahn,{8C792E48-3FA4-4E14-854F-4387AF8FE87F},Tamboalp,743295,154273,2020,743928,154598,2161,Splügen–Rheinwald,green,green,green,green,green,green,yellow,yellow,yellow,yellow,yellow,yellow
Skilift,{0D677056-380F-48A1-8997-FE9DA6397437},Tanatz,744162,155287,2035,743852,154975,2148,Splügen–Rheinwald,green,green,green,green,green,green,green,green,green,yellow,yellow,yellow
Skilift,{C6784F4F-7E47-476A-B59A-8B1D290CB89B},Bois de Saint-Cergue,501321,144607,1047,500745,144329,1190,St-Cergue,yellow,yellow,yellow,red,red,red,red,red,red,red,red,red
Skilift,{B77B7555-0806-47C1-BC61-268F39F74AB7},Corps de Garde,501483,144622,1040,501413,144332,1127,St-Cergue,yellow,yellow,yellow,red,red,red,red,red,red,red,red,red
Skilift,{42B77077-F92D-498F-A0B2-A287AA11EAA1},Basse-Ruche,501216,145201,1091,501050,145065,1131,St-Cergue,yellow,yellow,yellow,red,red,red,red,red,red,red,red,red
Skilift,{39DAE477-8A1D-4148-8EB2-9418F6B9C102},Bella Tola,615987,120206,2589,616662,120844,2978,St-Luc–Chandolin,green,green,green,green,green,green,green,green,green,green,yellow,green
Skilift,{91A423FB-1590-4B23-A5B7-98B80C46231E},Ecole Tignousa,613349,119590,2174,613516,119591,2196,St-Luc–Chandolin,green,green,green,green,green,green,yellow,yellow,yellow,yellow,yellow,yellow
Skilift,{A00D87F5-D142-41A5-8C6A-071B1A64DEE5},Illhorn 2,611966,122692,2086,613614,123319,2665,St-Luc–Chandolin,green,green,green,green,green,green,green,yellow,green,yellow,yellow,green
Sesselbahn,{33885C45-C67D-4C31-939C-D925C18DACE6},La Forêt-Le Rotzé,612532,119686,1971,613792,120779,2600,St-Luc–Chandolin,green,green,green,green,yellow,green,green,yellow,green,yellow,red,green
Skilift,{9EF5ECE9-E618-4D61-AD3D-EB9E62436C0F},Le Col des Ombrintzes,614283,119848,2321,615006,121414,2774,St-Luc–Chandolin,green,green,green,green,green,green,green,green,green,yellow,yellow,green
Sesselbahn,{AEE8A535-9876-4AC7-A878-A000A27C0B19},Le Rotzé,612807,121812,1942,613607,120672,2550,St-Luc–Chandolin,green,green,green,green,green,green,green,yellow,green,yellow,yellow,green
Sesselbahn,{0C232050-DA0A-4727-A295-331C126DB81B},Le Tsapé,612774,121860,1943,614027,122252,2470,St-Luc–Chandolin,green,green,green,green,yellow,green,green,yellow,green,yellow,red,yellow
Skilift,{9DF85E3C-F74D-4E0D-8605-C8C45E01CEA2},Les Etables,613678,122131,2373,614095,122226,2485,St-Luc–Chandolin,green,green,green,green,green,green,green,green,green,yellow,yellow,yellow
Skilift,{6AA8548B-58CD-454C-905E-108479C75BE5},Par di Modzes,613086,119857,2182,613365,120253,2326,St-Luc–Chandolin,green,green,green,green,green,green,green,yellow,green,yellow,yellow,yellow
Skilift,{801B8644-634C-46FE-905C-98055E654CDE},Pas de Boeuf,614309,119341,2223,616163,119834,2686,St-Luc–Chandolin,green,green,green,green,green,green,green,green,green,yellow,yellow,green
Skilift,{4C1CB5D3-CE34-4415-B6F6-B37BCA4618D2},Tignousa,613323,119622,2174,614013,120388,2439,St-Luc–Chandolin,green,green,green,green,green,green,green,yellow,green,yellow,yellow,yellow
Skilift,{D9D4E07A-7A22-4B43-B163-5BEB9AA7CC9B},Tsa,613980,122070,2444,614202,122109,2483,St-Luc–Chandolin,green,green,green,green,green,green,green,green,green,yellow,yellow,yellow
Sesselbahn,{0624ACE0-0D6B-4227-8C59-5F792C308578},Alp Surlej,782310,146563,2082,783227,145054,2706,St. Moritz,green,green,green,green,green,green,green,green,green,yellow,yellow,green
Skilift,{665F26D7-01BE-44E5-8149-D2DA76D11B12},Chüderun,780294,143986,2300,781112,143574,2589,St. Moritz,green,green,green,green,green,green,green,green,green,green,yellow,green
Skilift,{3C00BB5E-4CD9-41E3-956A-BBBF491C27DD},Cristins,782315,147819,1828,782467,147497,1884,St. Moritz,green,green,green,green,green,green,yellow,yellow,yellow,yellow,yellow,yellow
Sesselbahn,{E8EC818B-9E05-4DB2-B797-2EA9BCFB0DF8},Curtinella,782279,146563,2088,782059,144491,2565,St. Moritz,green,green,green,green,green,green,green,green,green,yellow,yellow,green
Sesselbahn,{95ABF21D-B5FB-4622-B8F6-B72A5BB76B7C},Furtschellas,780278,143908,2316,781406,142780,2797,St. Moritz,green,green,green,green,green,green,green,green,green,green,yellow,green
Sesselbahn,{C902A928-CE13-4B43-9969-97D16024552B},Giand' Alva,783479,146416,2407,783833,147267,2649,St. Moritz,green,green,green,green,green,green,green,green,green,yellow,yellow,green
Skilift,{758A642D-C0B5-453F-961E-ECCE94564C19},Grialetsch,780171,143969,2286,780230,143359,2481,St. Moritz,green,green,green,green,green,green,green,green,green,yellow,yellow,green
Sesselbahn,{A9545002-926F-4047-BD67-2B1242776523},Mandras,783946,145364,2541,783324,145063,2706,St. Moritz,green,green,green,green,green,green,green,green,green,green,green,green
Skilift,{3B7BACEE-DCF0-4923-A830-E3127CA90804},Margun (Valtellina),781455,144389,2446,781168,143849,2565,St. Moritz,green,green,green,green,green,green,green,green,green,green,green,green
Skilift,{4E4E0648-50C9-47EE-81A4-48215AEFF9E2},Murtèl,783458,146402,2406,783323,145103,2706,St. Moritz,green,green,green,green,green,green,green,green,green,green,green,green
Luftseilbahn,{AC12E464-6082-4D3A-B042-D65C7895A858},Murtèl-Corvatsch,783301,145084,2708,783162,143536,3304,St. Moritz,green,green,green,green,green,green,green,green,green,green,green,green
Sesselbahn,{114F7B3E-9265-4294-8582-5F11AED7109C},Rabgiusa,781544,144371,2448,782001,144494,2561,St. Moritz,green,green,green,green,green,green,green,green,green,yellow,yellow,yellow
Luftseilbahn,{2529C212-BC72-41CD-A68A-C11940A5CE43},Sils–Furtschellas,779389,145019,1802,780244,143913,2313,St. Moritz,green,green,green,green,green,green,green,yellow,green,yellow,yellow,yellow
Luftseilbahn,{A851A225-6DAB-4D5D-A603-E0574D9F0789},Surlej-Murtèl,782461,147579,1871,783294,145141,2708,St. Moritz,green,green,green,green,green,green,green,yellow,green,yellow,yellow,green
Sesselbahn,{AFC96FED-2984-49D4-B10A-58E5436E19E2},Alp Giop,782930,152026,2133,781333,153102,2693,St. Moritz,green,green,green,green,green,green,green,yellow,green,yellow,yellow,green
Gondelbahn,{5CDB8222-A322-40DA-A08B-851E01145498},Celerina-Marguns (Val Saluver),785260,154132,1755,783899,154365,2288,St. Moritz,green,green,green,green,yellow,green,yellow,yellow,green,yellow,red,yellow
Luftseilbahn,{ACB4106E-0023-459F-8178-4535D421FD11},Corviglia–Piz Nair (LCPN),782625,153512,2495,780296,153158,3026,St. Moritz,green,green,green,green,green,green,green,green,green,green,green,green
Sesselbahn,{57091C86-45A6-472F-A88F-2CECE4E4024E},FIS,782597,153248,2437,781832,153609,2661,St. Moritz,green,green,green,green,green,green,green,green,green,yellow,yellow,green
Sesselbahn,{6976C224-96EF-4E1F-B2E9-4AD8BCD074AB},Fuorcla Grischa,781132,154965,2692,780267,154263,2968,St. Moritz,green,green,green,green,green,green,green,green,green,green,green,green
Sesselbahn,{AE0A7E61-682F-4F61-8442-A53D43DC81B0},Glüna,782033,154641,2461,780663,155216,2832,St. Moritz,green,green,green,green,green,green,green,green,green,green,yellow,green
Sesselbahn,{5EC86D48-D5BB-4383-A104-E1C167DDF786},Lej da la Pêsch,779352,153651,2748,780226,154212,2967,St. Moritz,green,green,green,green,green,green,green,green,green,green,green,green
Sesselbahn,{1B20094C-E53B-4795-B4EF-574BE753218E},Marguns-Corviglia,783172,154401,2274,782602,153651,2503,St. Moritz,green,green,green,green,green,green,green,green,green,yellow,yellow,green
Sesselbahn,{CF3A2932-0220-473A-B81F-C0361D383700},Plateau Nair,783159,154416,2275,781863,153707,2660,St. Moritz,green,green,green,green,green,green,green,green,green,green,yellow,green
Skilift,{85404ACC-6F2A-4E6F-AC4D-6A2476E83555},Pony,783156,154515,2275,783118,154711,2314,St. Moritz,green,green,green,green,green,green,green,green,green,yellow,yellow,yellow
Skilift,{B7CA740E-2BFC-4AEC-8347-040A4967439C},Provulèr (Talstation Celerina),785365,154173,1736,785087,154318,1820,St. Moritz,green,green,green,yellow,yellow,yellow,yellow,yellow,yellow,red,red,red
Sesselbahn,{7CC74DA4-C785-49E1-A4F5-F5E07D93B98C},Randolins–Munt da San Murezzan,781985,151627,2192,781230,153049,2692,St. Moritz,green,green,green,green,green,green,green,yellow,green,yellow,yellow,green
Skilift,{AB2E943A-79C0-4319-ACD6-744F55198292},Saas Runzöl,783157,153611,2389,782736,153556,2490,St. Moritz,green,green,green,green,green,green,green,green,green,green,yellow,green
Sesselbahn,{D9936CB2-D117-4459-B464-242DC804AC4D},Salastrains,783445,152296,2039,781365,153105,2693,St. Moritz,green,green,green,green,green,green,green,yellow,green,yellow,yellow,green
Luftseilbahn,{F243A80C-098E-4CA7-8B62-3B9B669A46E0},St. Moritz Bad–Signal (LStMS),783801,150834,1781,783003,151984,2129,St. Moritz,green,green,green,yellow,yellow,green,yellow,yellow,yellow,red,red,yellow
Skilift,{40D0F56E-6FC0-4F70-AD55-E85F8C186DF9},Suvretta,782732,150986,1886,782604,151171,1937,St. Moritz,green,green,green,yellow,yellow,yellow,yellow,yellow,yellow,red,red,red
Sesselbahn,{E8EE99A8-3E34-41A4-ABAA-1FAB764F26FF},Suvretta-Randolins,782652,151230,1940,782214,151847,2216,St. Moritz,green,green,green,green,yellow,green,yellow,yellow,green,yellow,red,yellow
Sesselbahn,{0A50F42B-0EB5-4908-8741-3456F635F575},Trais Fluors,783072,154513,2281,782404,155783,2756,St. Moritz,green,green,green,green,green,green,green,green,green,yellow,yellow,green
Sesselbahn,{8183C232-D2BF-4211-A9E7-31FC00D9AB4B},Tschainas (Talstation Celerina),785358,154166,1737,784912,154400,1919,St. Moritz,green,green,green,yellow,yellow,yellow,yellow,yellow,yellow,red,red,red
Luftseilbahn,{2E62D81C-BCE7-48D4-810B-BC1CFD39334E},Bernina-Diavolezza,795532,146464,2098,794252,143252,2981,St. Moritz,green,green,green,green,green,green,green,green,green,green,yellow,green
Luftseilbahn,{8896B265-1FBB-4A6A-815B-5406C7E232D9},Curtinatsch-Piz Lagalb,796424,146023,2113,798529,145334,2901,St. Moritz,green,green,green,green,green,green,green,green,green,green,yellow,green
Sesselbahn,{2BF74333-8CD3-499F-A4C0-60651CC31E23},Diavolezzafirn-Sass Queder,794164,143818,2789,794676,143061,3009,St. Moritz,green,green,green,green,green,green,green,green,green,green,green,green
Skilift,{520A8F3C-6E18-4828-A824-0F47F62EF288},Gspon,635858,119182,1867,636306,119064,2000,Staldenried–Gspon,green,green,green,green,green,green,yellow,yellow,green,yellow,yellow,yellow
Skilift,{5B27ED05-1D6F-4CAB-90DD-C710E4384C84},Waldegg,635686,119842,1894,636726,119504,2201,Staldenried–Gspon,green,green,green,green,green,green,green,yellow,green,yellow,yellow,yellow
Sesselbahn,{73E7BF54-A12E-4800-8055-356BFBC0F82A},Fronalpstock 1. Sektion,693132,204018,1297,692649,203587,1517,Stoos,green,yellow,green,yellow,yellow,yellow,yellow,red,yellow,red,red,red
Sesselbahn,{9577EA6A-6137-44CA-91E3-812BD2943447},Fronalpstock 2. Sektion,692596,203590,1516,691217,202751,1912,Stoos,green,green,green,yellow,yellow,green,yellow,yellow,yellow,red,red,yellow
Sesselbahn,{EB43556B-A764-4B90-A831-3F7AF2829675},Klingenstock,693808,203161,1352,694173,201410,1933,Stoos,green,yellow,green,yellow,yellow,green,yellow,red,yellow,red,red,yellow
Skilift,{2F96F2EE-C304-4639-A6E4-C3DCB9A3FE76},Holibrig,693348,203396,1332,693466,202905,1435,Stoos,yellow,yellow,green,yellow,yellow,yellow,red,red,yellow,red,red,red
Skilift,{A4C65BC1-A886-4672-B0AC-A988CF2A1147},Maggiweid,693624,203862,1272,693540,203643,1328,Stoos,yellow,yellow,yellow,yellow,yellow,yellow,red,red,red,red,red,red
Skilift,{0B3CEDDE-9FBC-41C4-B2C0-F6D37AD09448},Sternegg,693422,203619,1309,693688,203386,1377,Stoos,yellow,yellow,yellow,yellow,yellow,yellow,red,red,red,red,red,red
Skilift,{BFCACD90-1675-4FFA-A43F-532362332ABC},Bambino,594651,114327,2106,594546,114240,2134,Thyon,green,green,green,green,green,green,green,green,green,yellow,yellow,yellow
Skilift,{B41A1149-BFE0-4F54-B798-4D6833CD40DF},Cheminée,594333,114252,2122,594537,113205,2390,Thyon,green,green,green,green,green,green,green,green,green,yellow,yellow,yellow
Skilift,{1458D919-8A28-432A-AB4F-FC4938D5C6AC},Drus,593932,114309,1979,594354,114304,2124,Thyon,green,green,green,green,green,green,green,yellow,green,yellow,yellow,yellow
Sesselbahn,{6AA96988-22A0-4716-BD27-40B4943BC307},Ethérolla,595754,113811,1884,594555,112824,2420,Thyon,green,green,green,green,green,green,green,yellow,green,yellow,yellow,green
Skilift,{3125C49D-7DD0-46D7-B4CF-767EFF2CBD72},Inalpe,594048,114565,2031,594426,114310,2124,Thyon,green,green,green,green,green,green,green,green,green,yellow,yellow,yellow
Skilift,{FE9BD99A-331F-4D9B-A01F-659D309D89A5},JOC,595826,114302,1849,594724,114097,2145,Thyon,green,green,green,green,green,green,yellow,yellow,green,yellow,yellow,yellow
Skilift,{272F9B8A-FD8B-4E60-8E45-9C437B2B6B42},La Combyre,593164,115557,1606,594556,114284,2128,Thyon,green,green,green,green,yellow,green,yellow,yellow,green,yellow,red,yellow
Skilift,{F6834DB5-EEB0-4FA9-8CDA-2CCD6B9E0234},Le Vallon,595832,114238,1850,595625,114003,1917,Thyon,green,green,green,green,green,green,yellow,yellow,yellow,yellow,yellow,yellow
Sesselbahn,{C6C6968A-30F8-4451-8AA5-8BEA693C02F0},Les Masses,596612,114023,1514,595510,113786,1949,Thyon,green,green,green,yellow,yellow,green,yellow,yellow,yellow,red,red,yellow
Skilift,{49BAE2DD-E635-49BC-8966-AF491AD7920E},Matze,595736,114614,1864,594868,114362,2096,Thyon,green,green,green,green,green,green,yellow,yellow,green,yellow,yellow,yellow
Skilift,{59F98275-F6A3-4B5B-AE3F-D3763C091417},Muraz,595681,113764,1901,594548,113758,2244,Thyon,green,green,green,green,green,green,green,yellow,green,yellow,yellow,yellow
Skilift,{3D1433B8-014F-4633-9F2A-63272A898F3E},Piccolo,594961,114222,2080,594793,114121,2132,Thyon,green,green,green,green,green,green,green,green,green,yellow,yellow,yellow
Gondelbahn,{851BB1D8-082D-4D61-8533-716C192ABBC7},Piste de l'Ours,594184,116208,1487,594442,114287,2135,Thyon,green,green,green,green,yellow,green,yellow,yellow,green,yellow,red,yellow
Skilift,{D98D3A5C-85C3-498F-99F6-473C7F275EDC},Theytaz 1,595749,114584,1862,595022,114324,2054,Thyon,green,green,green,green,green,green,yellow,yellow,green,yellow,yellow,yellow
Skilift,{072D78B0-A21B-4084-A5FD-4E1040AE5C2E},Theytaz 2,595542,113932,1937,594559,113815,2218,Thyon,green,green,green,green,green,green,green,yellow,green,yellow,yellow,yellow
Sesselbahn,{4DCDBE26-679C-4A2E-841F-D9226B86AF62},Trabanta,595972,114301,1802,594577,114010,2196,Thyon,green,green,green,green,green,green,yellow,yellow,green,yellow,yellow,yellow
Gondelbahn,{0A7F6D6C-0B24-4C64-A0DF-4784683C685C},Veysonnaz-Thyon,592597,116030,1363,594414,114302,2132,Thyon,green,yellow,green,yellow,yellow,green,yellow,red,green,red,red,yellow
Skilift,{0F390108-5286-4F25-999C-411B04E1B440},Chäserrugg,742650,226062,1900,742147,224373,2263,Toggenburg,green,green,green,green,green,green,green,yellow,green,yellow,yellow,yellow
Gondelbahn,{A0F7D66D-7A26-4439-AA67-E3DADDF2C56D},Espel-Stöfeli,742566,227630,1267,742156,226356,1686,Toggenburg,green,yellow,green,yellow,yellow,yellow,yellow,red,yellow,red,red,red
Skilift,{42312CBB-4419-422D-A4B9-2A106D1530BA},Gamsalp-Gamserrugg,743886,226472,1725,744006,224852,2077,Toggenburg,green,green,green,green,yellow,green,yellow,yellow,green,yellow,red,yellow
Luftseilbahn,{8359E237-22FC-4CDD-9168-CFD3685369B6},Iltios-Chäserrugg,741963,227719,1354,742086,224403,2270,Toggenburg,green,yellow,green,green,yellow,green,yellow,red,green,yellow,red,yellow
Sesselbahn,{B6C3DFC0-A177-4EFD-BECF-6A7196BC2099},Oberdorf-Gamsalp,744339,228284,1232,744095,226417,1775,Toggenburg,green,yellow,green,yellow,yellow,yellow,yellow,red,yellow,red,red,red
Skilift,{FF8CB1D5-C56A-4318-A7D0-9AE8F93D3C93},Sellamatt-Zinggen,740809,227336,1398,740920,226817,1443,Toggenburg,green,yellow,green,yellow,yellow,yellow,yellow,red,yellow,red,red,red
Gondelbahn,{111377E1-EDF6-48D1-8249-1336ACFEDFA2},Stöfeli-Ruggschopf,742142,226250,1686,742410,225381,2076,Toggenburg,green,green,green,green,yellow,green,yellow,yellow,green,yellow,red,yellow
Sesselbahn,{EBECD61E-9DFB-4B5E-A74D-9FEEFD34A0C0},Zinggen-Ruestel,741114,226721,1435,741348,225688,1732,Toggenburg,green,green,green,yellow,yellow,yellow,yellow,yellow,yellow,red,red,red
Gondelbahn,{FFEA9467-5E68-441A-8537-225621616EFB},Alt St. Johann-Alp Selamatt,740093,228546,899,740786,227371,1399,Toggenburg,yellow,red,yellow,red,red,yellow,red,red,red,red,red,red
Skilift,{D3026DFC-A6A2-49B6-86D6-5038B43FA656},Freienalp,744360,228299,1229,744210,227261,1466,Toggenburg,yellow,yellow,green,yellow,yellow,yellow,red,red,yellow,red,red,red
Skilift,{3D165563-4E82-4BC7-BE78-CA54FB3904DD},Gültenweid,744755,228150,1292,744650,227670,1350,Toggenburg,yellow,yellow,yellow,yellow,yellow,yellow,red,red,red,red,red,red
Skilift,{B9042E5C-7DF4-49FE-BA01-7638702FB10F},Iltios,742091,227579,1335,742022,227081,1428,Toggenburg,yellow,yellow,green,yellow,yellow,yellow,red,red,yellow,red,red,red
Skilift,{7E6477A8-9CD6-4AD3-B309-5769CA88FE48},Oberdorf,744525,228508,1224,744783,228177,1296,Toggenburg,yellow,yellow,yellow,yellow,yellow,yellow,red,red,red,red,red,red
Skilift,{75E16361-0296-430E-BE19-A18988BD18E0},Thur,744397,229284,1021,744398,228881,1125,Toggenburg,yellow,yellow,yellow,red,red,red,red,red,red,red,red,red
Sesselbahn,{58D9533D-0D8A-41E2-9DF4-8FBA3B02E7C1},Wildhaus-Oberdorf,744231,229288,1021,744478,228580,1235,Toggenburg,yellow,yellow,yellow,red,red,yellow,red,red,red,red,red,red
Skilift,{C40DE411-84FF-4123-9240-A487786141E4},La Combe,573145,229328,928,573168,227959,1213,Tramelan,yellow,red,yellow,red,red,yellow,red,red,red,red,red,red
Skilift,{FD37B032-0EA9-4622-9FE6-0BC801C3630B},Les Fontaines,572809,228692,1056,572847,227942,1206,Tramelan,yellow,yellow,yellow,red,red,yellow,red,red,red,red,red,red
Skilift,{2C8CB735-7452-4985-9E3F-C14AFE5866AD},Lüsch 1,746984,173007,1816,745872,174032,2170,Tschappina-Heinzenberg,green,green,green,yellow,yellow,green,yellow,yellow,yellow,red,red,yellow
Skilift,{6F82AEE7-DC20-4850-9C5F-A666321AA8E6},Lüsch 2,746990,173012,1816,745877,174037,2171,Tschappina-Heinzenberg,green,green,green,yellow,yellow,green,yellow,yellow,yellow,red,red,yellow
Skilift,{CE9DE7BD-BA4D-45EE-8ACF-D25B48B4A998},Oberurmein,748901,173710,1550,747022,173724,1911,Tschappina-Heinzenberg,green,yellow,green,yellow,yellow,yellow,yellow,yellow,yellow,red,red,red
Skilift,{1C424946-FA93-4DD4-B04B-F434C3957CBA},Tschappina,748005,172632,1580,747021,173047,1822,Tschappina-Heinzenberg,green,yellow,green,yellow,yellow,yellow,yellow,yellow,yellow,red,red,red
Skilift,{2DE56E6A-DA72-4CD5-8C45-741A5FD111D8},Gürgaletsch,764774,185522,1918,763722,184993,2399,Tschiertschen,green,green,green,green,green,green,green,yellow,green,yellow,yellow,yellow
Sesselbahn,{19E8BD40-F60B-4AA8-BA8B-E676AA200939},Hüenerchöpf,765140,186014,1725,764286,185775,2033,Tschiertschen,green,green,green,green,yellow,green,yellow,yellow,green,yellow,red,yellow
Skilift,{BF840580-68FA-4768-9375-B1ACB2C02121},Jochalp,763399,186153,1839,762658,186271,2043,Tschiertschen,green,green,green,yellow,yellow,green,yellow,yellow,yellow,red,red,yellow
Sesselbahn,{881ACB70-B09D-40C0-98E3-2DAAA431357E},Waldstafel,765477,187173,1362,764709,186188,1831,Tschiertschen,green,yellow,green,yellow,yellow,green,yellow,red,yellow,red,red,yellow
Sesselbahn,{66A7169C-875E-4560-8239-15B092D360FA},Brandalp-Breitensteg,627584,124889,1595,627018,124328,1818,Unterbäch-Branalp-Ginals,green,green,green,yellow,yellow,green,yellow,yellow,yellow,red,red,yellow
Skilift,{8AE7127E-2984-444A-B1F6-1F4BC06800A8},Breitensteg-Unter Senntum,626414,123894,1718,626006,122485,2006,Unterbäch-Branalp-Ginals,green,green,green,green,yellow,green,yellow,yellow,green,yellow,red,yellow
Skilift,{D0DAB729-0AAA-486B-AA2B-C6A01BF0FE5C},Unter Senntum-Seefeld,625993,122527,1993,625920,120686,2435,Unterbäch-Branalp-Ginals,green,green,green,green,green,green,green,yellow,green,yellow,yellow,green
Sesselbahn,{9055F025-D52C-4F47-8558-C58EC9C9B7EA},Unterbäch-Brandalp,627946,125897,1237,627691,124865,1600,Unterbäch-Branalp-Ginals,green,yellow,green,yellow,yellow,yellow,yellow,red,yellow,red,red,red
Skilift,{B23526D4-A70E-424C-BBC7-0BE6FCE33522},Sölzer-Osteregg,739566,241645,848,740178,241124,1090,Urnäsch AR,red,red,yellow,red,red,red,red,red,red,red,red,red
Skilift,{BCCE8D3B-F000-4F77-B060-A88CEA641622},Era sot,820900,169204,2128,821264,169408,2218,Val Müstair,green,green,green,green,green,green,yellow,yellow,green,yellow,yellow,yellow
Skilift,{3514DFE1-FD61-48D7-B309-54BA02DE31BF},Minschuns,821181,169295,2193,821924,170031,2517,Val Müstair,green,green,green,green,green,green,green,yellow,green,yellow,yellow,yellow
Skilift,{32AAEF03-03B1-4329-9CF3-91544E09EB43},Vallatscha,821311,170587,2398,820024,171641,2671,Val Müstair,green,green,green,green,green,green,green,green,green,yellow,yellow,green
Sesselbahn,{90AC2B8A-A330-4620-952E-458A0C288348},Buttes-La Robella,532377,193172,780,532165,192036,1226,Val-de-Travers-La Robella,yellow,red,yellow,red,red,yellow,red,red,red,red,red,red
Skilift,{B75F66DE-B6AA-4335-A0B9-C0EDB03EF7D9},Crêt de la Neige,532061,192158,1202,532029,191367,1446,Val-de-Travers-La Robella,yellow,yellow,green,yellow,yellow,yellow,red,red,yellow,red,red,red
Skilift,{F206CAFD-311A-4263-9345-46FF13CAE8E5},Les Lisières,532640,192189,1163,532776,191776,1326,Val-de-Travers-La Robella,yellow,yellow,yellow,yellow,red,yellow,red,red,red,red,red,red
Skilift,{E9314F45-DFC8-47D3-9BB3-7E1DB433E918},Mignon-La Robella,532631,192219,1167,532293,192134,1231,Val-de-Travers-La Robella,yellow,yellow,yellow,red,red,yellow,red,red,red,red,red,red
Skilift,{9EC322E8-39C2-4090-A665-488F2DA22FCA},L'Abbaye,513900,166775,1021,513987,166585,1066,Vallée de Joux,yellow,yellow,yellow,red,red,red,red,red,red,red,red,red
Skilift,{753FEB13-F06A-4115-A8A3-BBE449CECCF5},L'Orient-Les Esserts 1,508141,161713,1031,508769,160868,1298,Vallée de Joux,yellow,yellow,yellow,red,red,yellow,red,red,red,red,red,red
Skilift,{BFA225E8-0407-43B4-9C8C-769C036639AA},L'Orient-Les Esserts 2,508151,161723,1031,508502,161321,1157,Vallée de Joux,yellow,yellow,yellow,red,red,red,red,red,red,red,red,red
Skilift,{6F29A69D-B854-44FA-86F4-9E9CCFF5003F},La Dent de Vaulion,517586,170438,1160,516835,170859,1479,Vallée de Joux,yellow,yellow,yellow,yellow,red,yellow,red,red,yellow,red,red,red
Skilift,{DCBA04C4-B05D-4987-A7C0-106379CA6291},Lac de Joux-L'Abbaye,514161,166908,1016,514290,165644,1327,Vallée de Joux,yellow,yellow,yellow,red,red,yellow,red,red,red,red,red,red
Skilift,{CE9C08DE-8AC5-419C-80F6-85621221AC57},Le Brassus,506140,159352,1066,506000,158827,1184,Vallée de Joux,yellow,yellow,yellow,red,red,red,red,red,red,red,red,red
Skilift,{2528C513-ACA6-48F5-B687-6AD2831EF833},Le Communal,514728,165718,1260,514200,165518,1343,Vallée de Joux,yellow,yellow,yellow,yellow,yellow,yellow,red,red,red,red,red,red
Skilift,{CF697CD4-9459-4592-81BD-0B83F4B304C0},Le Sapeley,514754,165788,1254,515280,164867,1442,Vallée de Joux,yellow,yellow,green,yellow,yellow,yellow,red,red,yellow,red,red,red
Skilift,{492302E3-EE40-403D-A6F2-EFF0A33C1AE7},Les Mollards,506267,159157,1096,507154,158846,1371,Vallée de Joux,yellow,yellow,yellow,yellow,red,yellow,red,red,red,red,red,red
Skilift,{DB722971-566C-44CC-A6E7-A08047ED2926},Faltschona-Dachberg,728747,162152,2492,727099,161521,2868,Vals,green,green,green,green,green,green,green,green,green,green,green,green
Skilift,{0B783A08-BBE4-4A8E-8A0F-09A8B7318683},Glarr,731207,163144,1821,730479,162943,2030,Vals,green,green,green,green,green,green,yellow,yellow,green,yellow,yellow,yellow
Skilift,{0E7D4E15-086C-44B3-BD78-247830335FB0},Loretschberg,730509,162888,2015,728659,162505,2508,Vals,green,green,green,green,green,green,green,green,green,yellow,yellow,green
Gondelbahn,{064C9275-C685-4575-BF79-C27EA47418A1},Vals-Gadastatt,732889,163467,1287,731229,163077,1820,Vals,green,yellow,green,yellow,yellow,green,yellow,red,yellow,red,red,yellow
Gondelbahn,{57402A40-30A0-48BF-BED4-3E9C6D1A5C11},Chassoure,589549,106897,2051,587695,105866,2751,Verbier,green,green,green,green,green,green,green,green,green,green,yellow,green
Gondelbahn,{19191EC9-B40C-4E3A-AC45-FD8FDD93311B},Funispace,585667,104425,2204,586832,105355,2736,Verbier,green,green,green,green,green,green,green,green,green,yellow,yellow,green
Skilift,{3FA3A248-5631-44E2-8413-E3ED0227E40E},Gentianes,589439,104104,2816,589322,103709,2905,Verbier,green,green,green,green,green,green,green,green,green,green,green,green
Luftseilbahn,{8FBFFC71-D7E4-41CC-BF3A-9E0424E2A15F},Gentianes-Mont Fort,589429,103726,2906,590692,103181,3315,Verbier,green,green,green,green,green,green,green,green,green,green,green,green
Luftseilbahn,{DE333EF5-AFDF-4DD0-832B-483232815D77},Jumbo,587008,103184,2279,589125,103646,2917,Verbier,green,green,green,green,green,green,green,green,green,yellow,yellow,green
Sesselbahn,{DF841DB3-0D1B-4453-9606-4E58B1781EDC},La Chaux 2,586965,103224,2270,586997,104286,2487,Verbier,green,green,green,green,green,green,green,green,green,yellow,yellow,yellow
Gondelbahn,{B81C414C-992A-45A0-981F-30C976CE4F31},La Chaux Express,585698,104436,2211,586562,103989,2474,Verbier,green,green,green,green,green,green,green,green,green,yellow,yellow,green
Gondelbahn,{ECD1DC57-8FA5-4319-8092-28A04C9CF26A},La Tzoumaz,584117,110390,1540,583032,107957,2349,Verbier,green,green,green,green,yellow,green,yellow,yellow,green,yellow,red,yellow
Sesselbahn,{191CECAB-E80E-4094-915D-2F1FA3F7BE32},Lac des Vaux 1,586916,105864,2554,586884,105316,2736,Verbier,green,green,green,green,green,green,green,green,green,green,green,green
Sesselbahn,{E70DF494-3757-4B27-B38F-0340900E92D4},Lac des Vaux 2,586941,105903,2553,587612,105726,2749,Verbier,green,green,green,green,green,green,green,green,green,green,green,green
Skilift,{D2FC8BB7-DE9A-4D47-8711-335DDDE589E9},Le Rouge,584028,105512,1580,584767,105611,1753,Verbier,green,yellow,green,yellow,yellow,yellow,yellow,yellow,yellow,red,red,red
Sesselbahn,{3334202A-EBF6-4650-A952-A11BD0352374},Le Vacheret-La Combe,584723,105184,1737,585921,104480,2257,Verbier,green,green,green,green,yellow,green,yellow,yellow,green,yellow,red,yellow
Sesselbahn,{5DAC29D3-0349-4394-A2D7-16533EC19BB8},Les Attelas,586023,104502,2227,587159,105250,2724,Verbier,green,green,green,green,green,green,green,green,green,yellow,yellow,green
Skilift,{6AB0C9CE-2622-4002-9688-8A0F32320827},Les Esserts,584072,105926,1615,584346,106204,1686,Verbier,green,green,green,yellow,yellow,yellow,yellow,yellow,yellow,red,red,red
Sesselbahn,{06563FE2-EEAD-4AA9-B7B0-24D4EF90825C},Les Etablons,584176,109941,1646,583593,108726,2136,Verbier,green,green,green,green,yellow,green,yellow,yellow,green,yellow,red,yellow
Gondelbahn,{016326C2-CC4B-4345-BA9B-CBE9057F2FC5},Médran 1,584166,104686,1536,585636,104416,2203,Verbier,green,green,green,green,yellow,green,yellow,yellow,green,yellow,red,yellow
Gondelbahn,{E2575819-774B-4DC6-9DE4-C8CE6692BC7F},Médran 2,584161,104696,1535,585624,104429,2205,Verbier,green,green,green,green,yellow,green,yellow,yellow,green,yellow,red,yellow
Luftseilbahn,{1C15DD5C-9E83-4F06-ADFD-E5F8D3A1604D},Mont–Gelé,586853,105309,2738,587643,105009,3006,Verbier,green,green,green,green,green,green,green,green,green,green,green,green
Gondelbahn,{68E81E03-0B18-4F7D-98B9-F315C569FA0E},Savoleyres,583461,105859,1598,583020,107898,2346,Verbier,green,yellow,green,yellow,yellow,green,yellow,yellow,green,red,red,yellow
Sesselbahn,{430EC8A8-2FED-48FD-B240-DFA620F20923},Savoleyres Nord,583395,108921,2030,582983,107922,2349,Verbier,green,green,green,green,green,green,green,green,green,yellow,yellow,yellow
Skilift,{C5AAE7B1-1ADE-4690-A3C7-80E809D7BF87},Savoleyres Sud,583837,107267,2008,583094,107922,2336,Verbier,green,green,green,green,green,green,yellow,yellow,green,yellow,yellow,yellow
Sesselbahn,{5960FC5B-1C77-4F6A-A1A5-8860A262A3AB},Taillay,584357,109098,1911,583608,107970,2260,Verbier,green,green,green,green,green,green,green,yellow,green,yellow,yellow,yellow
Sesselbahn,{791C8395-91B7-4126-ABF0-BF9D613C7E01},Tortin,590503,109302,1737,589691,107062,2053,Verbier,green,green,green,green,yellow,green,yellow,yellow,green,yellow,red,yellow
Luftseilbahn,{3A92C30B-3AF4-473B-B843-92226F93B6C1},Tortin–Gentianes,589608,106877,2059,589430,103743,2909,Verbier,green,green,green,green,green,green,green,green,green,green,yellow,green
Sesselbahn,{F90B026B-B37C-49E8-9C79-6B941CB2FABF},Tournelle,583041,107322,2148,582500,107876,2370,Verbier,green,green,green,green,green,green,green,yellow,green,yellow,yellow,yellow
Skilift,{985B42E5-9A45-4270-93BD-AB61F1DAB0EA},Cabanon,608021,119318,2129,607200,119244,2367,Vercorin,green,green,green,green,green,green,green,green,green,yellow,yellow,yellow
Skilift,{DCF5ED76-E524-4329-B5F2-67F0399FBECC},Crêt-du-Midi,607698,119829,2172,607016,119754,2328,Vercorin,green,green,green,green,green,green,green,green,green,yellow,yellow,yellow
Skilift,{77CF50A4-781D-4E16-8C90-2DA2C57E4DBE},Les Chardoria,607375,119693,2229,607032,119521,2308,Vercorin,green,green,green,green,green,green,green,green,green,yellow,yellow,yellow
Skilift,{8E6EB3F3-099D-43E3-BDB8-BAEF4ED2D615},Mont-Major,607716,119825,2172,607186,119320,2374,Vercorin,green,green,green,green,green,green,green,green,green,yellow,yellow,yellow
Gondelbahn,{7665EA09-38DB-4017-A9BE-2C509244B990},Sigeroula-Crêt du Midi,607101,120895,1868,607024,119786,2330,Vercorin,green,green,green,green,green,green,green,yellow,green,yellow,yellow,yellow
Skilift,{C728A914-3EB0-4720-B687-835E5179CC62},Tracuit,608470,120625,1829,607667,119606,2220,Vercorin,green,green,green,green,green,green,green,yellow,green,yellow,yellow,yellow
Gondelbahn,{D20847A6-FCA7-4AD7-B9A7-D958824A6061},Vercorin-Sigeroula,607371,122504,1323,607103,120928,1868,Vercorin,green,yellow,green,yellow,yellow,green,yellow,red,yellow,red,red,yellow
Skilift,{DB52E24B-D1A5-435E-8A85-8F7FBEBEC2B5},La Chaux,578035,92024,1981,577187,91605,2272,Vichères-Liddes,green,green,green,green,green,green,green,yellow,green,yellow,yellow,yellow
Skilift,{BDB46A1D-590B-47D5-889F-7C45F04C8F2F},La Vuardette,577674,93097,2016,577378,92318,2182,Vichères-Liddes,green,green,green,green,green,green,green,green,green,yellow,yellow,yellow
Sesselbahn,{914B439A-1FCE-4C43-B682-B4A2E5B87CF2},Le Chapelet,578581,93280,1599,577687,92697,2048,Vichères-Liddes,green,green,green,green,yellow,green,yellow,yellow,green,yellow,red,yellow
Skilift,{F4F6018D-F658-40C8-8D9B-AF31F8D640F9},Giw-Rothorn,637410,122787,1967,638510,122163,2315,Visperterminen,green,green,green,green,green,green,green,yellow,green,yellow,yellow,yellow
Skilift,{15CE77F3-7299-4371-BA5F-7948DA51FDF9},Sennturm-Bord,637356,122209,1875,638195,122209,2204,Visperterminen,green,green,green,green,green,green,green,yellow,green,yellow,yellow,yellow
Luftseilbahn,{3B54FB47-AB14-4A95-A41E-EEB2250B98B9},Blauherd–Rothorn,626887,96228,2580,627782,96723,3108,Zermatt,green,green,green,green,green,green,green,green,green,green,yellow,green
Sesselbahn,{AAC767D3-89A2-4BA8-857A-B3C950572BF1},Eisfluh,625195,96260,2197,625552,96142,2267,Zermatt,green,green,green,green,green,green,green,green,green,yellow,yellow,yellow
Sesselbahn,{E68D943D-3773-4035-8CD8-952C89F42CBA},Findelbahn,625632,95406,2039,625873,94532,2436,Zermatt,green,green,green,green,green,green,green,green,green,yellow,yellow,green
Sesselbahn,{A78A0AAE-FEC7-4C06-AE60-073BD032F304},Furgg–Sandiger Boden,621355,92956,2432,621780,91848,2789,Zermatt,green,green,green,green,green,green,green,green,green,green,green,green
Sesselbahn,{642433F4-DAFD-4204-AF8E-6A3BE537CDCF},Furggsattel,621939,91007,2913,620612,88847,3371,Zermatt,green,green,green,green,green,green,green,green,green,green,green,green
Gondelbahn,{2E7978BF-F8E1-4CA8-BFA5-1064FBDC59E4},Furi–Riffelberg,622953,94361,1845,624411,93580,2581,Zermatt,green,green,green,green,green,green,green,yellow,green,yellow,yellow,green
Luftseilbahn,{9D3F1B3C-E7C8-4344-AA64-C40AC7E11B8A},Furi–Trockener Steg,622745,94458,1873,621985,91180,2938,Zermatt,green,green,green,green,green,green,green,yellow,green,green,yellow,green
Skilift,{77C0CF3C-4222-4AB1-9BDF-B88E743079EE},Gandegg,621984,90973,2917,621178,88101,3237,Zermatt,green,green,green,green,green,green,green,green,green,green,green,green
Sesselbahn,{86968CE5-6731-4BE7-907F-8F8C492E7C40},Gant-Blauherd,627086,95282,2228,627083,96172,2603,Zermatt,green,green,green,green,green,green,green,green,green,yellow,yellow,green
Luftseilbahn,{C341C129-47DA-4C4E-8D10-2DB746B6798D},Gant–Hohtälli,627027,95334,2224,628164,93115,3285,Zermatt,green,green,green,green,green,green,green,green,green,green,yellow,green
Sesselbahn,{36B6E0F9-9863-4854-9E0B-848AF8C15566},Gifthittli,624498,93668,2562,626083,92784,2937,Zermatt,green,green,green,green,green,green,green,green,green,green,green,green
Skilift,{12E6480B-DA6A-4FBD-BA8A-D0A84AF6DDC9},Grenzlift,621759,85777,3713,622992,85864,3902,Zermatt,green,green,green,green,green,green,green,green,green,green,green,green
Sesselbahn,{1C5E4850-118A-4EFD-8AC7-9424F40023DC},Hörnli,620048,95108,2074,620183,93102,2772,Zermatt,green,green,green,green,green,green,green,green,green,green,yellow,green
Sesselbahn,{B8189621-8F67-4606-8712-F578E1974F0B},Kumme,627720,97646,2781,627835,96706,3103,Zermatt,green,green,green,green,green,green,green,green,green,green,green,green
Gondelbahn,{1C2D3F17-C58A-4422-8824-56C6B661A00A},Matterhorn-Express I Zermatt–Furi,623554,95956,1637,622738,94502,1872,Zermatt,green,green,green,yellow,yellow,green,yellow,yellow,yellow,red,red,yellow
Gondelbahn,{112116C6-DFF6-4706-9A20-8761DADC685B},Matterhorn-Express II Furi–Schwarzsee,622738,94502,1872,620967,93446,2594,Zermatt,green,green,green,green,green,green,green,yellow,green,yellow,yellow,green
Gondelbahn,{B57433AC-668C-4B95-9F58-5CA7CE304B49},Matterhorn-Express III Schwarzsee–Furgg (Trockener Steg),621062,92961,2445,621938,91150,2934,Zermatt,green,green,green,green,green,green,green,green,green,green,green,green
Sesselbahn,{9CBC9C81-D12A-49C5-BBD5-6D9AE45A0D13},Patrullarve,625509,97232,1994,627152,96210,2624,Zermatt,green,green,green,green,green,green,green,yellow,green,yellow,yellow,green
Skilift,{462BF427-A209-4A71-91B3-E2A1F1ABFE94},Plateau Breithorn,622730,86797,3800,622992,85867,3902,Zermatt,green,green,green,green,green,green,green,green,green,green,green,green
Skilift,{B4843B6D-75EB-460E-A646-1747AD1D4C59},Plateau Rosa 1,621542,87239,3415,621973,85824,3738,Zermatt,green,green,green,green,green,green,green,green,green,green,green,green
Skilift,{4A2CD584-7D48-4A62-B3CF-DD087B3DDFD7},Plateau Rosa 2,621517,87222,3417,621903,85823,3732,Zermatt,green,green,green,green,green,green,green,green,green,green,green,green
Skilift,{F71D7C51-C1CD-426E-9162-A4FAC1C87D3E},Plateau Rosa 3,621494,87233,3417,621656,86612,3514,Zermatt,green,green,green,green,green,green,green,green,green,green,green,green
Luftseilbahn,{363BDE2B-8F73-4647-80C8-056175BF1B52},Rote Nase,628865,92876,3262,628191,93082,3278,Zermatt,green,green,green,green,green,green,green,green,green,green,green,green
Skilift,{5D3DB46A-CA53-4152-A26B-6A8F7742A0F1},Stockhorn,628987,93322,3039,629781,92863,3411,Zermatt,green,green,green,green,green,green,green,green,green,green,green,green
Gondelbahn,{BE77ACC6-0E1A-441E-9514-6D463362C170},Sunnegga–Blauherd,625685,96257,2293,626814,96230,2569,Zermatt,green,green,green,green,green,green,green,green,green,green,yellow,green
Skilift,{9B36A9D3-B05E-4CCA-9884-3D0491BEE2A9},Testa,621184,88240,3229,620925,86925,3462,Zermatt,green,green,green,green,green,green,green,green,green,green,green,green
Skilift,{65BF61F3-C35F-4AF6-A0E0-056EF8C7AEEF},Triftji,628634,94280,2721,628852,92872,3256,Zermatt,green,green,green,green,green,green,green,green,green,green,green,green
Luftseilbahn,{F2C4D2C9-842D-4734-BFB4-D0B6A510883F},Trockener Steg–Klein Matterhorn,621991,91079,2939,622561,87549,3824,Zermatt,green,green,green,green,green,green,green,green,green,green,green,green
Luftseilbahn,{5B25BC43-884E-4F90-8D6D-95669E78584B},Zermatt–Furi,623576,95961,1645,622738,94478,1872,Zermatt,green,green,green,yellow,yellow,green,yellow,yellow,yellow,red,red,yellow
Luftseilbahn,{71D552BB-D7EC-4E03-B44C-DEFFE0E5B9A2},Zermatt–Zmutt,623415,95688,1636,621230,95085,1936,Zermatt,green,green,green,yellow,yellow,green,yellow,yellow,yellow,red,red,yellow
Skilift,{A095B742-F052-4252-9617-0D1E1671CF41},Becs de Bosson,607272,114552,2544,606469,113298,2881,Zinal-Grimentz -Anniviers,green,green,green,green,green,green,green,green,green,green,green,green
Sesselbahn,{21C5A28A-019D-4E61-B99B-66B1C5F2855F},Chiesso,613318,109828,2194,611904,110670,2649,Zinal-Grimentz -Anniviers,green,green,green,green,green,green,green,yellow,green,yellow,yellow,green
Skilift,{5E3D20F4-80CC-470F-89DB-73497430ABFB},Combe,612674,110108,2436,611873,110764,2659,Zinal-Grimentz -Anniviers,green,green,green,green,green,green,green,green,green,yellow,yellow,green
Skilift,{A0BEF823-A822-462A-AB6E-B0B514DB90D7},Combe Durand,612785,109920,2422,611594,109666,2836,Zinal-Grimentz -Anniviers,green,green,green,green,green,green,green,green,green,green,green,green
Sesselbahn,{096A1246-7F7B-4250-9D80-3E6E1351758C},Corne de Sorebois,612066,110740,2621,611517,111039,2876,Zinal-Grimentz -Anniviers,green,green,green,green,green,green,green,green,green,green,green,green
Skilift,{0DD53100-9FA3-4975-8BDC-DF638DAA4493},Ecole Bendolla,609158,114473,2132,608966,114475,2146,Zinal-Grimentz -Anniviers,green,green,green,green,green,green,yellow,yellow,yellow,yellow,yellow,yellow
Sesselbahn,{C330E8D6-785A-43B2-842A-0F3BFEAEB670},Grands Plans,609239,114493,2113,608772,115328,2441,Zinal-Grimentz -Anniviers,green,green,green,green,green,green,green,yellow,green,yellow,yellow,yellow
Gondelbahn,{41D20F6B-20B8-4470-870F-F6F14BDB11EF},Grimentz-Bendolla,610432,113863,1604,609247,114344,2127,Zinal-Grimentz -Anniviers,green,green,green,yellow,yellow,green,yellow,yellow,yellow,red,red,yellow
Luftseilbahn,{FF73358C-1A6C-462E-AB7C-A45E7BDC2B35},Grimentz-Sorebois,610451,113873,1599,612101,111007,2703,Zinal-Grimentz -Anniviers,green,green,green,green,yellow,green,green,yellow,green,yellow,red,green
Sesselbahn,{3699FE18-9ABB-449C-8CC4-A7B4DBE86029},La Tsarvaz,608355,115049,2366,606693,114497,2728,Zinal-Grimentz -Anniviers,green,green,green,green,green,green,green,green,green,green,yellow,green
Sesselbahn,{5F63640D-63D7-4275-8700-304B0BD2E412},Les Crêts,609123,114376,2137,608749,113843,2328,Zinal-Grimentz -Anniviers,green,green,green,green,green,green,green,green,green,yellow,yellow,yellow
Skilift,{89C8F77D-A340-4690-9F93-22C21B7833A6},Lona 1,608638,113642,2322,607405,113413,2592,Zinal-Grimentz -Anniviers,green,green,green,green,green,green,green,green,green,green,yellow,green
Skilift,{11766F51-C911-4F99-A232-4D5E64639D9C},Lona 2,607449,113392,2586,606483,113291,2881,Zinal-Grimentz -Anniviers,green,green,green,green,green,green,green,green,green,green,green,green
Skilift,{E2CA3DCB-61C1-4958-9D73-0B80D5C8DB9C},Marenda,609055,114556,2128,608480,114806,2247,Zinal-Grimentz -Anniviers,green,green,green,green,green,green,yellow,yellow,green,yellow,yellow,yellow
Skilift,{9C666C85-2CF2-4B25-BAA0-FBC97D3DB0A1},Remointze,612739,110430,2436,612473,110525,2504,Zinal-Grimentz -Anniviers,green,green,green,green,green,green,green,green,green,yellow,yellow,yellow
Skilift,{80D41670-FAC8-4EEC-A2AF-10F109560B55},Roc d'Orzival,607443,114800,2566,607427,115953,2805,Zinal-Grimentz -Anniviers,green,green,green,green,green,green,green,green,green,green,yellow,green
Skilift,{6180F993-1E1C-4852-B120-3C0A174322F1},Tsarmettaz,613140,110593,2276,612138,110970,2681,Zinal-Grimentz -Anniviers,green,green,green,green,green,green,green,green,green,yellow,yellow,green
Luftseilbahn,{4D4FD840-D40F-4CC7-B970-FAE89BC9AF1B},Zinal-Sorebois,614314,109669,1668,612756,110342,2447,Zinal-Grimentz -Anniviers,green,green,green,green,yellow,green,yellow,yellow,green,yellow,red,yellow
Sesselbahn,{21ACCAA3-8043-421F-AC49-33285F412462},Albanas,792730,164033,1793,792061,165775,2384,Zuoz,green,green,green,green,yellow,green,yellow,yellow,green,yellow,red,yellow
Sesselbahn,{3C33074A-1B9C-4AEB-8D88-A28CB31168C8},Chastlatsch,792809,163836,1714,791978,164137,1903,Zuoz,green,green,green,yellow,yellow,yellow,yellow,yellow,yellow,red,red,red
Sesselbahn,{1FF14F37-0C1B-4B20-95D9-A693968227F0},Pizzet,792161,164124,1854,791106,165193,2455,Zuoz,green,green,green,green,yellow,green,yellow,yellow,green,yellow,red,yellow
Skilift,{CDAAAD41-D97F-4E10-AF7B-B329E4D3AFD9},Survih,792872,164201,1750,792334,164455,1891,Zuoz,green,green,green,yellow,yellow,yellow,yellow,yellow,yellow,red,red,red
Skilift,{AE7252A7-A02F-449C-8C8F-C985AEEE6A54},Survih,786147,156503,1765,785857,157058,1914,#N/A,#N/A,#N/A,#N/A,#N/A,#N/A,#N/A,#N/A,#N/A,#N/A,#N/A,#N/A,#N/A
Skilift,{A7041466-BB65-464E-8664-4A9F0F6C0432},Bünda,783622,186854,1561,784155,186640,1718,#N/A,#N/A,#N/A,#N/A,#N/A,#N/A,#N/A,#N/A,#N/A,#N/A,#N/A,#N/A,#N/A
Luftseilbahn,{8202A53C-AEFA-42AE-AAFA-12F2567A04EB},Dörfji-Pischa,787568,186435,1808,789276,187244,2486,#N/A,#N/A,#N/A,#N/A,#N/A,#N/A,#N/A,#N/A,#N/A,#N/A,#N/A,#N/A,#N/A
Skilift,{D5EA3AB0-5F01-480F-9D73-D5FBABFFAB1A},Heid,786167,194268,1213,786572,194408,1274,#N/A,#N/A,#N/A,#N/A,#N/A,#N/A,#N/A,#N/A,#N/A,#N/A,#N/A,#N/A,#N/A
Luftseilbahn,{4120D843-B1BA-4F51-91BD-1544A7BB4EE0},Hof-Stillbergalp,786017,183846,1677,785433,183491,1981,#N/A,#N/A,#N/A,#N/A,#N/A,#N/A,#N/A,#N/A,#N/A,#N/A,#N/A,#N/A,#N/A
Skilift,{ABF4E011-1167-4B83-A44B-8ED557AE43E1},Mitteltälli 1,788787,186339,2220,789426,187220,2496,#N/A,#N/A,#N/A,#N/A,#N/A,#N/A,#N/A,#N/A,#N/A,#N/A,#N/A,#N/A,#N/A
Skilift,{719A00EE-5A13-4285-8F86-1F59DF1B693C},Mitteltälli 2,788656,186145,2121,789442,187233,2497,#N/A,#N/A,#N/A,#N/A,#N/A,#N/A,#N/A,#N/A,#N/A,#N/A,#N/A,#N/A,#N/A
Skilift,{E5BBFD76-3FE6-4610-8F9D-981F65F062C9},Pischa-Mittelgrat,788980,185919,2127,789780,187068,2523,#N/A,#N/A,#N/A,#N/A,#N/A,#N/A,#N/A,#N/A,#N/A,#N/A,#N/A,#N/A,#N/A
Skilift,{47B27C30-9C0E-4F4B-AD75-7305C1612975},Selfranga,786697,193080,1190,786914,192336,1361,#N/A,#N/A,#N/A,#N/A,#N/A,#N/A,#N/A,#N/A,#N/A,#N/A,#N/A,#N/A,#N/A
Luftseilbahn,{5581558C-2DBB-4FEF-81C1-FBD6DF4319F9},Stillbergalp-Mittelgrat,785436,183465,1987,785364,182950,2238,#N/A,#N/A,#N/A,#N/A,#N/A,#N/A,#N/A,#N/A,#N/A,#N/A,#N/A,#N/A,#N/A
Skilift,{82A65F75-C781-47F6-8D3E-056D67997598},St.Johannesberg,701945,210529,1084,702089,210470,1113,#N/A,#N/A,#N/A,#N/A,#N/A,#N/A,#N/A,#N/A,#N/A,#N/A,#N/A,#N/A,#N/A
Skilift,{A6E2A5F9-F30B-4082-9E9F-73D608F0445F},Geissloch,782072,184934,1536,782356,184834,1646,#N/A,#N/A,#N/A,#N/A,#N/A,#N/A,#N/A,#N/A,#N/A,#N/A,#N/A,#N/A,#N/A
Skilift,{01DDE972-2D5D-4AAD-B8FC-6CE918C90E4D},Ayerne,579503,134762,1551,580578,134800,1808,#N/A,#N/A,#N/A,#N/A,#N/A,#N/A,#N/A,#N/A,#N/A,#N/A,#N/A,#N/A,#N/A
Gondelbahn,{83385FC8-35D1-4FDA-827F-2AEA6954F890},Diablerets–Isenau,578578,133229,1192,580352,134699,1767,#N/A,#N/A,#N/A,#N/A,#N/A,#N/A,#N/A,#N/A,#N/A,#N/A,#N/A,#N/A,#N/A
Skilift,{28CBF963-F4F7-41B5-8F92-3A1D74466B36},Floriettaz,580743,135076,1783,581324,136199,2112,#N/A,#N/A,#N/A,#N/A,#N/A,#N/A,#N/A,#N/A,#N/A,#N/A,#N/A,#N/A,#N/A
Skilift,{91EDE8D5-870D-4937-9ED1-8060F2A2E144},Isenau,580405,134713,1769,580959,134726,1875,#N/A,#N/A,#N/A,#N/A,#N/A,#N/A,#N/A,#N/A,#N/A,#N/A,#N/A,#N/A,#N/A
Skilift,{F12EF69D-4E3E-4B43-8BE7-2A8322F39216},La Crua,580327,135009,1743,580557,134885,1794,#N/A,#N/A,#N/A,#N/A,#N/A,#N/A,#N/A,#N/A,#N/A,#N/A,#N/A,#N/A,#N/A
Skilift,{463E1013-181D-4C11-B288-8955590A8FAF},Palette,580714,135026,1779,581207,134815,1910,#N/A,#N/A,#N/A,#N/A,#N/A,#N/A,#N/A,#N/A,#N/A,#N/A,#N/A,#N/A,#N/A
Luftseilbahn,{2C00B60B-684F-4B83-B00B-4F1751D84F81},Betten Dorf–Bettmeralp,648426,136174,1204,647640,137381,1929,#N/A,#N/A,#N/A,#N/A,#N/A,#N/A,#N/A,#N/A,#N/A,#N/A,#N/A,#N/A,#N/A
Luftseilbahn,{BEC2083A-CCE4-41D9-95AD-69699D977FE6},Betten Talstation–Betten Dorf,649107,135749,836,648424,136164,1204,#N/A,#N/A,#N/A,#N/A,#N/A,#N/A,#N/A,#N/A,#N/A,#N/A,#N/A,#N/A,#N/A
Luftseilbahn,{501C4427-398B-4D58-BF4B-8DE1D6DAE7D6},Betten Talstation–Bettmeralp,649120,135759,841,647653,137392,1932,#N/A,#N/A,#N/A,#N/A,#N/A,#N/A,#N/A,#N/A,#N/A,#N/A,#N/A,#N/A,#N/A
Luftseilbahn,{0900B3FF-641B-4916-BCFF-A5A07362E3CF},Mörel–Greich–Riederalp,646734,134111,775,645748,136461,1919,#N/A,#N/A,#N/A,#N/A,#N/A,#N/A,#N/A,#N/A,#N/A,#N/A,#N/A,#N/A,#N/A
Gondelbahn,{0DFE4AB7-D399-472C-B96B-1495E133D335},Mörel–Ried Mörel,646725,134088,775,645874,134486,1193,#N/A,#N/A,#N/A,#N/A,#N/A,#N/A,#N/A,#N/A,#N/A,#N/A,#N/A,#N/A,#N/A
Gondelbahn,{717B13E8-7EA3-4AFE-84FF-761422AAE22C},Ried Mörel–Riederalp,645863,134497,1195,645194,136237,1924,#N/A,#N/A,#N/A,#N/A,#N/A,#N/A,#N/A,#N/A,#N/A,#N/A,#N/A,#N/A,#N/A
Luftseilbahn,{F63DB53A-349D-476B-B448-E8E477C257AB},Urdenbahn,766660,181774,2506,764963,181735,2571,#N/A,#N/A,#N/A,#N/A,#N/A,#N/A,#N/A,#N/A,#N/A,#N/A,#N/A,#N/A,#N/A
Luftseilbahn,{51FFB984-F93C-46C2-9F68-284121C04B2B},Urdenbahn,766661,181761,2506,764964,181722,2573,#N/A,#N/A,#N/A,#N/A,#N/A,#N/A,#N/A,#N/A,#N/A,#N/A,#N/A,#N/A,#N/A
Sesselbahn,{9831FDD8-D446-40CD-BE94-11BB1E248BB1},La Pasay,581391,100764,1615,580247,99932,2164,#N/A,#N/A,#N/A,#N/A,#N/A,#N/A,#N/A,#N/A,#N/A,#N/A,#N/A,#N/A,#N/A
Gondelbahn,{DEAFDA97-58EA-43A0-9544-F253CF969DE9},Le Châble-Les Mayens de Bruson,582660,103023,830,581242,100999,1654,#N/A,#N/A,#N/A,#N/A,#N/A,#N/A,#N/A,#N/A,#N/A,#N/A,#N/A,#N/A,#N/A
Gondelbahn,{4AF3BC80-E136-4F54-A2DA-4B1C10038346},Le Châble-Verbier,582676,103044,829,584125,104696,1535,#N/A,#N/A,#N/A,#N/A,#N/A,#N/A,#N/A,#N/A,#N/A,#N/A,#N/A,#N/A,#N/A
Skilift,{A72D90EB-FEA1-448E-8138-FDA1C7284A77},Le Grand-Tsai,580099,99413,2037,580663,99179,2231,#N/A,#N/A,#N/A,#N/A,#N/A,#N/A,#N/A,#N/A,#N/A,#N/A,#N/A,#N/A,#N/A
Skilift,{78D589DD-836C-4644-8B5B-3DFAE4D261A1},Les Moulins,583511,105280,1494,583654,105558,1545,#N/A,#N/A,#N/A,#N/A,#N/A,#N/A,#N/A,#N/A,#N/A,#N/A,#N/A,#N/A,#N/A
Skilift,{00547174-5266-4A67-80D0-40BFE4880D8A},Moay,581515,101110,1545,581055,101141,1706,#N/A,#N/A,#N/A,#N/A,#N/A,#N/A,#N/A,#N/A,#N/A,#N/A,#N/A,#N/A,#N/A
Luftseilbahn,{333B8843-A878-4DBE-88FB-35B6D6708037},Acherberg-Kesselberg,696714,193383,1135,696575,194041,1432,#N/A,#N/A,#N/A,#N/A,#N/A,#N/A,#N/A,#N/A,#N/A,#N/A,#N/A,#N/A,#N/A
Luftseilbahn,{61691E57-11E7-4F8B-9CA7-42FBC0A9A574},Adelboden-TschentenAlp,609139,149072,1372,608233,149716,1942,#N/A,#N/A,#N/A,#N/A,#N/A,#N/A,#N/A,#N/A,#N/A,#N/A,#N/A,#N/A,#N/A
Luftseilbahn,{8EC07EDC-1BE2-4695-82FC-4C277237FA08},Adliswil-Felsenegg,681760,240819,504,680820,240476,811,#N/A,#N/A,#N/A,#N/A,#N/A,#N/A,#N/A,#N/A,#N/A,#N/A,#N/A,#N/A,#N/A
Skilift,{FC824400-A1B8-4B9D-9937-5487527E9609},Aela,773854,141141,1822,774661,140700,2141,#N/A,#N/A,#N/A,#N/A,#N/A,#N/A,#N/A,#N/A,#N/A,#N/A,#N/A,#N/A,#N/A
Luftseilbahn,{E4D511FF-03CA-4B68-AAC0-052A931AEEB2},All' Aqua-Stabbiascio,679579,148890,1613,679985,148089,1964,#N/A,#N/A,#N/A,#N/A,#N/A,#N/A,#N/A,#N/A,#N/A,#N/A,#N/A,#N/A,#N/A
Luftseilbahn,{766AEE1C-9F16-4A77-BFB4-4920B02988F0},All' Aqua-Val d' Olgia,679552,148840,1614,679376,147542,2125,#N/A,#N/A,#N/A,#N/A,#N/A,#N/A,#N/A,#N/A,#N/A,#N/A,#N/A,#N/A,#N/A
Skilift,{6DE99775-BAF9-4ACF-8B78-C1C2F1A19C79},Alp Fräkmünt,662391,204604,1290,661601,204465,1456,#N/A,#N/A,#N/A,#N/A,#N/A,#N/A,#N/A,#N/A,#N/A,#N/A,#N/A,#N/A,#N/A
Sesselbahn,{DE8F2E8E-CC06-4BB6-937A-38FDAEFDA585},Alpboden-Haldigrat,676261,196802,1236,676301,195094,1941,#N/A,#N/A,#N/A,#N/A,#N/A,#N/A,#N/A,#N/A,#N/A,#N/A,#N/A,#N/A,#N/A
Skilift,{DA3FEADA-8794-41B2-B645-1BFDF534781F},Alpe di Neggia,708724,107696,1388,708276,107749,1531,#N/A,#N/A,#N/A,#N/A,#N/A,#N/A,#N/A,#N/A,#N/A,#N/A,#N/A,#N/A,#N/A
Skilift,{BBE50562-50C5-4738-8E0F-2DCD86574098},Alpe Vegnnasca,703881,117847,1416,704367,117514,1674,#N/A,#N/A,#N/A,#N/A,#N/A,#N/A,#N/A,#N/A,#N/A,#N/A,#N/A,#N/A,#N/A
Skilift,{BCB5AB7E-55D5-41CE-92EE-DB510F31B29F},Altschwändi-Oberberg,713186,244680,716,713134,243697,1003,#N/A,#N/A,#N/A,#N/A,#N/A,#N/A,#N/A,#N/A,#N/A,#N/A,#N/A,#N/A,#N/A
Luftseilbahn,{0B655DF4-4430-4CDC-B815-DF3B1CF96935},Amsteg-Arni,693643,181150,514,692619,181479,1304,#N/A,#N/A,#N/A,#N/A,#N/A,#N/A,#N/A,#N/A,#N/A,#N/A,#N/A,#N/A,#N/A
Skilift,{51CBEAD8-FC13-4CCA-9B4D-CC974DDCE5F9},Appenzell-Sollegg,748822,243454,816,747970,242322,1172,#N/A,#N/A,#N/A,#N/A,#N/A,#N/A,#N/A,#N/A,#N/A,#N/A,#N/A,#N/A,#N/A
Luftseilbahn,{78E565E6-8DAE-493F-B067-BB949371D9C1},Armeebahn Brunnen-Axalphorn,647409,176553,572,646954,173033,2227,#N/A,#N/A,#N/A,#N/A,#N/A,#N/A,#N/A,#N/A,#N/A,#N/A,#N/A,#N/A,#N/A
Luftseilbahn,{F2CFA27B-10A6-40F5-9D80-278647A979BE},Arsizio-Serpiano,716040,86901,289,716195,86071,655,#N/A,#N/A,#N/A,#N/A,#N/A,#N/A,#N/A,#N/A,#N/A,#N/A,#N/A,#N/A,#N/A
Luftseilbahn,{48588F46-0936-4FBE-B1B5-DD4D10BED1E9},Arvigo-Braggio,729095,128966,824,729803,129150,1300,#N/A,#N/A,#N/A,#N/A,#N/A,#N/A,#N/A,#N/A,#N/A,#N/A,#N/A,#N/A,#N/A
Luftseilbahn,{3D437261-D0C7-4803-9A1B-723DD5DEA4E5},Äsch-Oberalp,704925,191367,1236,705004,190265,1850,#N/A,#N/A,#N/A,#N/A,#N/A,#N/A,#N/A,#N/A,#N/A,#N/A,#N/A,#N/A,#N/A
Luftseilbahn,{95168E09-9C60-4497-AF14-A11E13C1AF4C},Attinghausen–Kohlplatz,690761,190705,490,690287,190233,607,#N/A,#N/A,#N/A,#N/A,#N/A,#N/A,#N/A,#N/A,#N/A,#N/A,#N/A,#N/A,#N/A
Luftseilbahn,{EC68AACE-4704-4B8A-8764-D1F31A2B5AEE},Barberine-Emosson,561462,100013,1175,561082,101917,1964,#N/A,#N/A,#N/A,#N/A,#N/A,#N/A,#N/A,#N/A,#N/A,#N/A,#N/A,#N/A,#N/A
Luftseilbahn,{6EE69E6C-1FF4-48BA-883A-D37C48B160A1},Bärenburg-Wasserschloss,752030,161699,1096,751552,161545,1356,#N/A,#N/A,#N/A,#N/A,#N/A,#N/A,#N/A,#N/A,#N/A,#N/A,#N/A,#N/A,#N/A
Skilift,{57E0C73D-818E-4D3E-8582-7F27DC44882D},Bäretswil,707609,244154,728,708008,244004,846,#N/A,#N/A,#N/A,#N/A,#N/A,#N/A,#N/A,#N/A,#N/A,#N/A,#N/A,#N/A,#N/A
Skilift,{F253A010-AD45-45A1-B080-C9B7CCC96723},Beckenhalde,746553,253410,764,746697,253136,831,#N/A,#N/A,#N/A,#N/A,#N/A,#N/A,#N/A,#N/A,#N/A,#N/A,#N/A,#N/A,#N/A
Luftseilbahn,{82FF4F4F-FD50-427B-BB9C-DDBACA95F56F},Beckenried-Klewenalp,678732,202205,460,678754,199341,1599,#N/A,#N/A,#N/A,#N/A,#N/A,#N/A,#N/A,#N/A,#N/A,#N/A,#N/A,#N/A,#N/A
Skilift,{F132034D-3836-4B66-B275-E781218DBF15},Bedeia,710190,96421,629,710415,96189,686,#N/A,#N/A,#N/A,#N/A,#N/A,#N/A,#N/A,#N/A,#N/A,#N/A,#N/A,#N/A,#N/A
Skilift,{9F1EFC5B-CF95-4FE6-9CF6-98EDE3402508},Bennau 1,697986,222559,886,698182,221763,1059,#N/A,#N/A,#N/A,#N/A,#N/A,#N/A,#N/A,#N/A,#N/A,#N/A,#N/A,#N/A,#N/A
Skilift,{03EC3EAD-7714-4A39-8A7A-AD0EF9EC3092},Bennau 2,697980,222556,886,698176,221754,1060,#N/A,#N/A,#N/A,#N/A,#N/A,#N/A,#N/A,#N/A,#N/A,#N/A,#N/A,#N/A,#N/A
Luftseilbahn,{F01BD761-974C-4F07-B780-1F0CAE67E7AB},Bergwald-Dürstenboden,725458,204526,935,726836,204957,1617,#N/A,#N/A,#N/A,#N/A,#N/A,#N/A,#N/A,#N/A,#N/A,#N/A,#N/A,#N/A,#N/A
Luftseilbahn,{EB9D584F-2BCF-41FC-A9E7-A9C243242379},Beudon,577614,111681,489,577644,112275,882,#N/A,#N/A,#N/A,#N/A,#N/A,#N/A,#N/A,#N/A,#N/A,#N/A,#N/A,#N/A,#N/A
Luftseilbahn,{F98DBB7F-4CBD-4CD6-9EA7-4280A9E73D63},Biasca-Val Scura,718497,133468,288,719519,132817,1019,#N/A,#N/A,#N/A,#N/A,#N/A,#N/A,#N/A,#N/A,#N/A,#N/A,#N/A,#N/A,#N/A
Skilift,{A6D7D414-39D0-4BAD-8AAB-98AB812C5C89},Biberegg-Nüsell,693789,216397,958,695049,215781,1334,#N/A,#N/A,#N/A,#N/A,#N/A,#N/A,#N/A,#N/A,#N/A,#N/A,#N/A,#N/A,#N/A
Skilift,{8DAAD015-AA5B-4AC3-AFEC-A1C9B5DC5A2A},Biel Weissenboden,696810,194595,1632,696847,195120,1726,#N/A,#N/A,#N/A,#N/A,#N/A,#N/A,#N/A,#N/A,#N/A,#N/A,#N/A,#N/A,#N/A
Skilift,{4D3333FF-B961-40F3-843D-923D54EBBF8E},Bildhus-Gretli 1,720688,234493,810,720906,234282,867,#N/A,#N/A,#N/A,#N/A,#N/A,#N/A,#N/A,#N/A,#N/A,#N/A,#N/A,#N/A,#N/A
Skilift,{66E69749-68D0-4599-9F75-64E1B885ACB6},Birchli-Freiherrenberg,700822,220520,933,700649,219893,1115,#N/A,#N/A,#N/A,#N/A,#N/A,#N/A,#N/A,#N/A,#N/A,#N/A,#N/A,#N/A,#N/A
Skilift,{EEF87506-5716-452E-B9EF-D362A30238F2},Boden-Mäderen,693457,216065,939,693686,215283,1164,#N/A,#N/A,#N/A,#N/A,#N/A,#N/A,#N/A,#N/A,#N/A,#N/A,#N/A,#N/A,#N/A
Skilift,{C7F26B61-D3BA-4281-A407-17FBEB3AC70E},Bodu,637627,111823,1476,637948,111744,1525,#N/A,#N/A,#N/A,#N/A,#N/A,#N/A,#N/A,#N/A,#N/A,#N/A,#N/A,#N/A,#N/A
Skilift,{85768199-216C-4184-B98C-B9BEA1561294},Bois–Chenau,578021,145606,1176,577775,144248,1591,#N/A,#N/A,#N/A,#N/A,#N/A,#N/A,#N/A,#N/A,#N/A,#N/A,#N/A,#N/A,#N/A
Luftseilbahn,{1BDDDF4C-C08C-45C2-959A-94C2F1703C5F},Bolzbach-Bodmi,687908,194812,475,687304,194694,727,#N/A,#N/A,#N/A,#N/A,#N/A,#N/A,#N/A,#N/A,#N/A,#N/A,#N/A,#N/A,#N/A
Skilift,{9B3E6529-26BA-457F-87F6-7D0FC5E5E601},Bömmeli-Lauftegg,741340,242843,848,741531,242507,941,#N/A,#N/A,#N/A,#N/A,#N/A,#N/A,#N/A,#N/A,#N/A,#N/A,#N/A,#N/A,#N/A
Sesselbahn,{BAA0E8A8-4148-44EE-9ED0-130EDA5F9FC4},Bontadini,619879,88521,3045,620899,88189,3337,#N/A,#N/A,#N/A,#N/A,#N/A,#N/A,#N/A,#N/A,#N/A,#N/A,#N/A,#N/A,#N/A
Luftseilbahn,{05335BD0-1F9D-43DE-96F2-09D6A1CA3B1F},Bordei-Terra Veccia,693526,111583,727,694042,111885,779,#N/A,#N/A,#N/A,#N/A,#N/A,#N/A,#N/A,#N/A,#N/A,#N/A,#N/A,#N/A,#N/A
Skilift,{A9332896-0CFA-4327-B5D9-B9473A167A16},Bosse de Tête de Ran,555985,211663,1284,555586,211682,1413,#N/A,#N/A,#N/A,#N/A,#N/A,#N/A,#N/A,#N/A,#N/A,#N/A,#N/A,#N/A,#N/A
Skilift,{2B6530B7-4DEF-40F6-BA1F-02AB922B0F6B},Brand-Oberegg,712524,242398,830,712900,241739,1053,#N/A,#N/A,#N/A,#N/A,#N/A,#N/A,#N/A,#N/A,#N/A,#N/A,#N/A,#N/A,#N/A
Luftseilbahn,{76E704E9-9F53-46A2-8011-D0D0AC17FE36},Bristen-Breitlaui,696264,180260,791,695925,180048,1132,#N/A,#N/A,#N/A,#N/A,#N/A,#N/A,#N/A,#N/A,#N/A,#N/A,#N/A,#N/A,#N/A
Luftseilbahn,{D9C799B4-0270-4709-9BB2-14437E5ED0AC},Bristen-Golzern,697213,180265,837,697962,181222,1400,#N/A,#N/A,#N/A,#N/A,#N/A,#N/A,#N/A,#N/A,#N/A,#N/A,#N/A,#N/A,#N/A
Luftseilbahn,{D4E0EF00-5399-4344-AF6D-684B62288516},Bristen-Waldiberg,695855,180583,788,695459,181391,1181,#N/A,#N/A,#N/A,#N/A,#N/A,#N/A,#N/A,#N/A,#N/A,#N/A,#N/A,#N/A,#N/A
Luftseilbahn,{87AE1028-8560-49EB-A34B-7520367000DA},Brügg-Eierschwand,694671,192617,649,694624,193436,1012,#N/A,#N/A,#N/A,#N/A,#N/A,#N/A,#N/A,#N/A,#N/A,#N/A,#N/A,#N/A,#N/A
Luftseilbahn,{1793766C-1862-4C6A-9EA4-10C2962559FC},Brügg-Riedlig,694776,192526,658,695675,193849,1261,#N/A,#N/A,#N/A,#N/A,#N/A,#N/A,#N/A,#N/A,#N/A,#N/A,#N/A,#N/A,#N/A
Luftseilbahn,{592C9862-AC5F-46D3-9FCB-6762EBB5FBB6},Brülisau-Alp Sigel,753156,239392,943,752575,238773,1596,#N/A,#N/A,#N/A,#N/A,#N/A,#N/A,#N/A,#N/A,#N/A,#N/A,#N/A,#N/A,#N/A
Luftseilbahn,{95B4A9C8-C244-4F29-A3AB-7704C83737B2},Brülisau-Hoher Kasten,752636,240355,933,754797,239010,1789,#N/A,#N/A,#N/A,#N/A,#N/A,#N/A,#N/A,#N/A,#N/A,#N/A,#N/A,#N/A,#N/A
Skilift,{DCDDD962-E234-493F-A9E8-B9BA02953CF8},Brülisau-Leugangen,752485,240339,912,751897,239919,1077,#N/A,#N/A,#N/A,#N/A,#N/A,#N/A,#N/A,#N/A,#N/A,#N/A,#N/A,#N/A,#N/A
Luftseilbahn,{29DDECC9-8FF0-417B-8D7B-062C04CEE1CA},Brunnen-Urmiberg (KlBU),687736,206206,443,687534,207441,1140,#N/A,#N/A,#N/A,#N/A,#N/A,#N/A,#N/A,#N/A,#N/A,#N/A,#N/A,#N/A,#N/A
Skilift,{1CF2F5B7-C902-4452-8167-4E64D09A0FB0},Brunnenboden-Mastrils,759973,203975,722,759173,203531,957,#N/A,#N/A,#N/A,#N/A,#N/A,#N/A,#N/A,#N/A,#N/A,#N/A,#N/A,#N/A,#N/A
Luftseilbahn,{2FBCC7B0-ABDF-4839-A600-63D97236CB04},Brunni-Alp Geschwänd,664604,204395,769,663146,204199,1219,#N/A,#N/A,#N/A,#N/A,#N/A,#N/A,#N/A,#N/A,#N/A,#N/A,#N/A,#N/A,#N/A
Luftseilbahn,{0BF38C85-FADD-4420-90D9-9B7939300B34},Brunni-Weid,687012,201491,836,686124,200759,1292,#N/A,#N/A,#N/A,#N/A,#N/A,#N/A,#N/A,#N/A,#N/A,#N/A,#N/A,#N/A,#N/A
Luftseilbahn,{D4DF1E00-C844-4673-84F5-8EC8D3A76E30},Brunnital-Sittlisalp,701469,189380,1097,700867,189200,1618,#N/A,#N/A,#N/A,#N/A,#N/A,#N/A,#N/A,#N/A,#N/A,#N/A,#N/A,#N/A,#N/A
Luftseilbahn,{36798CFF-6F56-4A34-9D90-A98CCE83A9CE},Ca d'Faret-Murtaira,770948,137991,1445,772160,137704,2170,#N/A,#N/A,#N/A,#N/A,#N/A,#N/A,#N/A,#N/A,#N/A,#N/A,#N/A,#N/A,#N/A
Luftseilbahn,{39C7133A-4F40-4419-B593-C115D702998E},Cabanna Basodino,683547,140453,964,682598,143731,1861,#N/A,#N/A,#N/A,#N/A,#N/A,#N/A,#N/A,#N/A,#N/A,#N/A,#N/A,#N/A,#N/A
Luftseilbahn,{44FA5970-4F95-43A1-851A-F232BD881418},Camorino-Alpe Croveggia,721322,113508,308,722376,112853,936,#N/A,#N/A,#N/A,#N/A,#N/A,#N/A,#N/A,#N/A,#N/A,#N/A,#N/A,#N/A,#N/A
Skilift,{E4433BC1-624D-43F0-AC97-C5E05BC74A76},Campo Blenio 1a,715032,157360,1209,714930,157535,1248,#N/A,#N/A,#N/A,#N/A,#N/A,#N/A,#N/A,#N/A,#N/A,#N/A,#N/A,#N/A,#N/A
Skilift,{713FEC1F-0B75-4C39-9CFE-6CFB18E03705},Campo Blenio 1b,715036,157362,1209,714934,157537,1248,#N/A,#N/A,#N/A,#N/A,#N/A,#N/A,#N/A,#N/A,#N/A,#N/A,#N/A,#N/A,#N/A
Skilift,{D34EBB50-99B2-426C-8999-C2EC304017D8},Campo Blenio 2,714957,157537,1241,713834,157859,1587,#N/A,#N/A,#N/A,#N/A,#N/A,#N/A,#N/A,#N/A,#N/A,#N/A,#N/A,#N/A,#N/A
Luftseilbahn,{9B5219A5-BC27-44D4-B5EC-4B417C905308},Carasso-Baltico,721750,118351,238,720599,119004,1085,#N/A,#N/A,#N/A,#N/A,#N/A,#N/A,#N/A,#N/A,#N/A,#N/A,#N/A,#N/A,#N/A
Luftseilbahn,{DFBFA623-0D13-47E1-984E-611829025447},Cardada,704506,114730,398,703701,116356,1340,#N/A,#N/A,#N/A,#N/A,#N/A,#N/A,#N/A,#N/A,#N/A,#N/A,#N/A,#N/A,#N/A
Luftseilbahn,{B5EBF244-5A91-4355-9D00-ED305AA50B88},Cavergno-Taneda,690321,133445,474,689736,134055,1049,#N/A,#N/A,#N/A,#N/A,#N/A,#N/A,#N/A,#N/A,#N/A,#N/A,#N/A,#N/A,#N/A
Luftseilbahn,{CF182FE8-2B0E-4764-9C2D-6CBBBFF84D72},Chalais-Brie-Vercorin,605644,124037,516,606760,122821,1309,#N/A,#N/A,#N/A,#N/A,#N/A,#N/A,#N/A,#N/A,#N/A,#N/A,#N/A,#N/A,#N/A
Luftseilbahn,{5B4426EC-4559-41B8-8C03-3B0607F51A24},Chälti-Stanserhorn,669484,200023,717,668817,198099,1859,#N/A,#N/A,#N/A,#N/A,#N/A,#N/A,#N/A,#N/A,#N/A,#N/A,#N/A,#N/A,#N/A
Skilift,{0B99831D-1498-41AD-923A-43415F13A7E0},Chapeau-Râblé,551991,216546,1091,551614,216844,1238,#N/A,#N/A,#N/A,#N/A,#N/A,#N/A,#N/A,#N/A,#N/A,#N/A,#N/A,#N/A,#N/A
Luftseilbahn,{2E32EE45-E5E6-4188-B067-A80A5FB3F215},Chäppeliberg-Spilau,694982,200241,1192,695071,198970,1722,#N/A,#N/A,#N/A,#N/A,#N/A,#N/A,#N/A,#N/A,#N/A,#N/A,#N/A,#N/A,#N/A
Luftseilbahn,{36CBF7B8-6C8A-4EB4-AFA4-EEC2DCA78B36},Château-d´Oex–Praz-Perron,576604,147065,964,577254,145635,1221,#N/A,#N/A,#N/A,#N/A,#N/A,#N/A,#N/A,#N/A,#N/A,#N/A,#N/A,#N/A,#N/A
Luftseilbahn,{4B09D9EB-A4B1-486C-BC4D-8EA8DE3EFFB3},Chipfen-Tristel,699052,192482,1195,699746,193272,1560,#N/A,#N/A,#N/A,#N/A,#N/A,#N/A,#N/A,#N/A,#N/A,#N/A,#N/A,#N/A,#N/A
Luftseilbahn,{D8E6C98A-E082-4560-8739-308318E6DB40},Chlital-Gietisflue,685214,194725,1033,685583,194097,1399,#N/A,#N/A,#N/A,#N/A,#N/A,#N/A,#N/A,#N/A,#N/A,#N/A,#N/A,#N/A,#N/A
Luftseilbahn,{F3FBC032-37DC-403E-9055-85E3765E850A},Chlital-Musenalp,685075,193359,1197,684399,192931,1489,#N/A,#N/A,#N/A,#N/A,#N/A,#N/A,#N/A,#N/A,#N/A,#N/A,#N/A,#N/A,#N/A
Skilift,{4913A680-5998-452A-84D9-E6DBC953C5A1},Chrachenhütte,605706,175443,739,605443,175242,820,#N/A,#N/A,#N/A,#N/A,#N/A,#N/A,#N/A,#N/A,#N/A,#N/A,#N/A,#N/A,#N/A
Luftseilbahn,{B8C18BEB-0080-4B1A-B8EE-8C4FB4AD4F36},Chrindi-Stockhorn,607932,170290,1646,607630,171376,2147,#N/A,#N/A,#N/A,#N/A,#N/A,#N/A,#N/A,#N/A,#N/A,#N/A,#N/A,#N/A,#N/A
Skilift,{53A5F217-DDCA-4D9C-B3A7-CD9610858D25},Chrüzhütte-Nätschboden,676046,191668,1723,676389,191949,1797,#N/A,#N/A,#N/A,#N/A,#N/A,#N/A,#N/A,#N/A,#N/A,#N/A,#N/A,#N/A,#N/A
Skilift,{1855A66A-3F33-4B95-9A7E-1232011FE2D6},Chuderhüsi,621462,191664,1020,621551,191385,1093,#N/A,#N/A,#N/A,#N/A,#N/A,#N/A,#N/A,#N/A,#N/A,#N/A,#N/A,#N/A,#N/A
Sesselbahn,{1100A018-D945-4DBC-BE0C-6AC9CE041E14},Cimetta,703906,116695,1336,704243,117478,1650,#N/A,#N/A,#N/A,#N/A,#N/A,#N/A,#N/A,#N/A,#N/A,#N/A,#N/A,#N/A,#N/A
Skilift,{131E269B-926B-472A-9B82-BD7F73815136},Cimetta,703937,117451,1578,704303,117532,1655,#N/A,#N/A,#N/A,#N/A,#N/A,#N/A,#N/A,#N/A,#N/A,#N/A,#N/A,#N/A,#N/A
Skilift,{4DBF0729-84D5-48C9-9701-D9D9250C9440},Cioss Prato,680334,149360,1547,680197,149558,1603,#N/A,#N/A,#N/A,#N/A,#N/A,#N/A,#N/A,#N/A,#N/A,#N/A,#N/A,#N/A,#N/A
Luftseilbahn,{092405D8-05AD-4783-A8A8-0029D9155D30},Claro-Monastero,722894,123868,427,723153,124074,623,#N/A,#N/A,#N/A,#N/A,#N/A,#N/A,#N/A,#N/A,#N/A,#N/A,#N/A,#N/A,#N/A
Luftseilbahn,{0B510B11-979C-4E51-95B2-EDA57D327B84},Costa-Cremaso,696467,114709,633,696326,115060,757,#N/A,#N/A,#N/A,#N/A,#N/A,#N/A,#N/A,#N/A,#N/A,#N/A,#N/A,#N/A,#N/A
Luftseilbahn,{3D86C639-C743-46FD-BAD4-8372DAE6FECA},Cresmino-Vosa,697094,115996,503,696551,115908,552,#N/A,#N/A,#N/A,#N/A,#N/A,#N/A,#N/A,#N/A,#N/A,#N/A,#N/A,#N/A,#N/A
Skilift,{666AF296-0FB8-43CF-B932-4A819A6DAD60},Crêt Meuron,556194,213058,1274,555859,213169,1343,#N/A,#N/A,#N/A,#N/A,#N/A,#N/A,#N/A,#N/A,#N/A,#N/A,#N/A,#N/A,#N/A
Luftseilbahn,{508D0A2E-EA8E-42E5-93F8-FEF247D2426E},Dallenwil-Niederrickenbach,673004,197850,511,675271,198097,1163,#N/A,#N/A,#N/A,#N/A,#N/A,#N/A,#N/A,#N/A,#N/A,#N/A,#N/A,#N/A,#N/A
Luftseilbahn,{B8D8759F-8711-4E0C-9825-EF5104328211},Dallenwil-Wiesenberg,672487,198421,490,671048,197770,1010,#N/A,#N/A,#N/A,#N/A,#N/A,#N/A,#N/A,#N/A,#N/A,#N/A,#N/A,#N/A,#N/A
Luftseilbahn,{7D448A7D-76B2-402F-9CDE-ED9DA64EC93D},Dallenwil-Wirzweli,672224,197551,578,670740,196300,1225,#N/A,#N/A,#N/A,#N/A,#N/A,#N/A,#N/A,#N/A,#N/A,#N/A,#N/A,#N/A,#N/A
Luftseilbahn,{4AAA3821-0E35-4A62-9D06-94EA64B710EA},Daubensee,613425,139068,2222,613654,138555,2348,#N/A,#N/A,#N/A,#N/A,#N/A,#N/A,#N/A,#N/A,#N/A,#N/A,#N/A,#N/A,#N/A
Luftseilbahn,{49DB160F-FE46-492B-8677-D74ABD5F666D},Diegisbalm-Oberalp,671205,194069,1010,670310,194326,1414,#N/A,#N/A,#N/A,#N/A,#N/A,#N/A,#N/A,#N/A,#N/A,#N/A,#N/A,#N/A,#N/A
Luftseilbahn,{D9C891C4-0FD0-490A-83C8-372A71AF2E54},Dixence-Lac des Dix,597272,103672,2138,596806,103276,2379,#N/A,#N/A,#N/A,#N/A,#N/A,#N/A,#N/A,#N/A,#N/A,#N/A,#N/A,#N/A,#N/A
Luftseilbahn,{E8CDE3E0-002F-493E-BE03-0828B0EC89CA},Dorénaz-Champex d'Alesse,569555,111064,453,570680,110824,1127,#N/A,#N/A,#N/A,#N/A,#N/A,#N/A,#N/A,#N/A,#N/A,#N/A,#N/A,#N/A,#N/A
Skilift,{2CD5A3DA-ACDE-45EC-9BE5-8DD46C495435},Dzora,586636,99832,1100,587038,100040,1207,#N/A,#N/A,#N/A,#N/A,#N/A,#N/A,#N/A,#N/A,#N/A,#N/A,#N/A,#N/A,#N/A
Luftseilbahn,{EDA856BF-EAAF-4711-AFC8-1C1F628E8A8D},Egg-Hammen,682191,201077,772,682190,200744,1025,#N/A,#N/A,#N/A,#N/A,#N/A,#N/A,#N/A,#N/A,#N/A,#N/A,#N/A,#N/A,#N/A
Luftseilbahn,{80C3E944-E7F1-41C1-88B5-BB7E01202F92},Eggi-Äppigen,660913,173266,695,660623,173687,836,#N/A,#N/A,#N/A,#N/A,#N/A,#N/A,#N/A,#N/A,#N/A,#N/A,#N/A,#N/A,#N/A
Skilift,{8A3AB0C9-8779-49CE-BA50-1CB3E1181B4C},Eggli,731215,197080,1021,730943,196949,1053,#N/A,#N/A,#N/A,#N/A,#N/A,#N/A,#N/A,#N/A,#N/A,#N/A,#N/A,#N/A,#N/A
Luftseilbahn,{0A0DE9FC-F09C-4175-AA2B-3CAFB5E11B4A},Eierschwand-Ruogig,694624,193439,1012,695169,195400,1733,#N/A,#N/A,#N/A,#N/A,#N/A,#N/A,#N/A,#N/A,#N/A,#N/A,#N/A,#N/A,#N/A
Luftseilbahn,{8B1A156A-31AF-469A-9C28-905E98F822BF},Embd-Schalb,629894,118250,1415,629182,118466,1893,#N/A,#N/A,#N/A,#N/A,#N/A,#N/A,#N/A,#N/A,#N/A,#N/A,#N/A,#N/A,#N/A
Luftseilbahn,{EE26B2E6-3422-4EC2-A83D-CBB809C3571F},Emmetten-Eggeli,681867,201149,760,681735,200622,1067,#N/A,#N/A,#N/A,#N/A,#N/A,#N/A,#N/A,#N/A,#N/A,#N/A,#N/A,#N/A,#N/A
Luftseilbahn,{C3C45FBC-0DAF-47CE-8281-59EFCE3E9EF5},Emmetten-Niederbauen,682230,201097,777,683451,200055,1574,#N/A,#N/A,#N/A,#N/A,#N/A,#N/A,#N/A,#N/A,#N/A,#N/A,#N/A,#N/A,#N/A
Gondelbahn,{FE2E6CF7-1183-48AF-891F-6DA459FAB35C},Emmetten-Stockhütte,681826,201112,761,681201,199910,1285,#N/A,#N/A,#N/A,#N/A,#N/A,#N/A,#N/A,#N/A,#N/A,#N/A,#N/A,#N/A,#N/A
Skilift,{A954025A-A193-49E8-B1AD-E0A56AEE1732},Engi,729545,205149,796,729282,205014,888,#N/A,#N/A,#N/A,#N/A,#N/A,#N/A,#N/A,#N/A,#N/A,#N/A,#N/A,#N/A,#N/A
Luftseilbahn,{4289AD4E-66D2-4322-BB5E-5E0418473097},Ennenda-Äugsten,725010,210231,490,726544,209807,1448,#N/A,#N/A,#N/A,#N/A,#N/A,#N/A,#N/A,#N/A,#N/A,#N/A,#N/A,#N/A,#N/A
Luftseilbahn,{763EC640-99B4-41F3-81FC-B665407FDF9B},Erlenbach-Chrindi,608168,167668,733,607932,170285,1645,#N/A,#N/A,#N/A,#N/A,#N/A,#N/A,#N/A,#N/A,#N/A,#N/A,#N/A,#N/A,#N/A
Skilift,{0DE1BD4D-42F8-41D1-968E-CC6D94EC4C3B},Erli,614212,136842,1407,613895,137169,1489,#N/A,#N/A,#N/A,#N/A,#N/A,#N/A,#N/A,#N/A,#N/A,#N/A,#N/A,#N/A,#N/A
Luftseilbahn,{5A8E95BB-93BD-429E-B206-00325AD2E228},Erstfeld–Schwandiberg,692660,186104,481,693553,186435,1116,#N/A,#N/A,#N/A,#N/A,#N/A,#N/A,#N/A,#N/A,#N/A,#N/A,#N/A,#N/A,#N/A
Skilift,{91F8380D-C3BA-44FC-80EC-21725FF73A7A},Euthal,704888,216551,898,705357,216615,1041,#N/A,#N/A,#N/A,#N/A,#N/A,#N/A,#N/A,#N/A,#N/A,#N/A,#N/A,#N/A,#N/A
Luftseilbahn,{E6E49D45-8594-42F5-92FC-9629D8DA4420},Eyholz-Gibidum,636872,127281,656,638309,124473,2304,#N/A,#N/A,#N/A,#N/A,#N/A,#N/A,#N/A,#N/A,#N/A,#N/A,#N/A,#N/A,#N/A
Luftseilbahn,{A9B4CB73-9726-438C-994E-000C29EC1750},Faido-Pianaselva,704375,148169,703,704012,147708,1097,#N/A,#N/A,#N/A,#N/A,#N/A,#N/A,#N/A,#N/A,#N/A,#N/A,#N/A,#N/A,#N/A
Skilift,{6318450D-E647-4095-8112-5AA945BBC50B},Familienlift Rietbad,736156,234022,931,736380,233333,1098,#N/A,#N/A,#N/A,#N/A,#N/A,#N/A,#N/A,#N/A,#N/A,#N/A,#N/A,#N/A,#N/A
Luftseilbahn,{A0DFA485-56E7-45C8-82BC-D45C00E3EEE0},Fanas-Cania-Eggli,769161,206296,928,771187,207847,1712,#N/A,#N/A,#N/A,#N/A,#N/A,#N/A,#N/A,#N/A,#N/A,#N/A,#N/A,#N/A,#N/A
Luftseilbahn,{77EAD1A4-3B64-46B1-9360-111ECDA9D5C6},Fell-Chrüzhütte,674904,192948,910,675984,191674,1720,#N/A,#N/A,#N/A,#N/A,#N/A,#N/A,#N/A,#N/A,#N/A,#N/A,#N/A,#N/A,#N/A
Luftseilbahn,{0D9AB65A-E110-49C4-8461-F132FADB1FD0},Fell-Spis,674898,192993,907,675835,193097,1194,#N/A,#N/A,#N/A,#N/A,#N/A,#N/A,#N/A,#N/A,#N/A,#N/A,#N/A,#N/A,#N/A
Luftseilbahn,{B3E41857-C161-49FF-99B0-CCE9A92884D5},Fellboden-Bannalpsee,674916,192788,896,675233,191482,1576,#N/A,#N/A,#N/A,#N/A,#N/A,#N/A,#N/A,#N/A,#N/A,#N/A,#N/A,#N/A,#N/A
Luftseilbahn,{EF918BC0-0C84-45EE-B7EC-98D74BA8DD9B},Fidaz-Flimserstein,742872,189551,1195,742253,190819,2058,#N/A,#N/A,#N/A,#N/A,#N/A,#N/A,#N/A,#N/A,#N/A,#N/A,#N/A,#N/A,#N/A
Sesselbahn,{52B143EB-73CE-4A2D-9595-3C496B75303C},Filzbach-Habergschwänd,728183,219912,748,727990,218428,1283,#N/A,#N/A,#N/A,#N/A,#N/A,#N/A,#N/A,#N/A,#N/A,#N/A,#N/A,#N/A,#N/A
Skilift,{FEA8C63F-0B44-40BD-AFBA-F131508B4CD2},Finsterwald-Gfellen,652438,200844,1026,653424,200779,1304,#N/A,#N/A,#N/A,#N/A,#N/A,#N/A,#N/A,#N/A,#N/A,#N/A,#N/A,#N/A,#N/A
Luftseilbahn,{197BEF53-5697-4B7D-8957-B65F182786EB},Fionnay-Plan du Tsenau,589775,97957,1496,589637,98994,2148,#N/A,#N/A,#N/A,#N/A,#N/A,#N/A,#N/A,#N/A,#N/A,#N/A,#N/A,#N/A,#N/A
Skilift,{55514B5C-99D9-44AC-AD3B-3255B93A8502},First Süd,647212,198792,1330,647113,199079,1439,#N/A,#N/A,#N/A,#N/A,#N/A,#N/A,#N/A,#N/A,#N/A,#N/A,#N/A,#N/A,#N/A
Skilift,{162435BE-0A79-48EE-ACDD-8BF65F388DA6},Flensa,766923,206538,1015,766221,206693,1197,#N/A,#N/A,#N/A,#N/A,#N/A,#N/A,#N/A,#N/A,#N/A,#N/A,#N/A,#N/A,#N/A
Luftseilbahn,{9300AE55-8F61-454F-9B87-4310D10A95F6},Flüelen-Eggberge,690600,194277,444,691876,195206,1453,#N/A,#N/A,#N/A,#N/A,#N/A,#N/A,#N/A,#N/A,#N/A,#N/A,#N/A,#N/A,#N/A
Luftseilbahn,{4EB3876D-00B5-445E-B589-7C0ABC6C57E0},Flüelen-Ober Axen,690413,196750,465,690210,197842,993,#N/A,#N/A,#N/A,#N/A,#N/A,#N/A,#N/A,#N/A,#N/A,#N/A,#N/A,#N/A,#N/A
Skilift,{C5D6C17C-E67E-40A4-ACDF-FCBC13CFB38B},Föhrlimatt,637045,259861,518,636842,259651,575,#N/A,#N/A,#N/A,#N/A,#N/A,#N/A,#N/A,#N/A,#N/A,#N/A,#N/A,#N/A,#N/A
Luftseilbahn,{71E3C130-0301-4F3D-B2E1-49A0A3147100},Fort de Cindey,566282,119385,420,566207,119286,502,#N/A,#N/A,#N/A,#N/A,#N/A,#N/A,#N/A,#N/A,#N/A,#N/A,#N/A,#N/A,#N/A
Luftseilbahn,{C450EEFA-A2A8-4A45-A87C-A6F20F896489},Fort du Scex,565980,118163,437,565845,118083,529,#N/A,#N/A,#N/A,#N/A,#N/A,#N/A,#N/A,#N/A,#N/A,#N/A,#N/A,#N/A,#N/A
Gondelbahn,{6EC17D98-6C75-4EF6-8183-AE2DCA39A1FE},Fracch-Confin,734080,147183,1643,732988,146909,1959,#N/A,#N/A,#N/A,#N/A,#N/A,#N/A,#N/A,#N/A,#N/A,#N/A,#N/A,#N/A,#N/A
Luftseilbahn,{049F1C33-F465-481E-BAA5-8068370F6042},Fräkmüntegg–Pilatus Kulm,661827,204703,1423,662161,203515,2069,#N/A,#N/A,#N/A,#N/A,#N/A,#N/A,#N/A,#N/A,#N/A,#N/A,#N/A,#N/A,#N/A
Skilift,{F9FBE6C9-C923-4B7A-B731-B56C3DABB0DA},Fronalphof,689711,203914,643,689745,203690,681,#N/A,#N/A,#N/A,#N/A,#N/A,#N/A,#N/A,#N/A,#N/A,#N/A,#N/A,#N/A,#N/A
Luftseilbahn,{CE58C3D0-F5DB-411A-887C-F35A41258F3F},Frümsen-Stauberen,753796,234973,508,752477,236365,1747,#N/A,#N/A,#N/A,#N/A,#N/A,#N/A,#N/A,#N/A,#N/A,#N/A,#N/A,#N/A,#N/A
Luftseilbahn,{67D40ADC-4DD4-42BF-9187-1277A9D2A5FF},Fürenalp,677142,183899,1085,678594,183857,1847,#N/A,#N/A,#N/A,#N/A,#N/A,#N/A,#N/A,#N/A,#N/A,#N/A,#N/A,#N/A,#N/A
Luftseilbahn,{A44C12C3-1057-421E-81D8-EAED8B54E9D9},Fürgangen-Bellwald,654871,140313,1206,655499,141545,1563,#N/A,#N/A,#N/A,#N/A,#N/A,#N/A,#N/A,#N/A,#N/A,#N/A,#N/A,#N/A,#N/A
Luftseilbahn,{2111C378-83C8-41FE-B64B-C27A09D34E46},Furka-Furkastock,675328,158889,2432,674670,158730,2662,#N/A,#N/A,#N/A,#N/A,#N/A,#N/A,#N/A,#N/A,#N/A,#N/A,#N/A,#N/A,#N/A
Skilift,{597C4880-442B-423A-8A77-8FFB9CA8FA79},Gadmen,669793,176719,1206,669576,176993,1289,#N/A,#N/A,#N/A,#N/A,#N/A,#N/A,#N/A,#N/A,#N/A,#N/A,#N/A,#N/A,#N/A
Skilift,{E2532E8D-EA2D-4C29-B8F0-9DE2DB25D6AF},Gähwil,717986,250547,750,718184,249944,909,#N/A,#N/A,#N/A,#N/A,#N/A,#N/A,#N/A,#N/A,#N/A,#N/A,#N/A,#N/A,#N/A
Skilift,{CC0864A9-A740-4C17-AB65-767F58401DB3},Gais-Klausenbühl,752666,248079,954,752418,248123,1044,#N/A,#N/A,#N/A,#N/A,#N/A,#N/A,#N/A,#N/A,#N/A,#N/A,#N/A,#N/A,#N/A
Skilift,{B7A7C8BF-DA32-4EE7-B77B-C35A45C9B3A5},Gamplüt-Fros,744553,230812,1317,744895,231025,1451,#N/A,#N/A,#N/A,#N/A,#N/A,#N/A,#N/A,#N/A,#N/A,#N/A,#N/A,#N/A,#N/A
Luftseilbahn,{EC0480F3-7A81-497C-AD89-372D69101971},Gaspus-Vättnerberg,753644,198748,964,753673,199588,1585,#N/A,#N/A,#N/A,#N/A,#N/A,#N/A,#N/A,#N/A,#N/A,#N/A,#N/A,#N/A,#N/A
Luftseilbahn,{960DFCDF-F216-4B2F-96CD-51A0EA3B98F3},Geissmattli-Büelen,671386,192378,552,670624,192568,1114,#N/A,#N/A,#N/A,#N/A,#N/A,#N/A,#N/A,#N/A,#N/A,#N/A,#N/A,#N/A,#N/A
Luftseilbahn,{246C5325-746B-46A0-AC5F-BE0AE0B2DFB6},Gemmi,614370,136926,1427,613664,138532,2348,#N/A,#N/A,#N/A,#N/A,#N/A,#N/A,#N/A,#N/A,#N/A,#N/A,#N/A,#N/A,#N/A
Skilift,{8D1640EE-4804-425A-91D6-5E5B97CB05CF},Ghöch,710560,243595,956,710342,243345,1022,#N/A,#N/A,#N/A,#N/A,#N/A,#N/A,#N/A,#N/A,#N/A,#N/A,#N/A,#N/A,#N/A
Luftseilbahn,{1AD3E48A-4FCE-44F0-9BCB-4D006CBEAA27},Gibel,690699,196282,538,690939,196775,793,#N/A,#N/A,#N/A,#N/A,#N/A,#N/A,#N/A,#N/A,#N/A,#N/A,#N/A,#N/A,#N/A
Luftseilbahn,{E3122569-54D2-4F67-B084-7A3788111926},Gitschenberg,688907,193432,438,687749,192446,1372,#N/A,#N/A,#N/A,#N/A,#N/A,#N/A,#N/A,#N/A,#N/A,#N/A,#N/A,#N/A,#N/A
Skilift,{72E7A9A5-6856-48AF-A1D4-2CF1E0365EBC},Gitschenen,681292,194687,1366,680854,195141,1586,#N/A,#N/A,#N/A,#N/A,#N/A,#N/A,#N/A,#N/A,#N/A,#N/A,#N/A,#N/A,#N/A
Skilift,{1DCE5467-47C7-4C0C-B581-94353A7A9F8D},Golf,601719,127624,1431,601842,127854,1462,#N/A,#N/A,#N/A,#N/A,#N/A,#N/A,#N/A,#N/A,#N/A,#N/A,#N/A,#N/A,#N/A
Luftseilbahn,{D864386E-A7EC-4B64-A5A9-7DD46EFA45FE},Göschenen-Stöckli,688163,169217,1095,689996,167950,2294,#N/A,#N/A,#N/A,#N/A,#N/A,#N/A,#N/A,#N/A,#N/A,#N/A,#N/A,#N/A,#N/A
Luftseilbahn,{C0B3685A-36D2-48C6-AB1E-D6542B455252},Göschenen-Stöckli,687040,169028,1159,687302,168373,1664,#N/A,#N/A,#N/A,#N/A,#N/A,#N/A,#N/A,#N/A,#N/A,#N/A,#N/A,#N/A,#N/A
Luftseilbahn,{2E49C676-DD91-4A8D-B9CD-751C6D4BCCFA},Gossalp-Oberalp,681017,192152,1466,680406,192346,1751,#N/A,#N/A,#N/A,#N/A,#N/A,#N/A,#N/A,#N/A,#N/A,#N/A,#N/A,#N/A,#N/A
Luftseilbahn,{9A05FB76-789C-47D6-A2B8-6D9412C811C3},Grafenort-Brunniswald,671473,191352,584,672200,190308,1316,#N/A,#N/A,#N/A,#N/A,#N/A,#N/A,#N/A,#N/A,#N/A,#N/A,#N/A,#N/A,#N/A
Skilift,{5B94876E-5617-48D5-BD60-D418A0F3C5E1},Grandval,599283,234827,952,599107,233910,1268,#N/A,#N/A,#N/A,#N/A,#N/A,#N/A,#N/A,#N/A,#N/A,#N/A,#N/A,#N/A,#N/A
Luftseilbahn,{04EDACBC-A11E-4487-9476-AF9F60453E7D},Grimselnollen-Kessiturm,668429,158177,1958,667245,157473,2245,#N/A,#N/A,#N/A,#N/A,#N/A,#N/A,#N/A,#N/A,#N/A,#N/A,#N/A,#N/A,#N/A
Luftseilbahn,{ACA9C675-8FF4-413F-B1A0-EE27ED939E71},Grondabahn,817380,203267,2301,817243,201282,2825,#N/A,#N/A,#N/A,#N/A,#N/A,#N/A,#N/A,#N/A,#N/A,#N/A,#N/A,#N/A,#N/A
Skilift,{ECEBF934-C511-475F-A64D-A6C7287A2DAD},Grossrüti,723587,210602,513,723462,209921,682,#N/A,#N/A,#N/A,#N/A,#N/A,#N/A,#N/A,#N/A,#N/A,#N/A,#N/A,#N/A,#N/A
Luftseilbahn,{8E1FB922-E286-4037-9A6F-DC1F75C079A4},Grosstal-Horlachen,683478,196075,916,683706,195503,1230,#N/A,#N/A,#N/A,#N/A,#N/A,#N/A,#N/A,#N/A,#N/A,#N/A,#N/A,#N/A,#N/A
Skilift,{6D94F181-AE9A-4957-8DE3-34DC8CAC136E},Habergschwänd,728296,218725,1219,727995,218283,1296,#N/A,#N/A,#N/A,#N/A,#N/A,#N/A,#N/A,#N/A,#N/A,#N/A,#N/A,#N/A,#N/A
Skilift,{07266455-E0B8-4DBE-988A-734E4F5C03BA},Haldi,694162,190761,1089,694413,190755,1163,#N/A,#N/A,#N/A,#N/A,#N/A,#N/A,#N/A,#N/A,#N/A,#N/A,#N/A,#N/A,#N/A
Skilift,{22C479EA-18A1-45CD-8400-90CD269C94CB},Haldi-Kellerberg,694947,190027,1241,695675,189739,1399,#N/A,#N/A,#N/A,#N/A,#N/A,#N/A,#N/A,#N/A,#N/A,#N/A,#N/A,#N/A,#N/A
Luftseilbahn,{4E16BEC7-4A1A-4DEF-8E99-E6F857CD4896},Handeck-Gärstenegg 2,666522,163221,1315,667339,161099,1765,#N/A,#N/A,#N/A,#N/A,#N/A,#N/A,#N/A,#N/A,#N/A,#N/A,#N/A,#N/A,#N/A
Gondelbahn,{1E004051-3017-4902-8A03-A3ADDECE3D3C},Hannig,637772,106644,1827,636971,107156,2343,#N/A,#N/A,#N/A,#N/A,#N/A,#N/A,#N/A,#N/A,#N/A,#N/A,#N/A,#N/A,#N/A
Skilift,{4C1F65C6-0A2E-47BD-B0DF-F89D9E74EA31},Hapfere,587841,175978,866,587879,175532,936,#N/A,#N/A,#N/A,#N/A,#N/A,#N/A,#N/A,#N/A,#N/A,#N/A,#N/A,#N/A,#N/A
Skilift,{BC163B20-C357-44BF-B5C0-816663BD1364},Hasenegg,743973,214289,1393,743705,213464,1637,#N/A,#N/A,#N/A,#N/A,#N/A,#N/A,#N/A,#N/A,#N/A,#N/A,#N/A,#N/A,#N/A
Skilift,{85FC1612-9DD6-40E4-913C-7C02624FE8C9},Heiligenschwendi,618846,177818,1106,618769,177719,1154,#N/A,#N/A,#N/A,#N/A,#N/A,#N/A,#N/A,#N/A,#N/A,#N/A,#N/A,#N/A,#N/A
Luftseilbahn,{514B75D6-2824-4FFC-A4B1-81762960C42E},Heiligkreuz-Chummibort,656613,132571,1465,656038,130618,2104,#N/A,#N/A,#N/A,#N/A,#N/A,#N/A,#N/A,#N/A,#N/A,#N/A,#N/A,#N/A,#N/A
Skilift,{55CA18A9-A767-4A67-8685-51E354C42F39},Heiligkreuz-First,646541,199815,1131,646968,199085,1467,#N/A,#N/A,#N/A,#N/A,#N/A,#N/A,#N/A,#N/A,#N/A,#N/A,#N/A,#N/A,#N/A
Skilift,{187C27D4-5FDF-4AAD-838D-BA0A8F841F76},Heimenschwand,618528,186099,1006,617902,186437,1177,#N/A,#N/A,#N/A,#N/A,#N/A,#N/A,#N/A,#N/A,#N/A,#N/A,#N/A,#N/A,#N/A
Skilift,{25AC24D6-BA07-4FDF-BD09-1264963D81BB},Hinteregg,614604,236439,1081,614594,236297,1125,#N/A,#N/A,#N/A,#N/A,#N/A,#N/A,#N/A,#N/A,#N/A,#N/A,#N/A,#N/A,#N/A
Skilift,{92E94C24-E9F3-4512-855E-06251F8983B3},Höchi Oberwangen,716856,253581,628,716497,252997,768,#N/A,#N/A,#N/A,#N/A,#N/A,#N/A,#N/A,#N/A,#N/A,#N/A,#N/A,#N/A,#N/A
Skilift,{7EE8FD3C-971D-42A5-8393-57ED8DBA09B8},Hochwacht,721277,246811,724,721242,246448,843,#N/A,#N/A,#N/A,#N/A,#N/A,#N/A,#N/A,#N/A,#N/A,#N/A,#N/A,#N/A,#N/A
Skilift,{70FD1EA3-1410-4991-BE0E-69ABA2EBEE42},Hofschwang-Frenen,612352,244076,769,611155,243904,1067,#N/A,#N/A,#N/A,#N/A,#N/A,#N/A,#N/A,#N/A,#N/A,#N/A,#N/A,#N/A,#N/A
Luftseilbahn,{F5915E0C-4896-4F1D-945D-58D75F879E63},Hofstetten-Wilerli,691421,187376,465,690661,186934,1087,#N/A,#N/A,#N/A,#N/A,#N/A,#N/A,#N/A,#N/A,#N/A,#N/A,#N/A,#N/A,#N/A
Gondelbahn,{3CD2A461-F5C6-4FFA-AD29-143B49D3EDF6},Hohsaas,640622,109797,2408,642684,109956,3148,#N/A,#N/A,#N/A,#N/A,#N/A,#N/A,#N/A,#N/A,#N/A,#N/A,#N/A,#N/A,#N/A
Luftseilbahn,{06F69F88-7A89-4BD6-92E4-4A075345DF4E},Hopflauenen-Spycherberg,664137,174156,872,664400,173464,1301,#N/A,#N/A,#N/A,#N/A,#N/A,#N/A,#N/A,#N/A,#N/A,#N/A,#N/A,#N/A,#N/A
Skilift,{336AB7E2-40D8-4671-B742-29EC003C7C71},Hörnli,733916,241755,900,734100,241540,980,#N/A,#N/A,#N/A,#N/A,#N/A,#N/A,#N/A,#N/A,#N/A,#N/A,#N/A,#N/A,#N/A
Skilift,{4C225695-79B9-42D4-9D43-070C8F7075BA},Hübeli,639121,212161,721,639638,212090,842,#N/A,#N/A,#N/A,#N/A,#N/A,#N/A,#N/A,#N/A,#N/A,#N/A,#N/A,#N/A,#N/A
Skilift,{1C061DBB-78D0-4B24-BCC8-FDDA478BEF0C},Hüttlistalden,591746,159687,1497,591849,158619,1686,#N/A,#N/A,#N/A,#N/A,#N/A,#N/A,#N/A,#N/A,#N/A,#N/A,#N/A,#N/A,#N/A
Luftseilbahn,{68912807-8D0B-458C-B980-5AB49234488C},Iffigenalp-Rawilseeleni,600350,138882,1577,601271,136936,2512,#N/A,#N/A,#N/A,#N/A,#N/A,#N/A,#N/A,#N/A,#N/A,#N/A,#N/A,#N/A,#N/A
Luftseilbahn,{68B1BBCF-8A9A-4365-84DF-72EBF443B330},Illgau-St.Karl,697936,204900,820,697468,206230,1183,#N/A,#N/A,#N/A,#N/A,#N/A,#N/A,#N/A,#N/A,#N/A,#N/A,#N/A,#N/A,#N/A
Skilift,{0462E059-4694-4290-8A61-09BEB0E08427},Im Buck,674796,258824,587,674679,258588,634,#N/A,#N/A,#N/A,#N/A,#N/A,#N/A,#N/A,#N/A,#N/A,#N/A,#N/A,#N/A,#N/A
Skilift,{56EC0948-E41F-4571-AFD0-2E41501A5616},Im Loo,721484,202039,621,721821,201785,702,#N/A,#N/A,#N/A,#N/A,#N/A,#N/A,#N/A,#N/A,#N/A,#N/A,#N/A,#N/A,#N/A
Luftseilbahn,{4ADA0C47-60A6-42A1-90FB-3821F4C31547},Innerferrera-Wasserschloss,753020,155116,1437,752509,155286,1807,#N/A,#N/A,#N/A,#N/A,#N/A,#N/A,#N/A,#N/A,#N/A,#N/A,#N/A,#N/A,#N/A
Luftseilbahn,{6A87CEA1-C158-40CE-AF54-7B55C11FD09D},Innergsteig-Sanetsch,587832,136098,1216,588951,134650,2066,#N/A,#N/A,#N/A,#N/A,#N/A,#N/A,#N/A,#N/A,#N/A,#N/A,#N/A,#N/A,#N/A
Luftseilbahn,{A119856C-C88F-4EB5-9085-8FC42FE3B04B},Intragna-Pila-Costa,697461,114962,334,696477,114713,633,#N/A,#N/A,#N/A,#N/A,#N/A,#N/A,#N/A,#N/A,#N/A,#N/A,#N/A,#N/A,#N/A
Luftseilbahn,{9BC9B7C2-6289-49F8-AC20-4C0C6AC4AB68},Intschi-Arniberg,692517,179545,659,691942,180488,1371,#N/A,#N/A,#N/A,#N/A,#N/A,#N/A,#N/A,#N/A,#N/A,#N/A,#N/A,#N/A,#N/A
Luftseilbahn,{8F7FBA13-C45B-4437-BE56-DA184F6581A2},Isenfluh-Sulwald,634969,163337,1100,634427,163670,1524,#N/A,#N/A,#N/A,#N/A,#N/A,#N/A,#N/A,#N/A,#N/A,#N/A,#N/A,#N/A,#N/A
Skilift,{E48E8FEB-626E-4F30-932A-B18700A42C5E},Jochalp (Militär),762359,185970,1957,762652,186091,2029,#N/A,#N/A,#N/A,#N/A,#N/A,#N/A,#N/A,#N/A,#N/A,#N/A,#N/A,#N/A,#N/A
Skilift,{CA04475F-B314-42AC-81AD-8E614BB13F7A},Jungfraujoch,642130,155229,3437,642204,155320,3455,#N/A,#N/A,#N/A,#N/A,#N/A,#N/A,#N/A,#N/A,#N/A,#N/A,#N/A,#N/A,#N/A
Skilift,{A5F3B6C5-3945-41AB-A577-8B5F9AF80E0E},Junker,780442,204647,1408,779342,205320,1658,#N/A,#N/A,#N/A,#N/A,#N/A,#N/A,#N/A,#N/A,#N/A,#N/A,#N/A,#N/A,#N/A
Luftseilbahn,{8CF15FFE-6EA7-4698-969C-8C35801BCE87},Kalpetran-Embd,630738,118176,905,630021,118385,1413,#N/A,#N/A,#N/A,#N/A,#N/A,#N/A,#N/A,#N/A,#N/A,#N/A,#N/A,#N/A,#N/A
Luftseilbahn,{8C490247-7E9E-48F7-B1AE-750BF66B445F},Kandersteg-Allmenalp,617073,148681,1188,616181,149015,1734,#N/A,#N/A,#N/A,#N/A,#N/A,#N/A,#N/A,#N/A,#N/A,#N/A,#N/A,#N/A,#N/A
Luftseilbahn,{C99EC3D4-472F-471D-B3D7-1D8A8A3B4C50},Kandersteg-Sunnbüel,617275,147284,1205,616324,145312,1947,#N/A,#N/A,#N/A,#N/A,#N/A,#N/A,#N/A,#N/A,#N/A,#N/A,#N/A,#N/A,#N/A
Luftseilbahn,{EF431A90-45AD-418B-9E5D-C0385BDF5644},Kessiturm-Oberaar,667138,157408,2220,664695,155889,2506,#N/A,#N/A,#N/A,#N/A,#N/A,#N/A,#N/A,#N/A,#N/A,#N/A,#N/A,#N/A,#N/A
Luftseilbahn,{E7A81340-F1EE-4DF9-9D5F-35F4CEB0697A},Kies-Mettmen,725730,203194,1040,726128,202185,1601,#N/A,#N/A,#N/A,#N/A,#N/A,#N/A,#N/A,#N/A,#N/A,#N/A,#N/A,#N/A,#N/A
Luftseilbahn,{C9934B76-6668-4583-B3FD-0D6C2F21ED00},Kohlplatz-Brüsti,690291,190227,607,689119,188670,1535,#N/A,#N/A,#N/A,#N/A,#N/A,#N/A,#N/A,#N/A,#N/A,#N/A,#N/A,#N/A,#N/A
Sesselbahn,{7E6340DD-4C0F-4447-BC62-C2A23A2E502F},Kräbel-Rigi Scheidegg,682976,210467,765,682365,209065,1649,#N/A,#N/A,#N/A,#N/A,#N/A,#N/A,#N/A,#N/A,#N/A,#N/A,#N/A,#N/A,#N/A
Gondelbahn,{E2646DA8-348E-4334-A801-7A92CB04620A},Kreuzboden,638637,108639,1560,640610,109791,2408,#N/A,#N/A,#N/A,#N/A,#N/A,#N/A,#N/A,#N/A,#N/A,#N/A,#N/A,#N/A,#N/A
Skilift,{47707E1F-AE2A-4C99-8F83-7929FAE08234},Kreuzboden,640645,109826,2412,641469,110248,2611,#N/A,#N/A,#N/A,#N/A,#N/A,#N/A,#N/A,#N/A,#N/A,#N/A,#N/A,#N/A,#N/A
Gondelbahn,{3880F0F6-B6CC-484B-8DB3-DB4D3D8F5338},Kriens-Krienseregg,663787,209144,521,662793,207331,1033,#N/A,#N/A,#N/A,#N/A,#N/A,#N/A,#N/A,#N/A,#N/A,#N/A,#N/A,#N/A,#N/A
Gondelbahn,{AE022825-6A66-40D0-895E-C0C60161EB52},Krienseregg-Fräkmüntegg,662569,206733,1022,661823,204737,1419,#N/A,#N/A,#N/A,#N/A,#N/A,#N/A,#N/A,#N/A,#N/A,#N/A,#N/A,#N/A,#N/A
Skilift,{4032FC9C-924C-44F7-B8A8-462D05DFCB63},Krinau,721845,241824,824,721770,241528,907,#N/A,#N/A,#N/A,#N/A,#N/A,#N/A,#N/A,#N/A,#N/A,#N/A,#N/A,#N/A,#N/A
Skilift,{28C9D38E-0EE1-4BE6-9026-44E5BAC3E244},Kühlmattli-Freiherrenberg 1,700333,220587,926,700638,219870,1117,#N/A,#N/A,#N/A,#N/A,#N/A,#N/A,#N/A,#N/A,#N/A,#N/A,#N/A,#N/A,#N/A
Skilift,{E6D613FE-89D0-455C-9581-30266CFF5B7E},Kulmegg-Brüsti,688792,189232,1432,688866,188753,1606,#N/A,#N/A,#N/A,#N/A,#N/A,#N/A,#N/A,#N/A,#N/A,#N/A,#N/A,#N/A,#N/A
Luftseilbahn,{9C0CC1A9-8FFB-44BF-998D-905D6C7E1A4F},Küssnacht am Rigi-Seebodenalp,676042,214385,462,678020,213665,1029,#N/A,#N/A,#N/A,#N/A,#N/A,#N/A,#N/A,#N/A,#N/A,#N/A,#N/A,#N/A,#N/A
Skilift,{CB2EC91D-C974-4C09-A014-AED36F67DB51},La Chindonne-La Dent de Valerette,562664,118483,1499,562182,118170,1703,#N/A,#N/A,#N/A,#N/A,#N/A,#N/A,#N/A,#N/A,#N/A,#N/A,#N/A,#N/A,#N/A
Skilift,{93227295-7902-4D8C-8F75-32DE06D48836},La Combette,526611,181675,1229,526339,181146,1440,#N/A,#N/A,#N/A,#N/A,#N/A,#N/A,#N/A,#N/A,#N/A,#N/A,#N/A,#N/A,#N/A
Skilift,{3232F29D-DE35-4D06-A4BD-D281836CA875},La Corbatière,554565,213398,1093,554973,213120,1161,#N/A,#N/A,#N/A,#N/A,#N/A,#N/A,#N/A,#N/A,#N/A,#N/A,#N/A,#N/A,#N/A
Skilift,{163F08E5-15C5-4DDD-A0D7-42985E18006F},La Côte-aux-Fées,528224,191056,983,528585,190793,1085,#N/A,#N/A,#N/A,#N/A,#N/A,#N/A,#N/A,#N/A,#N/A,#N/A,#N/A,#N/A,#N/A
Skilift,{9E2C8B89-888C-4B54-A9D4-5EC842E33E51},La Forclaz,606432,103750,1736,606651,103979,1857,#N/A,#N/A,#N/A,#N/A,#N/A,#N/A,#N/A,#N/A,#N/A,#N/A,#N/A,#N/A,#N/A
Skilift,{6E2CCB03-E28E-4198-9FED-F3E097B69583},La Golatte-Montoz,583806,228953,1085,583349,228507,1257,#N/A,#N/A,#N/A,#N/A,#N/A,#N/A,#N/A,#N/A,#N/A,#N/A,#N/A,#N/A,#N/A
Skilift,{ED37793A-154E-459F-9C0E-2E350AC97599},La Martinaux,569451,118526,1488,569918,118259,1686,#N/A,#N/A,#N/A,#N/A,#N/A,#N/A,#N/A,#N/A,#N/A,#N/A,#N/A,#N/A,#N/A
Skilift,{44AE4367-27E8-4ED2-8B5B-DD453DBA796C},La Montagnette,577481,144634,1459,577550,143999,1660,#N/A,#N/A,#N/A,#N/A,#N/A,#N/A,#N/A,#N/A,#N/A,#N/A,#N/A,#N/A,#N/A
Luftseilbahn,{9951E563-EF5F-46E4-9CAB-49FFBF0E0F59},La Stadera-Scopi,704665,161047,1804,706650,158851,3146,#N/A,#N/A,#N/A,#N/A,#N/A,#N/A,#N/A,#N/A,#N/A,#N/A,#N/A,#N/A,#N/A
Luftseilbahn,{94817C44-AD1E-48D6-B9E4-D136063BCA15},Laghi Cime Bianche Plateau Rosà,618779,86517,2828,620865,87025,3477,#N/A,#N/A,#N/A,#N/A,#N/A,#N/A,#N/A,#N/A,#N/A,#N/A,#N/A,#N/A,#N/A
Skilift,{E42A7D3C-73B3-4723-9794-B70416D57691},Lally,509586,152489,1004,509307,152658,1062,#N/A,#N/A,#N/A,#N/A,#N/A,#N/A,#N/A,#N/A,#N/A,#N/A,#N/A,#N/A,#N/A
Luftseilbahn,{D3B9DCEB-574D-474F-B32D-4CE4D56D595A},Lambrigge-Titter,653948,142081,1178,653706,143870,1626,#N/A,#N/A,#N/A,#N/A,#N/A,#N/A,#N/A,#N/A,#N/A,#N/A,#N/A,#N/A,#N/A
Skilift,{C26909CC-4959-458F-8EB8-0E1427699A5A},Landscheide-Sitz,734982,245234,1026,735310,245367,1088,#N/A,#N/A,#N/A,#N/A,#N/A,#N/A,#N/A,#N/A,#N/A,#N/A,#N/A,#N/A,#N/A
Luftseilbahn,{86402782-2A4C-4415-A47B-8BC712ED5FFE},Langboden-Eggalp,669407,195435,1305,669104,193645,1667,#N/A,#N/A,#N/A,#N/A,#N/A,#N/A,#N/A,#N/A,#N/A,#N/A,#N/A,#N/A,#N/A
Skilift,{7FD6898C-39B4-497F-83AD-79744818F66C},Langis,652274,193744,1453,651965,193725,1520,#N/A,#N/A,#N/A,#N/A,#N/A,#N/A,#N/A,#N/A,#N/A,#N/A,#N/A,#N/A,#N/A
Skilift,{CC4A3C00-B3F6-48A0-966F-012B9AFAE94C},Langmattli,664430,203849,837,664110,203681,946,#N/A,#N/A,#N/A,#N/A,#N/A,#N/A,#N/A,#N/A,#N/A,#N/A,#N/A,#N/A,#N/A
Skilift,{C21DB954-06C9-4FDB-ADA1-38569A0C1D9E},Lares,731886,146298,2300,730936,146343,2508,#N/A,#N/A,#N/A,#N/A,#N/A,#N/A,#N/A,#N/A,#N/A,#N/A,#N/A,#N/A,#N/A
Skilift,{FBD1D371-4AF8-44F0-AFC5-D91FC6A1E71E},Lauftegg,742819,242699,878,742136,241694,1160,#N/A,#N/A,#N/A,#N/A,#N/A,#N/A,#N/A,#N/A,#N/A,#N/A,#N/A,#N/A,#N/A
Luftseilbahn,{5CC55AF7-558D-4A1C-B663-23F2F8DFF192},Lauterbrunnen-Grütschalp,635902,160940,808,634664,160691,1499,#N/A,#N/A,#N/A,#N/A,#N/A,#N/A,#N/A,#N/A,#N/A,#N/A,#N/A,#N/A,#N/A
Skilift,{5E36BF4E-45EC-4E26-A52B-7494731E1EDD},Le Grin,576469,144810,1413,576523,144333,1569,#N/A,#N/A,#N/A,#N/A,#N/A,#N/A,#N/A,#N/A,#N/A,#N/A,#N/A,#N/A,#N/A
Skilift,{8DBB1CC5-1E7C-4C31-9DBE-1E65FF2E13D9},Le Locle-Sommartel,547334,209369,1123,547733,208756,1307,#N/A,#N/A,#N/A,#N/A,#N/A,#N/A,#N/A,#N/A,#N/A,#N/A,#N/A,#N/A,#N/A
Skilift,{E3300E50-28EF-4EE8-823A-200F45157506},Le Serment,555625,210756,1222,555311,211414,1385,#N/A,#N/A,#N/A,#N/A,#N/A,#N/A,#N/A,#N/A,#N/A,#N/A,#N/A,#N/A,#N/A
Skilift,{5307A424-E277-4D2A-AE7F-0A2D162CE497},Le Terraz,606438,104025,1791,606806,104193,1969,#N/A,#N/A,#N/A,#N/A,#N/A,#N/A,#N/A,#N/A,#N/A,#N/A,#N/A,#N/A,#N/A
Skilift,{3694A6F3-93E8-4196-9163-162B9F1FDC57},Le Tsaté,606028,104455,1700,607345,104640,2210,#N/A,#N/A,#N/A,#N/A,#N/A,#N/A,#N/A,#N/A,#N/A,#N/A,#N/A,#N/A,#N/A
Skilift,{1727978D-7A15-4F3A-9401-46CEDDE7D09B},Lenz,762769,172300,1293,763248,172673,1386,#N/A,#N/A,#N/A,#N/A,#N/A,#N/A,#N/A,#N/A,#N/A,#N/A,#N/A,#N/A,#N/A
Skilift,{816FA9D6-0C02-4EF3-9AE2-D5C3974FBF18},Les Cases-Monts Chevreuils,573903,144134,1169,572874,142916,1669,#N/A,#N/A,#N/A,#N/A,#N/A,#N/A,#N/A,#N/A,#N/A,#N/A,#N/A,#N/A,#N/A
Skilift,{477AA055-3772-4E85-A6E6-3FCA43560017},Les Cerniers La Chindonne,563080,118985,1286,562675,118370,1524,#N/A,#N/A,#N/A,#N/A,#N/A,#N/A,#N/A,#N/A,#N/A,#N/A,#N/A,#N/A,#N/A
Skilift,{55DDE9DE-BB5E-4E89-8B59-D508CBAF0452},Les Coullayes-Les Cases,574480,144759,970,573853,144037,1192,#N/A,#N/A,#N/A,#N/A,#N/A,#N/A,#N/A,#N/A,#N/A,#N/A,#N/A,#N/A,#N/A
Skilift,{B662A3BB-1C37-4A2E-8680-DB76FB6EBC5F},Les Devants,509352,152264,981,508811,152645,1147,#N/A,#N/A,#N/A,#N/A,#N/A,#N/A,#N/A,#N/A,#N/A,#N/A,#N/A,#N/A,#N/A
Luftseilbahn,{D1122CBB-963D-421E-B2BE-41212EDEAC91},Les Garettes-Sorniot,574245,112038,1554,574101,112681,2055,#N/A,#N/A,#N/A,#N/A,#N/A,#N/A,#N/A,#N/A,#N/A,#N/A,#N/A,#N/A,#N/A
Skilift,{19ECFD45-D9AF-4F66-92EC-A58136C8ED86},Les Hauts-Geneveys-Tête de Ran,556624,210786,1032,555381,211500,1406,#N/A,#N/A,#N/A,#N/A,#N/A,#N/A,#N/A,#N/A,#N/A,#N/A,#N/A,#N/A,#N/A
Skilift,{C355EB73-E3DD-480D-9E1A-31810A3478CF},Les Loges 1,556983,213411,1243,556638,213495,1326,#N/A,#N/A,#N/A,#N/A,#N/A,#N/A,#N/A,#N/A,#N/A,#N/A,#N/A,#N/A,#N/A
Skilift,{FA21CE56-8391-4D6A-8F00-D9638FEF7B97},Les Loges 2,556987,213413,1245,556685,213489,1318,#N/A,#N/A,#N/A,#N/A,#N/A,#N/A,#N/A,#N/A,#N/A,#N/A,#N/A,#N/A,#N/A
Skilift,{1CDA6578-608C-4BB6-965E-0FF5DDE3A9C6},Les Moulins-Les Coullayes,574605,145362,898,574526,144741,974,#N/A,#N/A,#N/A,#N/A,#N/A,#N/A,#N/A,#N/A,#N/A,#N/A,#N/A,#N/A,#N/A
Skilift,{8555E455-AFDF-44A5-93D1-89B5051BB580},Les Ombrins,588181,122397,1282,587540,122393,1442,#N/A,#N/A,#N/A,#N/A,#N/A,#N/A,#N/A,#N/A,#N/A,#N/A,#N/A,#N/A,#N/A
Skilift,{E18C7115-F627-434D-A7AA-A017FC683709},Les Orvales,587301,231043,783,587261,230658,853,#N/A,#N/A,#N/A,#N/A,#N/A,#N/A,#N/A,#N/A,#N/A,#N/A,#N/A,#N/A,#N/A
Skilift,{3D8716CC-7E90-4CF1-A343-CA44D94CA547},Les Reybes-Le Poyet,569583,156730,1126,570089,156293,1436,#N/A,#N/A,#N/A,#N/A,#N/A,#N/A,#N/A,#N/A,#N/A,#N/A,#N/A,#N/A,#N/A
Skilift,{8D9DD755-7134-4E9A-8A80-93016853A11B},Les Thays,571471,133302,1261,571209,132920,1430,#N/A,#N/A,#N/A,#N/A,#N/A,#N/A,#N/A,#N/A,#N/A,#N/A,#N/A,#N/A,#N/A
Skilift,{9CC3F1E3-3CBF-429D-B0A8-0187EA91B9C2},Les Verrières,526723,194857,924,526791,194609,1007,#N/A,#N/A,#N/A,#N/A,#N/A,#N/A,#N/A,#N/A,#N/A,#N/A,#N/A,#N/A,#N/A
Skilift,{9BE19060-A870-43CA-83BA-70122CA236D6},Lorette,582257,90096,1582,582356,89692,1646,#N/A,#N/A,#N/A,#N/A,#N/A,#N/A,#N/A,#N/A,#N/A,#N/A,#N/A,#N/A,#N/A
Luftseilbahn,{1E3D7C70-D437-43A1-AA55-2BDEAB1FA195},Losone-Regusc,701713,114240,246,701621,114174,316,#N/A,#N/A,#N/A,#N/A,#N/A,#N/A,#N/A,#N/A,#N/A,#N/A,#N/A,#N/A,#N/A
Luftseilbahn,{A42EB0C0-F592-4945-8270-85DD513A2962},Luchsingen-Brunnenberg,721406,202943,611,720561,203309,1103,#N/A,#N/A,#N/A,#N/A,#N/A,#N/A,#N/A,#N/A,#N/A,#N/A,#N/A,#N/A,#N/A
Luftseilbahn,{2313DAC4-0C8D-494C-BDB0-54F05DF0CF40},Luchsingen-Schlattberg,721406,202850,609,720917,202772,862,#N/A,#N/A,#N/A,#N/A,#N/A,#N/A,#N/A,#N/A,#N/A,#N/A,#N/A,#N/A,#N/A
Luftseilbahn,{9731031D-72B0-4384-B4B7-80411C89A29D},Lumino-Saurù,725838,121506,317,724872,123138,1311,#N/A,#N/A,#N/A,#N/A,#N/A,#N/A,#N/A,#N/A,#N/A,#N/A,#N/A,#N/A,#N/A
Luftseilbahn,{5B0559E2-2880-4772-9259-F8A673ED87B4},Lungern-Turren,654260,181797,710,652808,182240,1539,#N/A,#N/A,#N/A,#N/A,#N/A,#N/A,#N/A,#N/A,#N/A,#N/A,#N/A,#N/A,#N/A
Skilift,{FC6CD6F3-A091-48BA-8275-B5B4D099A6FA},Luvina,690179,153839,1184,690489,154123,1268,#N/A,#N/A,#N/A,#N/A,#N/A,#N/A,#N/A,#N/A,#N/A,#N/A,#N/A,#N/A,#N/A
Luftseilbahn,{6D98B3F8-F6B0-4155-918B-A6A11ACB9A2B},Malans-Älpli,762087,206106,614,763448,209070,1805,#N/A,#N/A,#N/A,#N/A,#N/A,#N/A,#N/A,#N/A,#N/A,#N/A,#N/A,#N/A,#N/A
Skilift,{065EA11A-3863-4EDF-8F62-FE026FDA05F6},Malbun,751326,223596,1382,750809,223690,1489,#N/A,#N/A,#N/A,#N/A,#N/A,#N/A,#N/A,#N/A,#N/A,#N/A,#N/A,#N/A,#N/A
Luftseilbahn,{8BD58EC2-A09F-4CFC-95AD-216BCB875DBB},Malvaglia-Dagro,718298,142294,432,719781,142518,1414,#N/A,#N/A,#N/A,#N/A,#N/A,#N/A,#N/A,#N/A,#N/A,#N/A,#N/A,#N/A,#N/A
Luftseilbahn,{9760EE1A-F485-4BC5-B3E7-CBB4D8B46D42},Mapraggstausee,755365,200900,879,754659,201161,1221,#N/A,#N/A,#N/A,#N/A,#N/A,#N/A,#N/A,#N/A,#N/A,#N/A,#N/A,#N/A,#N/A
Luftseilbahn,{D9265328-720E-4E10-88E0-62523160D571},Matt-Weissenberge,731880,202458,850,732493,202783,1260,#N/A,#N/A,#N/A,#N/A,#N/A,#N/A,#N/A,#N/A,#N/A,#N/A,#N/A,#N/A,#N/A
Skilift,{C74B9A2C-DD17-4F28-BD24-64BFBB6486DB},Mauborget,536436,189373,1128,536543,189730,1200,#N/A,#N/A,#N/A,#N/A,#N/A,#N/A,#N/A,#N/A,#N/A,#N/A,#N/A,#N/A,#N/A
Luftseilbahn,{E5083B40-56D4-40DA-876A-A7D2080D8EB4},Meiringen–Reuti,657593,175516,634,658790,175990,1082,#N/A,#N/A,#N/A,#N/A,#N/A,#N/A,#N/A,#N/A,#N/A,#N/A,#N/A,#N/A,#N/A
Luftseilbahn,{E1F3300E-8E60-4CE6-9CEF-B192F4D2A020},Melchtal-Rüti,664999,187447,891,665988,187033,1346,#N/A,#N/A,#N/A,#N/A,#N/A,#N/A,#N/A,#N/A,#N/A,#N/A,#N/A,#N/A,#N/A
Gondelbahn,{DACAE5B7-2A13-44AE-8ABE-1D3ACC33C605},Menouve,581190,83236,1934,582009,81000,2765,#N/A,#N/A,#N/A,#N/A,#N/A,#N/A,#N/A,#N/A,#N/A,#N/A,#N/A,#N/A,#N/A
Luftseilbahn,{84D58932-0175-4670-AC56-5CEB3BEBF2E0},Mettlen-Rugisbalm,670817,189934,605,670436,189295,871,#N/A,#N/A,#N/A,#N/A,#N/A,#N/A,#N/A,#N/A,#N/A,#N/A,#N/A,#N/A,#N/A
Luftseilbahn,{73023F6B-F5A5-4A62-AEA6-75AFB762BFFC},Mettlenalp-Napf,638278,204942,1056,638139,205961,1407,#N/A,#N/A,#N/A,#N/A,#N/A,#N/A,#N/A,#N/A,#N/A,#N/A,#N/A,#N/A,#N/A
Luftseilbahn,{CAA8813B-B8CF-48C2-ACCB-F01C169F3AE9},Miglieglia-Monte Lema,709764,97915,711,708096,99742,1565,#N/A,#N/A,#N/A,#N/A,#N/A,#N/A,#N/A,#N/A,#N/A,#N/A,#N/A,#N/A,#N/A
Skilift,{AFBD0E86-69ED-4DF4-9929-03E81BE7EDBC},Mittlerwengi,726218,228254,1155,726516,228265,1240,#N/A,#N/A,#N/A,#N/A,#N/A,#N/A,#N/A,#N/A,#N/A,#N/A,#N/A,#N/A,#N/A
Skilift,{ECBBF867-589B-43AA-B5A3-A0A134EAE68C},Mogno-Agrello,693872,142707,1159,694182,142411,1261,#N/A,#N/A,#N/A,#N/A,#N/A,#N/A,#N/A,#N/A,#N/A,#N/A,#N/A,#N/A,#N/A
Luftseilbahn,{29854E36-731A-4054-AA49-BC5EF9FB88CC},Monte Carasso-Mornera,720348,116515,250,718911,118552,1353,#N/A,#N/A,#N/A,#N/A,#N/A,#N/A,#N/A,#N/A,#N/A,#N/A,#N/A,#N/A,#N/A
Skilift,{76192280-41CA-4A7A-A20E-DBC17FA03FD4},Montvoie,570990,247093,785,570908,246763,856,#N/A,#N/A,#N/A,#N/A,#N/A,#N/A,#N/A,#N/A,#N/A,#N/A,#N/A,#N/A,#N/A
Luftseilbahn,{DD57AA19-F017-442A-9510-B7A563F896A1},Morschach–Stoos,691264,205050,808,693238,204189,1284,#N/A,#N/A,#N/A,#N/A,#N/A,#N/A,#N/A,#N/A,#N/A,#N/A,#N/A,#N/A,#N/A
Luftseilbahn,{C4EC4ADB-D77F-4A6E-BF0A-D5FAAADE6E06},Mottec-Barneuza,613968,111826,1559,614206,112479,1871,#N/A,#N/A,#N/A,#N/A,#N/A,#N/A,#N/A,#N/A,#N/A,#N/A,#N/A,#N/A,#N/A
Luftseilbahn,{5ED3A3B2-E7D1-4939-B4AF-B28900B48439},Mottec-La Lé,614033,111477,1557,613333,111132,2141,#N/A,#N/A,#N/A,#N/A,#N/A,#N/A,#N/A,#N/A,#N/A,#N/A,#N/A,#N/A,#N/A
Luftseilbahn,{2510EC7E-1040-4147-821D-51F74E7E7A9C},Motto Bartolo-Finestra,688293,154365,1536,688862,154997,2064,#N/A,#N/A,#N/A,#N/A,#N/A,#N/A,#N/A,#N/A,#N/A,#N/A,#N/A,#N/A,#N/A
Skilift,{B8F5C54D-D137-4BFB-88F4-2D134B408F88},Mugi,722244,213641,500,722058,213605,549,#N/A,#N/A,#N/A,#N/A,#N/A,#N/A,#N/A,#N/A,#N/A,#N/A,#N/A,#N/A,#N/A
Skilift,{47EE5F50-3C95-4ED2-B443-7A9C77C8FFDE},Müsella,790946,161032,1701,791025,160587,1791,#N/A,#N/A,#N/A,#N/A,#N/A,#N/A,#N/A,#N/A,#N/A,#N/A,#N/A,#N/A,#N/A
Luftseilbahn,{03A3A896-0562-403F-A2FC-FC834BC0E110},Nechimatt-Diegisbalm,672065,193925,532,671245,194091,1005,#N/A,#N/A,#N/A,#N/A,#N/A,#N/A,#N/A,#N/A,#N/A,#N/A,#N/A,#N/A,#N/A
Luftseilbahn,{A5A9872D-D8B2-4C03-A181-54E4EF74B669},Netstal-Butzi,722219,212923,508,721711,212828,796,#N/A,#N/A,#N/A,#N/A,#N/A,#N/A,#N/A,#N/A,#N/A,#N/A,#N/A,#N/A,#N/A
Luftseilbahn,{610BB1F4-D205-4451-8A4B-02AAD2AC2001},Niederrickenbach-Musenalp,675271,198116,1160,676259,198032,1759,#N/A,#N/A,#N/A,#N/A,#N/A,#N/A,#N/A,#N/A,#N/A,#N/A,#N/A,#N/A,#N/A
Luftseilbahn,{C5804723-1848-4700-B0DF-C5A90D95204C},Niederurnen-Morgenholz,722016,220587,465,720100,220602,987,#N/A,#N/A,#N/A,#N/A,#N/A,#N/A,#N/A,#N/A,#N/A,#N/A,#N/A,#N/A,#N/A
Skilift,{E41D9283-607E-4D6D-85D3-A6D808FD257F},Nollen,685073,220543,770,684862,219127,1053,#N/A,#N/A,#N/A,#N/A,#N/A,#N/A,#N/A,#N/A,#N/A,#N/A,#N/A,#N/A,#N/A
Skilift,{7FB04B3E-0BC5-4ABE-A317-96E69177ED47},Oberhelfenschwil,726613,246104,805,726652,245781,871,#N/A,#N/A,#N/A,#N/A,#N/A,#N/A,#N/A,#N/A,#N/A,#N/A,#N/A,#N/A,#N/A
Skilift,{F40C36F5-A71D-4473-B7AE-1DC13FB5CC7A},Oberholz 1,713761,238498,866,714762,238077,1174,#N/A,#N/A,#N/A,#N/A,#N/A,#N/A,#N/A,#N/A,#N/A,#N/A,#N/A,#N/A,#N/A
Skilift,{AB1E8931-EA7D-4B08-A6EA-3297AFCDE672},Oberholz 2,713915,238597,864,714028,238408,924,#N/A,#N/A,#N/A,#N/A,#N/A,#N/A,#N/A,#N/A,#N/A,#N/A,#N/A,#N/A,#N/A
Luftseilbahn,{585BDB2A-D9A3-48B4-8227-9643851EDD6F},Oberschan-Hotel Alvier,754451,218326,682,753610,217467,981,#N/A,#N/A,#N/A,#N/A,#N/A,#N/A,#N/A,#N/A,#N/A,#N/A,#N/A,#N/A,#N/A
Gondelbahn,{AC8F4FDD-C678-477E-B4E8-05401F62E331},Oberterzen-Tannenbodenalp,738037,218465,669,739802,217530,1392,#N/A,#N/A,#N/A,#N/A,#N/A,#N/A,#N/A,#N/A,#N/A,#N/A,#N/A,#N/A,#N/A
Skilift,{A11248D8-EBA7-47AD-8973-5002D5FF5A40},Obkirchen-Bramätteli,644468,200197,762,644918,199914,894,#N/A,#N/A,#N/A,#N/A,#N/A,#N/A,#N/A,#N/A,#N/A,#N/A,#N/A,#N/A,#N/A
Luftseilbahn,{D54F657B-F9DC-4DDA-AB57-C6D18B43974A},Ochsenstäfeli-Muttenalp,720318,189491,1897,720735,190933,2503,#N/A,#N/A,#N/A,#N/A,#N/A,#N/A,#N/A,#N/A,#N/A,#N/A,#N/A,#N/A,#N/A
Luftseilbahn,{7C38D503-92BE-404F-BD09-5BD936A96D26},Olivone-Lago di Luzzone,715441,154876,963,716579,156498,1880,#N/A,#N/A,#N/A,#N/A,#N/A,#N/A,#N/A,#N/A,#N/A,#N/A,#N/A,#N/A,#N/A
Sesselbahn,{22187D3E-AD4B-4601-B9DA-859EB53D8857},Pan de Zucher,733085,146736,1957,731855,146446,2323,#N/A,#N/A,#N/A,#N/A,#N/A,#N/A,#N/A,#N/A,#N/A,#N/A,#N/A,#N/A,#N/A
Luftseilbahn,{490EF9CF-F01D-46FD-9FAF-17C3F0C147AA},Pardi-Signina,738192,178462,1286,738404,177907,1306,#N/A,#N/A,#N/A,#N/A,#N/A,#N/A,#N/A,#N/A,#N/A,#N/A,#N/A,#N/A,#N/A
Luftseilbahn,{CA6AF3A4-D6A4-4610-91B1-4D53E6C75CBF},Peccia-Canicc,690749,140667,1020,690676,141392,1475,#N/A,#N/A,#N/A,#N/A,#N/A,#N/A,#N/A,#N/A,#N/A,#N/A,#N/A,#N/A,#N/A
Skilift,{21281E38-7698-4915-BAA9-023A02F93E38},Pera,717093,177531,923,716377,177629,1052,#N/A,#N/A,#N/A,#N/A,#N/A,#N/A,#N/A,#N/A,#N/A,#N/A,#N/A,#N/A,#N/A
Skilift,{86C8F45E-9846-4B86-A772-010EAD1EBD4A},Pierre Grise 1,572680,218586,949,572396,218787,1020,#N/A,#N/A,#N/A,#N/A,#N/A,#N/A,#N/A,#N/A,#N/A,#N/A,#N/A,#N/A,#N/A
Skilift,{140D0648-28E8-4DD0-A2FB-5020E7979F60},Plan du Jeu,581231,83273,1936,582580,83131,2280,#N/A,#N/A,#N/A,#N/A,#N/A,#N/A,#N/A,#N/A,#N/A,#N/A,#N/A,#N/A,#N/A
Luftseilbahn,{F6FA3B73-E79C-433E-B500-327E44E8EADB},Post-Haldiwald,674594,193539,889,675035,194520,1390,#N/A,#N/A,#N/A,#N/A,#N/A,#N/A,#N/A,#N/A,#N/A,#N/A,#N/A,#N/A,#N/A
Luftseilbahn,{A208209A-5990-42D9-9E0A-693C026B912F},Post-Schmidsboden,674600,193526,890,675160,194157,1217,#N/A,#N/A,#N/A,#N/A,#N/A,#N/A,#N/A,#N/A,#N/A,#N/A,#N/A,#N/A,#N/A
Luftseilbahn,{B5507F58-EF4A-47BD-8548-B764D6B23098},Pranzaira-Albigna,769725,136456,1201,769891,134267,2098,#N/A,#N/A,#N/A,#N/A,#N/A,#N/A,#N/A,#N/A,#N/A,#N/A,#N/A,#N/A,#N/A
Skilift,{D4117765-E47B-4DA5-B395-D3EB3E87E7A3},Prato-Dalpe,701248,148663,1048,701806,148024,1276,#N/A,#N/A,#N/A,#N/A,#N/A,#N/A,#N/A,#N/A,#N/A,#N/A,#N/A,#N/A,#N/A
Sesselbahn,{E215074D-AB1B-4117-92C3-E9367AB7C34D},Praz-Perron–La Braye,577245,145610,1220,577494,144039,1645,#N/A,#N/A,#N/A,#N/A,#N/A,#N/A,#N/A,#N/A,#N/A,#N/A,#N/A,#N/A,#N/A
Skilift,{B79DDC7E-1370-4B8E-B9FD-DD6B80F467F0},Pré de la Charogne,551682,210475,1041,551291,210658,1141,#N/A,#N/A,#N/A,#N/A,#N/A,#N/A,#N/A,#N/A,#N/A,#N/A,#N/A,#N/A,#N/A
Luftseilbahn,{895A3871-F7F3-463C-8AE2-3EDDC95BC4F9},Quarzitsteinbrüche,629958,116918,1031,629464,117242,1230,#N/A,#N/A,#N/A,#N/A,#N/A,#N/A,#N/A,#N/A,#N/A,#N/A,#N/A,#N/A,#N/A
Luftseilbahn,{B9F623A1-08F7-45C3-89A4-50D0E315B5F5},Ragnatsch-Hinterspina,749010,215051,495,749635,215837,1250,#N/A,#N/A,#N/A,#N/A,#N/A,#N/A,#N/A,#N/A,#N/A,#N/A,#N/A,#N/A,#N/A
Luftseilbahn,{495976CC-A8E0-4DBC-A046-6FB43BAAE4B6},Ragnatsch-Palfries,748499,215317,482,750468,217225,1727,#N/A,#N/A,#N/A,#N/A,#N/A,#N/A,#N/A,#N/A,#N/A,#N/A,#N/A,#N/A,#N/A
Luftseilbahn,{3DB6ABC9-8EBE-4F57-8274-2712CB393BD4},Raron-Eischoll,627904,128047,644,626597,127009,1217,#N/A,#N/A,#N/A,#N/A,#N/A,#N/A,#N/A,#N/A,#N/A,#N/A,#N/A,#N/A,#N/A
Luftseilbahn,{947DA930-C42C-4C93-B56E-98549032267E},Raron-Unterbäch,627922,128050,640,627906,125999,1230,#N/A,#N/A,#N/A,#N/A,#N/A,#N/A,#N/A,#N/A,#N/A,#N/A,#N/A,#N/A,#N/A
Skilift,{21F92BF3-0CD9-42DC-A621-F62D55374AC4},Raten-Gottschalkenberg,693896,221581,1002,693324,221686,1121,#N/A,#N/A,#N/A,#N/A,#N/A,#N/A,#N/A,#N/A,#N/A,#N/A,#N/A,#N/A,#N/A
Skilift,{429D48B8-FD0E-47CC-AA3A-EC9322325A0C},Ratzi-Gisleralp,698557,193448,1501,698533,194491,1851,#N/A,#N/A,#N/A,#N/A,#N/A,#N/A,#N/A,#N/A,#N/A,#N/A,#N/A,#N/A,#N/A
Luftseilbahn,{B5D692E7-7A3A-4ADA-87D8-122BA331EF83},Rawilseeleni-Wildstrubelhütten,601298,136931,2512,602616,136764,2913,#N/A,#N/A,#N/A,#N/A,#N/A,#N/A,#N/A,#N/A,#N/A,#N/A,#N/A,#N/A,#N/A
Skilift,{E30C1809-8931-4550-BB94-13999CC9709B},Realp,681451,161317,1548,681056,161381,1659,#N/A,#N/A,#N/A,#N/A,#N/A,#N/A,#N/A,#N/A,#N/A,#N/A,#N/A,#N/A,#N/A
Gondelbahn,{E90DC452-448C-4AA6-83C7-0B69B57DCB5A},Reigoldswil-Wasserfallen,619454,248858,546,619736,247035,929,#N/A,#N/A,#N/A,#N/A,#N/A,#N/A,#N/A,#N/A,#N/A,#N/A,#N/A,#N/A,#N/A
Luftseilbahn,{C5FFAC4B-B80F-4BDB-9058-9F4232AAA95D},Rhäzüns-Feldis,749869,184618,673,751999,184590,1467,#N/A,#N/A,#N/A,#N/A,#N/A,#N/A,#N/A,#N/A,#N/A,#N/A,#N/A,#N/A,#N/A
Luftseilbahn,{5043139E-5F17-4092-82EB-31988F93F478},Ribi-Wannelen,702397,191196,1058,702892,190438,1635,#N/A,#N/A,#N/A,#N/A,#N/A,#N/A,#N/A,#N/A,#N/A,#N/A,#N/A,#N/A,#N/A
Luftseilbahn,{A56B0DC7-6AE6-43D3-BC42-8D23DA99A5C9},Riddes-Isérables,583226,113313,497,584959,112556,1115,#N/A,#N/A,#N/A,#N/A,#N/A,#N/A,#N/A,#N/A,#N/A,#N/A,#N/A,#N/A,#N/A
Luftseilbahn,{00D9663E-EE93-4067-9DA1-AC86578668DC},Ried-Illgau,697803,204487,585,697755,204789,810,#N/A,#N/A,#N/A,#N/A,#N/A,#N/A,#N/A,#N/A,#N/A,#N/A,#N/A,#N/A,#N/A
Luftseilbahn,{BFDFAEF4-2BFD-409F-8ADD-A71107292042},Riedlig -Biel (Kinzig),695683,193855,1261,696789,194591,1625,#N/A,#N/A,#N/A,#N/A,#N/A,#N/A,#N/A,#N/A,#N/A,#N/A,#N/A,#N/A,#N/A
Luftseilbahn,{A45162EC-D918-44B7-9400-6D00E6534C68},Ripshusen-Zieriberg/Bocki,691181,188127,465,690574,187790,898,#N/A,#N/A,#N/A,#N/A,#N/A,#N/A,#N/A,#N/A,#N/A,#N/A,#N/A,#N/A,#N/A
Gondelbahn,{C436700D-6E40-4988-BF9A-DD626B02357D},Rivera-Piano di Mora-Alpe Foppa,714453,109468,477,712475,108304,1531,#N/A,#N/A,#N/A,#N/A,#N/A,#N/A,#N/A,#N/A,#N/A,#N/A,#N/A,#N/A,#N/A
Luftseilbahn,{BF367C59-A39C-47CA-963A-6438838B1D48},Robiei-Cavagnoli,682536,144091,1899,682511,145112,2306,#N/A,#N/A,#N/A,#N/A,#N/A,#N/A,#N/A,#N/A,#N/A,#N/A,#N/A,#N/A,#N/A
Skilift,{3BFDA994-4696-41B6-B344-E32E42E7A1A1},Roche aux Crocs,555070,212968,1132,555676,212814,1348,#N/A,#N/A,#N/A,#N/A,#N/A,#N/A,#N/A,#N/A,#N/A,#N/A,#N/A,#N/A,#N/A
Luftseilbahn,{5BCACF92-D365-455B-9AC4-F8B36C8BA334},Rodì-Fiesso-Tremorgio,699645,149545,956,698800,148717,1855,#N/A,#N/A,#N/A,#N/A,#N/A,#N/A,#N/A,#N/A,#N/A,#N/A,#N/A,#N/A,#N/A
Luftseilbahn,{59894E34-6800-43AA-8306-80D2FF04E7DD},Ronco-Pinezzo-Tenciarolo,714907,137598,976,715038,138365,1535,#N/A,#N/A,#N/A,#N/A,#N/A,#N/A,#N/A,#N/A,#N/A,#N/A,#N/A,#N/A,#N/A
Gondelbahn,{98D13F74-5973-4469-A9A0-E1261DA9076F},Rotenflue,693574,207818,615,696136,208531,1571,#N/A,#N/A,#N/A,#N/A,#N/A,#N/A,#N/A,#N/A,#N/A,#N/A,#N/A,#N/A,#N/A
Skilift,{A9D15F0F-A5A4-49FA-8F63-527E23FBA987},Rotond,732718,146289,2151,731083,145828,2477,#N/A,#N/A,#N/A,#N/A,#N/A,#N/A,#N/A,#N/A,#N/A,#N/A,#N/A,#N/A,#N/A
Luftseilbahn,{53073974-8FCD-4749-AF83-287458FC08A5},Rugisbalm-Eggen,670435,189304,870,668961,189677,1416,#N/A,#N/A,#N/A,#N/A,#N/A,#N/A,#N/A,#N/A,#N/A,#N/A,#N/A,#N/A,#N/A
Luftseilbahn,{1A728E95-8E54-46DF-8A46-F03A82429AA1},Safien Platz-Wasserschloss,743434,171529,1326,743617,170885,1682,#N/A,#N/A,#N/A,#N/A,#N/A,#N/A,#N/A,#N/A,#N/A,#N/A,#N/A,#N/A,#N/A
Luftseilbahn,{DEF7F519-884E-476E-ABC1-538DFA1C7616},Sagiwald-Rotlaui,665921,166562,1103,666437,166845,1297,#N/A,#N/A,#N/A,#N/A,#N/A,#N/A,#N/A,#N/A,#N/A,#N/A,#N/A,#N/A,#N/A
Luftseilbahn,{F43806DB-0526-4C83-8699-9404FEAC567E},Sahli-Glattalp,707257,196801,1161,709329,196998,1877,#N/A,#N/A,#N/A,#N/A,#N/A,#N/A,#N/A,#N/A,#N/A,#N/A,#N/A,#N/A,#N/A
Luftseilbahn,{DCB3CEF6-01EE-460B-A313-F0CBB489CCA8},San Carlo-Robiei,683896,140443,1054,682634,143774,1921,#N/A,#N/A,#N/A,#N/A,#N/A,#N/A,#N/A,#N/A,#N/A,#N/A,#N/A,#N/A,#N/A
Luftseilbahn,{D499A802-5E59-4A7B-912D-46C819623F25},San Carlo-Sevinera,683923,140497,1072,684660,141366,1960,#N/A,#N/A,#N/A,#N/A,#N/A,#N/A,#N/A,#N/A,#N/A,#N/A,#N/A,#N/A,#N/A
Skilift,{F953BB9A-6581-49F0-B3B9-3AC7C4C18E7A},Sandiger Boden,640554,109883,2406,641227,110463,2549,#N/A,#N/A,#N/A,#N/A,#N/A,#N/A,#N/A,#N/A,#N/A,#N/A,#N/A,#N/A,#N/A
Luftseilbahn,{AD6597C1-C476-45D9-AB6F-9AA58002AD67},Säntis,742224,235648,1362,744080,234904,2485,#N/A,#N/A,#N/A,#N/A,#N/A,#N/A,#N/A,#N/A,#N/A,#N/A,#N/A,#N/A,#N/A
Luftseilbahn,{52DD9A06-C914-42C0-9977-F7F45283370E},Sassalto-Corte di Sotto,694223,113638,509,694663,112812,776,#N/A,#N/A,#N/A,#N/A,#N/A,#N/A,#N/A,#N/A,#N/A,#N/A,#N/A,#N/A,#N/A
Skilift,{300F64D5-07E7-4685-97B2-34804C1E176C},Sattelgrat,706947,220537,1182,706957,220201,1226,#N/A,#N/A,#N/A,#N/A,#N/A,#N/A,#N/A,#N/A,#N/A,#N/A,#N/A,#N/A,#N/A
Luftseilbahn,{7C2F1ABC-749F-4226-B148-9D6298674CA3},Saxlirank-Schönhalden,745096,215928,646,743727,214163,1489,#N/A,#N/A,#N/A,#N/A,#N/A,#N/A,#N/A,#N/A,#N/A,#N/A,#N/A,#N/A,#N/A
Skilift,{BCEC68F6-4754-4A02-B4DA-B16432B85768},Schafmatt,638655,252577,748,638940,252253,880,#N/A,#N/A,#N/A,#N/A,#N/A,#N/A,#N/A,#N/A,#N/A,#N/A,#N/A,#N/A,#N/A
Skilift,{8853D8EF-F66E-4070-8A17-60F53F78468A},Schanze Gibswil,711863,241188,768,711973,241206,809,#N/A,#N/A,#N/A,#N/A,#N/A,#N/A,#N/A,#N/A,#N/A,#N/A,#N/A,#N/A,#N/A
Luftseilbahn,{CD4089F2-0FD6-48EA-B377-E3BAD4B831BC},Schattdorf-Haldi,692797,191189,487,693903,191094,1087,#N/A,#N/A,#N/A,#N/A,#N/A,#N/A,#N/A,#N/A,#N/A,#N/A,#N/A,#N/A,#N/A
Skilift,{028A0240-62F9-4136-BD82-C990A74EC79B},Schauenburg,600178,231617,1078,600257,231880,1154,#N/A,#N/A,#N/A,#N/A,#N/A,#N/A,#N/A,#N/A,#N/A,#N/A,#N/A,#N/A,#N/A
Skilift,{7F1B2E38-A568-4E5D-A087-E62A438F0F0E},Schindelberg l,618260,188098,925,618245,187362,1060,#N/A,#N/A,#N/A,#N/A,#N/A,#N/A,#N/A,#N/A,#N/A,#N/A,#N/A,#N/A,#N/A
Skilift,{A6A18C45-B7D0-417E-8BC0-751AE240438E},Schindelberg lI,618265,188111,923,618179,187141,1091,#N/A,#N/A,#N/A,#N/A,#N/A,#N/A,#N/A,#N/A,#N/A,#N/A,#N/A,#N/A,#N/A
Luftseilbahn,{0299EB03-4327-46FB-A659-B7420B616C7C},Schlegelgraben-Grüebli,637948,205260,1091,637565,205239,1303,#N/A,#N/A,#N/A,#N/A,#N/A,#N/A,#N/A,#N/A,#N/A,#N/A,#N/A,#N/A,#N/A
Skilift,{4582EE09-A586-4924-B2F5-FFCB095D924B},Schnabelsberg,698608,222064,950,698444,221811,1017,#N/A,#N/A,#N/A,#N/A,#N/A,#N/A,#N/A,#N/A,#N/A,#N/A,#N/A,#N/A,#N/A
Luftseilbahn,{55DA5776-1147-4046-A832-3A99D9E29023},Schrannen-Wasserschloss,695004,191912,769,695217,191995,927,#N/A,#N/A,#N/A,#N/A,#N/A,#N/A,#N/A,#N/A,#N/A,#N/A,#N/A,#N/A,#N/A
Skilift,{73AAC010-3432-4A5C-822E-D78F6851BE6B},Schwägalp,742084,235535,1328,742481,235348,1419,#N/A,#N/A,#N/A,#N/A,#N/A,#N/A,#N/A,#N/A,#N/A,#N/A,#N/A,#N/A,#N/A
Skilift,{25531854-7A17-438D-A074-22271C222E0A},Schwängimatt,617866,237979,1000,617806,237557,1113,#N/A,#N/A,#N/A,#N/A,#N/A,#N/A,#N/A,#N/A,#N/A,#N/A,#N/A,#N/A,#N/A
Luftseilbahn,{4DFFB4CD-5DB4-41C6-99F5-0BFAE5E36F56},Schwendi-Oberlänggrat,642965,205467,1036,641703,205636,1154,#N/A,#N/A,#N/A,#N/A,#N/A,#N/A,#N/A,#N/A,#N/A,#N/A,#N/A,#N/A,#N/A
Skilift,{AE14DC7C-1480-4661-86B0-415AEDA0CFF1},Scuola di Sci,733251,146773,1935,733049,146816,1962,#N/A,#N/A,#N/A,#N/A,#N/A,#N/A,#N/A,#N/A,#N/A,#N/A,#N/A,#N/A,#N/A
Luftseilbahn,{FCA38142-D037-43AE-B939-E6ECEEFD3BED},Sedrun-Tgom,701358,170357,1368,701780,169199,1923,#N/A,#N/A,#N/A,#N/A,#N/A,#N/A,#N/A,#N/A,#N/A,#N/A,#N/A,#N/A,#N/A
Luftseilbahn,{4BC9E47D-9A25-4ED2-A059-E79D4F115DC4},Selma-Landarenca,729384,131304,919,728791,131067,1281,#N/A,#N/A,#N/A,#N/A,#N/A,#N/A,#N/A,#N/A,#N/A,#N/A,#N/A,#N/A,#N/A
Luftseilbahn,{00EDF2AF-F587-474F-872F-51295F8039FB},Sidelhornbahn,668484,158164,1960,668364,157273,2218,#N/A,#N/A,#N/A,#N/A,#N/A,#N/A,#N/A,#N/A,#N/A,#N/A,#N/A,#N/A,#N/A
Luftseilbahn,{6ADB0D9F-E176-452F-9A1A-C449F232A230},Silenen–Chilcherberge,694294,182937,557,695123,183296,1162,#N/A,#N/A,#N/A,#N/A,#N/A,#N/A,#N/A,#N/A,#N/A,#N/A,#N/A,#N/A,#N/A
Luftseilbahn,{90661EA5-D47F-4590-8BAB-82708B661EFB},Sobrio-Matro,712260,140002,1123,714238,140935,2166,#N/A,#N/A,#N/A,#N/A,#N/A,#N/A,#N/A,#N/A,#N/A,#N/A,#N/A,#N/A,#N/A
Luftseilbahn,{A73A5B33-2885-4258-A13C-13BF814043CF},Sommerloch-Grimselnollen,668696,158611,1789,668452,158195,1958,#N/A,#N/A,#N/A,#N/A,#N/A,#N/A,#N/A,#N/A,#N/A,#N/A,#N/A,#N/A,#N/A
Skilift,{47D9331B-8967-4698-82C0-3DA1883BFCE1},Sontg Antoni,768253,171625,1145,768550,171558,1205,#N/A,#N/A,#N/A,#N/A,#N/A,#N/A,#N/A,#N/A,#N/A,#N/A,#N/A,#N/A,#N/A
Skilift,{C4C50D05-5BC7-4EB2-AE25-516C554F01AF},Sous le Mont,583168,229619,856,583311,229373,921,#N/A,#N/A,#N/A,#N/A,#N/A,#N/A,#N/A,#N/A,#N/A,#N/A,#N/A,#N/A,#N/A
Luftseilbahn,{F3BCDA40-A49F-439B-A310-A517F482EE0A},Spiringen-Chipfen,698770,192010,969,699040,192442,1195,#N/A,#N/A,#N/A,#N/A,#N/A,#N/A,#N/A,#N/A,#N/A,#N/A,#N/A,#N/A,#N/A
Luftseilbahn,{8DAAE37E-A7DD-45D6-8618-261C626E614B},Spiringen-Ratzi,698471,192075,953,698579,193510,1518,#N/A,#N/A,#N/A,#N/A,#N/A,#N/A,#N/A,#N/A,#N/A,#N/A,#N/A,#N/A,#N/A
Luftseilbahn,{AF89197E-0491-4F98-80C6-1AFE16AB686E},Spiringen-Sulzbach,698237,191882,834,698142,191571,1031,#N/A,#N/A,#N/A,#N/A,#N/A,#N/A,#N/A,#N/A,#N/A,#N/A,#N/A,#N/A,#N/A
Luftseilbahn,{E3DA9F15-4EF3-4617-A17A-A643D602B84B},Spis-Sinsgäu,675833,193088,1191,677339,193357,1644,#N/A,#N/A,#N/A,#N/A,#N/A,#N/A,#N/A,#N/A,#N/A,#N/A,#N/A,#N/A,#N/A
Skilift,{43533A72-E7DE-4F9D-AF9B-90194D1801DA},Spittelmatte,616106,144537,1857,615535,144557,1972,#N/A,#N/A,#N/A,#N/A,#N/A,#N/A,#N/A,#N/A,#N/A,#N/A,#N/A,#N/A,#N/A
Luftseilbahn,{DA1A5CE5-72F1-4AE5-99B9-0F1823881A54},St. Jakob-Gitschenen,682586,195076,982,680899,194892,1540,#N/A,#N/A,#N/A,#N/A,#N/A,#N/A,#N/A,#N/A,#N/A,#N/A,#N/A,#N/A,#N/A
Luftseilbahn,{F6602283-74CE-4142-A25E-142B267085A8},St. Niklaus-Jungen,628108,114157,1141,627938,116066,1982,#N/A,#N/A,#N/A,#N/A,#N/A,#N/A,#N/A,#N/A,#N/A,#N/A,#N/A,#N/A,#N/A
Luftseilbahn,{A0D11FBC-610C-4785-9746-84794302DFFA},St. Niklaus-Sparren,627924,113867,1145,627415,114784,1874,#N/A,#N/A,#N/A,#N/A,#N/A,#N/A,#N/A,#N/A,#N/A,#N/A,#N/A,#N/A,#N/A
Luftseilbahn,{C99820B0-D6E6-4227-837D-B66C6DD19BC1},Stäfeli-Äbnetalp,680451,183618,1363,680300,184072,1668,#N/A,#N/A,#N/A,#N/A,#N/A,#N/A,#N/A,#N/A,#N/A,#N/A,#N/A,#N/A,#N/A
Luftseilbahn,{CC5CAE4B-CB12-4A6D-AE47-8B497A591486},Stalden-Staldenried,633348,120130,804,634425,119854,1159,#N/A,#N/A,#N/A,#N/A,#N/A,#N/A,#N/A,#N/A,#N/A,#N/A,#N/A,#N/A,#N/A
Luftseilbahn,{6AF4A6C3-011F-4AC9-8054-0A2BFFFF97FB},Stalden-Undrist Stafel,676709,184363,1062,677275,184782,1511,#N/A,#N/A,#N/A,#N/A,#N/A,#N/A,#N/A,#N/A,#N/A,#N/A,#N/A,#N/A,#N/A
Luftseilbahn,{1A7A8EB5-36E4-4FC4-B150-6650B00CBCCC},Staldenried-Gspon,634415,119850,1159,635758,119409,1895,#N/A,#N/A,#N/A,#N/A,#N/A,#N/A,#N/A,#N/A,#N/A,#N/A,#N/A,#N/A,#N/A
Luftseilbahn,{D2A83244-4036-41A0-85C1-E2456E16A222},Starkenbach-Alp Selun,737329,227442,912,737209,225965,1581,#N/A,#N/A,#N/A,#N/A,#N/A,#N/A,#N/A,#N/A,#N/A,#N/A,#N/A,#N/A,#N/A
Luftseilbahn,{BA883DC0-E815-45FF-BA5B-8B4081D8EECE},Stechelberg-Gimmelwald,635513,156087,873,634892,155186,1370,#N/A,#N/A,#N/A,#N/A,#N/A,#N/A,#N/A,#N/A,#N/A,#N/A,#N/A,#N/A,#N/A
Luftseilbahn,{452EC565-0A6D-4E84-ADB4-9F0CD64407B8},Stechelberg-Mürren,635534,156109,867,634724,156401,1648,#N/A,#N/A,#N/A,#N/A,#N/A,#N/A,#N/A,#N/A,#N/A,#N/A,#N/A,#N/A,#N/A
Skilift,{E30262F3-C27D-400A-85A5-E7F9F96493C9},Sternenberg,711254,249403,838,711474,249284,885,#N/A,#N/A,#N/A,#N/A,#N/A,#N/A,#N/A,#N/A,#N/A,#N/A,#N/A,#N/A,#N/A
Skilift,{93C10424-EBE4-48FC-9416-A31C5C897EFD},Sur Cresta,771186,140213,1479,771408,140713,1612,#N/A,#N/A,#N/A,#N/A,#N/A,#N/A,#N/A,#N/A,#N/A,#N/A,#N/A,#N/A,#N/A
Luftseilbahn,{5D10B8C3-243A-4383-9A3A-D26445A25461},Tällibahn,668742,176060,1176,667976,176909,1720,#N/A,#N/A,#N/A,#N/A,#N/A,#N/A,#N/A,#N/A,#N/A,#N/A,#N/A,#N/A,#N/A
Luftseilbahn,{CC4D0086-E875-4AE0-A1F3-3995B180C97D},Tellsplatte-Unteraxen,689509,198670,514,689874,198284,828,#N/A,#N/A,#N/A,#N/A,#N/A,#N/A,#N/A,#N/A,#N/A,#N/A,#N/A,#N/A,#N/A
Skilift,{BB8CF037-DF51-4224-A07F-AB7FA689D520},Tenna,745365,179551,1661,744936,179652,1795,#N/A,#N/A,#N/A,#N/A,#N/A,#N/A,#N/A,#N/A,#N/A,#N/A,#N/A,#N/A,#N/A
Sesselbahn,{BA163855-BAD0-40EA-9CBE-3E459278BF70},Tête de Balme,562376,99160,1645,563121,97823,2257,#N/A,#N/A,#N/A,#N/A,#N/A,#N/A,#N/A,#N/A,#N/A,#N/A,#N/A,#N/A,#N/A
Luftseilbahn,{FC5DB650-AAA7-4FEA-A6F1-92268508A732},Tgom-Nalps,701737,168162,1803,701657,166253,1956,#N/A,#N/A,#N/A,#N/A,#N/A,#N/A,#N/A,#N/A,#N/A,#N/A,#N/A,#N/A,#N/A
Skilift,{A496C7EF-429A-4395-BF89-FC274F5B06C8},Thorbach-Blasenegg,643626,191687,930,643038,191139,1227,#N/A,#N/A,#N/A,#N/A,#N/A,#N/A,#N/A,#N/A,#N/A,#N/A,#N/A,#N/A,#N/A
Luftseilbahn,{70134567-E202-4C0F-A6B6-EB71CFBE4422},Tierfehd-Kalktrittli,717657,193143,813,718653,191983,1865,#N/A,#N/A,#N/A,#N/A,#N/A,#N/A,#N/A,#N/A,#N/A,#N/A,#N/A,#N/A,#N/A
Luftseilbahn,{B22C48DE-AE02-4F40-9E52-7EA1FEF5B8D5},Tierfehd-Kalktrittli2,717581,193162,826,718651,191949,1879,#N/A,#N/A,#N/A,#N/A,#N/A,#N/A,#N/A,#N/A,#N/A,#N/A,#N/A,#N/A,#N/A
Skilift,{743712DB-903B-495D-81B5-307FD6B38AF9},Tre Omen,732940,146888,1959,730857,146573,2522,#N/A,#N/A,#N/A,#N/A,#N/A,#N/A,#N/A,#N/A,#N/A,#N/A,#N/A,#N/A,#N/A
Luftseilbahn,{676EB910-8446-49E0-A889-D2D51D5B6E6C},Triftbahn,667271,174806,1025,668626,172959,1394,#N/A,#N/A,#N/A,#N/A,#N/A,#N/A,#N/A,#N/A,#N/A,#N/A,#N/A,#N/A,#N/A
Skilift,{D3081C3E-4073-43AB-8AC6-78BFA1CBF6FC},Tristeli,757421,205398,1194,756903,204781,1464,#N/A,#N/A,#N/A,#N/A,#N/A,#N/A,#N/A,#N/A,#N/A,#N/A,#N/A,#N/A,#N/A
Skilift,{711B258A-BBEE-45AA-A03E-E0BCD1D12ACE},Trogen-Breitenebnet,752959,251782,954,753068,251203,1092,#N/A,#N/A,#N/A,#N/A,#N/A,#N/A,#N/A,#N/A,#N/A,#N/A,#N/A,#N/A,#N/A
Luftseilbahn,{A65E9075-E6E2-4138-A1FD-1B177AC6816F},Tschinglenbahn,733046,197738,1047,733677,196434,1525,#N/A,#N/A,#N/A,#N/A,#N/A,#N/A,#N/A,#N/A,#N/A,#N/A,#N/A,#N/A,#N/A
Luftseilbahn,{7845E675-F1E2-44AB-AF69-675B5CDEDA8D},Turtmann-Unterems-Oberems,620248,127502,640,619790,125757,1333,#N/A,#N/A,#N/A,#N/A,#N/A,#N/A,#N/A,#N/A,#N/A,#N/A,#N/A,#N/A,#N/A
Luftseilbahn,{1DCE3EF8-31A5-4625-A7B3-7C8F3D1338DB},Twärrüti-Buggialp,690472,199826,924,690821,198957,1378,#N/A,#N/A,#N/A,#N/A,#N/A,#N/A,#N/A,#N/A,#N/A,#N/A,#N/A,#N/A,#N/A
Skilift,{3EB36787-091C-42B0-91B9-938B2BF6BC01},Übungslift Steg,712899,244838,713,712887,244718,743,#N/A,#N/A,#N/A,#N/A,#N/A,#N/A,#N/A,#N/A,#N/A,#N/A,#N/A,#N/A,#N/A
Skilift,{62EA7DE4-EF72-45E7-8EFC-3B92852FAB13},Übungslift Unterbäch,627936,125911,1235,627883,125709,1273,#N/A,#N/A,#N/A,#N/A,#N/A,#N/A,#N/A,#N/A,#N/A,#N/A,#N/A,#N/A,#N/A
Luftseilbahn,{BFB3FFFB-6D24-484C-BD6D-6D5427842384},Ulrichen-Kraftwerk Aegina,667540,150608,1363,670097,147843,2481,#N/A,#N/A,#N/A,#N/A,#N/A,#N/A,#N/A,#N/A,#N/A,#N/A,#N/A,#N/A,#N/A
Luftseilbahn,{8AA5155A-E8D7-4836-A22D-C4A4D78D4671},Unter dem Birg-Engstligenalp,609818,145324,1404,609720,144242,1970,#N/A,#N/A,#N/A,#N/A,#N/A,#N/A,#N/A,#N/A,#N/A,#N/A,#N/A,#N/A,#N/A
Luftseilbahn,{05E97DA0-6F87-4016-92C3-85748929B03A},Unter dem Birg-Engstligenalp,609842,145304,1406,609733,144242,1967,#N/A,#N/A,#N/A,#N/A,#N/A,#N/A,#N/A,#N/A,#N/A,#N/A,#N/A,#N/A,#N/A
Skilift,{3A373339-A581-4391-A3BD-3094D41A036A},Untergrenchenberg,595646,230494,1244,596014,230273,1367,#N/A,#N/A,#N/A,#N/A,#N/A,#N/A,#N/A,#N/A,#N/A,#N/A,#N/A,#N/A,#N/A
Gondelbahn,{BFA9988A-284C-488A-9787-A50D7145CAAC},Unterterzen–Oberterzen,737845,219630,437,738028,218512,669,#N/A,#N/A,#N/A,#N/A,#N/A,#N/A,#N/A,#N/A,#N/A,#N/A,#N/A,#N/A,#N/A
Luftseilbahn,{81B742BA-57F0-453C-A3BF-9033274BB0C5},Urnerboden-Fisetengrat,711617,194024,1382,713786,193755,2012,#N/A,#N/A,#N/A,#N/A,#N/A,#N/A,#N/A,#N/A,#N/A,#N/A,#N/A,#N/A,#N/A
Skilift,{B002B25A-1418-4CEB-9CAD-17AE1E5A118C},Urnerstaffel-Nätschboden,676416,191505,1664,676405,191968,1798,#N/A,#N/A,#N/A,#N/A,#N/A,#N/A,#N/A,#N/A,#N/A,#N/A,#N/A,#N/A,#N/A
Luftseilbahn,{C742528B-DFC2-4945-97EE-9A6D5B7EEC9A},Verdasio-Monte di Comino,693371,113475,553,693236,114523,1158,#N/A,#N/A,#N/A,#N/A,#N/A,#N/A,#N/A,#N/A,#N/A,#N/A,#N/A,#N/A,#N/A
Luftseilbahn,{05020869-7884-4579-88F4-0507B76944C9},Verdasio-Rasa,693463,113363,532,693935,112415,893,#N/A,#N/A,#N/A,#N/A,#N/A,#N/A,#N/A,#N/A,#N/A,#N/A,#N/A,#N/A,#N/A
Sesselbahn,{D2D303F4-87D9-4456-A14A-495E7235A690},Visperterminen-Giw,635908,123093,1384,637328,122803,1963,#N/A,#N/A,#N/A,#N/A,#N/A,#N/A,#N/A,#N/A,#N/A,#N/A,#N/A,#N/A,#N/A
Luftseilbahn,{2075BF43-E886-4F9B-B999-C5CE128C7442},Vitznau–Hinterbergen,679789,206904,490,680711,207503,1067,#N/A,#N/A,#N/A,#N/A,#N/A,#N/A,#N/A,#N/A,#N/A,#N/A,#N/A,#N/A,#N/A
Luftseilbahn,{8CA32B37-EA37-4A06-AD77-7F3FDF2FCF42},Vitznau–Wissifluh,679844,206908,499,680437,206360,952,#N/A,#N/A,#N/A,#N/A,#N/A,#N/A,#N/A,#N/A,#N/A,#N/A,#N/A,#N/A,#N/A
Skilift,{AE17E2C5-4C0A-4138-9A3E-8CB98E67BB52},Vögelinsegg,750635,253561,946,750402,253240,1031,#N/A,#N/A,#N/A,#N/A,#N/A,#N/A,#N/A,#N/A,#N/A,#N/A,#N/A,#N/A,#N/A
Luftseilbahn,{2F656360-C1F4-4517-8D13-915F3A28CD7C},Vogorno–Bardughè,708812,120886,486,710442,121855,1659,#N/A,#N/A,#N/A,#N/A,#N/A,#N/A,#N/A,#N/A,#N/A,#N/A,#N/A,#N/A,#N/A
Luftseilbahn,{E8EC2ECB-121A-4811-B6C6-CACD94A211E9},Vordere Bärchi-Obere Bärchi,687328,197051,891,687032,197314,1076,#N/A,#N/A,#N/A,#N/A,#N/A,#N/A,#N/A,#N/A,#N/A,#N/A,#N/A,#N/A,#N/A
Luftseilbahn,{BCAB9E48-59C7-4F20-8B6D-CDBB2CCDC04B},Vordere Lerch-Hintere Lerch,770506,195853,1755,769727,194920,1972,#N/A,#N/A,#N/A,#N/A,#N/A,#N/A,#N/A,#N/A,#N/A,#N/A,#N/A,#N/A,#N/A
Luftseilbahn,{3359CC90-BFD3-4FDD-998B-2E684470BB5B},Vouvry-Chavalon,557405,132171,414,556947,132816,800,#N/A,#N/A,#N/A,#N/A,#N/A,#N/A,#N/A,#N/A,#N/A,#N/A,#N/A,#N/A,#N/A
Skilift,{0AB26255-5359-4C45-96D6-9CB8A7DF84DE},Wägital,710381,220270,734,709106,219709,1126,#N/A,#N/A,#N/A,#N/A,#N/A,#N/A,#N/A,#N/A,#N/A,#N/A,#N/A,#N/A,#N/A
Luftseilbahn,{FF3408BB-1BAF-4EFC-8D90-54946D6682FA},Waldi-Kalthütten,681515,201062,774,681261,200187,1226,#N/A,#N/A,#N/A,#N/A,#N/A,#N/A,#N/A,#N/A,#N/A,#N/A,#N/A,#N/A,#N/A
Luftseilbahn,{CFF0BA27-D5E8-4F71-9B11-5A3FC239CC24},Waldnacht-Brüsti,688863,188358,1406,689112,188630,1530,#N/A,#N/A,#N/A,#N/A,#N/A,#N/A,#N/A,#N/A,#N/A,#N/A,#N/A,#N/A,#N/A
Skilift,{D978A0A2-8F69-4ED1-B23D-3B4F48691012},Walterswil,626427,218153,682,626336,217777,780,#N/A,#N/A,#N/A,#N/A,#N/A,#N/A,#N/A,#N/A,#N/A,#N/A,#N/A,#N/A,#N/A
Luftseilbahn,{999EFD57-8E99-43D9-B177-4BA7F7D298F1},Weggis-Rigi Kaltbad,676174,209713,507,677875,210703,1440,#N/A,#N/A,#N/A,#N/A,#N/A,#N/A,#N/A,#N/A,#N/A,#N/A,#N/A,#N/A,#N/A
Sesselbahn,{F93FA968-5B3F-48DF-AA88-DB5E42E47BC5},Weissenboden-Oberalp,697160,195224,1639,696616,195948,1944,#N/A,#N/A,#N/A,#N/A,#N/A,#N/A,#N/A,#N/A,#N/A,#N/A,#N/A,#N/A,#N/A
Gondelbahn,{B82C080B-6BBA-470A-AC77-C842B8E81A3B},Weissenstein,604107,231629,665,605269,233443,1284,#N/A,#N/A,#N/A,#N/A,#N/A,#N/A,#N/A,#N/A,#N/A,#N/A,#N/A,#N/A,#N/A
Luftseilbahn,{44C747DF-A00C-4F1D-AC53-9BC6CE36A84E},Wiesenberg-Unter Schwändli,670555,197393,995,670664,196562,1096,#N/A,#N/A,#N/A,#N/A,#N/A,#N/A,#N/A,#N/A,#N/A,#N/A,#N/A,#N/A,#N/A
Luftseilbahn,{3D53E2A1-485B-4185-AA3D-D46108211C4B},Wiggen,684110,168286,1295,683994,167519,1688,#N/A,#N/A,#N/A,#N/A,#N/A,#N/A,#N/A,#N/A,#N/A,#N/A,#N/A,#N/A,#N/A
Gondelbahn,{411A0239-3D30-4697-AF8E-6397620CBD52},Wildhaus-Gamplüt,745325,230283,1091,744307,230876,1355,#N/A,#N/A,#N/A,#N/A,#N/A,#N/A,#N/A,#N/A,#N/A,#N/A,#N/A,#N/A,#N/A
Skilift,{6C92EDE4-329F-4D63-B46A-67ECC26EDBB3},Wilere-Binn,657143,134774,1434,657379,134535,1555,#N/A,#N/A,#N/A,#N/A,#N/A,#N/A,#N/A,#N/A,#N/A,#N/A,#N/A,#N/A,#N/A
Luftseilbahn,{70B9389F-FE45-4C44-91F7-82D9C41BFE2F},Wissig-Furggelen,684901,196314,837,685238,196879,1214,#N/A,#N/A,#N/A,#N/A,#N/A,#N/A,#N/A,#N/A,#N/A,#N/A,#N/A,#N/A,#N/A
Luftseilbahn,{5F5F97E5-1802-41C5-AB38-D7969BCCD814},Witerschwanden-Acherberg,697089,192495,765,696721,193388,1135,#N/A,#N/A,#N/A,#N/A,#N/A,#N/A,#N/A,#N/A,#N/A,#N/A,#N/A,#N/A,#N/A
Luftseilbahn,{F42BE2C6-CA9B-4259-A9B3-1F1183928AB3},Witterschwanden-Eggenbergli,697358,192329,777,696123,191670,1356,#N/A,#N/A,#N/A,#N/A,#N/A,#N/A,#N/A,#N/A,#N/A,#N/A,#N/A,#N/A,#N/A
Luftseilbahn,{133E5AF2-6FBD-470E-94E3-E48BF1A0FF4F},Wolfenschiessen-Brändlen,673304,195820,544,673832,195166,1185,#N/A,#N/A,#N/A,#N/A,#N/A,#N/A,#N/A,#N/A,#N/A,#N/A,#N/A,#N/A,#N/A
Luftseilbahn,{DBC84810-C8C9-4FE6-A3FE-DA5152F77CAA},Wolfenschiessen-Grunggis,672994,196412,506,673824,196713,937,#N/A,#N/A,#N/A,#N/A,#N/A,#N/A,#N/A,#N/A,#N/A,#N/A,#N/A,#N/A,#N/A
Luftseilbahn,{D3D20238-CA12-4512-ADC1-CBB13251F2C1},Wolfenschiessen-Walibalm,672960,195978,511,673794,195898,972,#N/A,#N/A,#N/A,#N/A,#N/A,#N/A,#N/A,#N/A,#N/A,#N/A,#N/A,#N/A,#N/A
Luftseilbahn,{FC4DFC3B-B8A6-477D-8123-755204740CB9},Wolfenschiessen-Wissiflue,672821,195941,512,672077,196066,1016,#N/A,#N/A,#N/A,#N/A,#N/A,#N/A,#N/A,#N/A,#N/A,#N/A,#N/A,#N/A,#N/A
Skilift,{ADF4C344-898B-4DFA-B26F-CFD589424750},Wydenspitz,626808,209516,864,626940,209148,961,#N/A,#N/A,#N/A,#N/A,#N/A,#N/A,#N/A,#N/A,#N/A,#N/A,#N/A,#N/A,#N/A
Luftseilbahn,{0B707DD7-0F70-4D66-B2F3-75FE24F0B08B},Zott-Alpe Salei,687104,120840,976,687003,119561,1773,#N/A,#N/A,#N/A,#N/A,#N/A,#N/A,#N/A,#N/A,#N/A,#N/A,#N/A,#N/A,#N/A
Luftseilbahn,{5F08B6E8-F9C3-4348-ADEA-A910D7232018},Zum Tann- Schweiba,636387,113639,1313,635830,113892,1684,#N/A,#N/A,#N/A,#N/A,#N/A,#N/A,#N/A,#N/A,#N/A,#N/A,#N/A,#N/A,#N/A
Skilift,{09657CBA-02DD-44AB-8B8C-2CCBB63CC290},Zwerg,609863,149683,1339,609666,149751,1382,#N/A,#N/A,#N/A,#N/A,#N/A,#N/A,#N/A,#N/A,#N/A,#N/A,#N/A,#N/A,#N/A